[    6561ms] [INFO] %cDownload the React DevTools for a better development experience: https://reactjs.org/link/react-devtools font-weight:bold @ webpack-internal:///(app-pages-browser)/./node_modules/next/dist/compiled/react-dom/cjs/react-dom.development.js:38559
[    6621ms] [WARNING] Clerk: Clerk has been loaded with development keys. Development instances have strict usage limits and should not be used when deploying your application to production. Learn more: https://clerk.com/docs/deployments/overview @ https://healthy-snipe-46.clerk.accounts.dev/npm/@clerk/clerk-js@5/dist/clerk.browser.js:18
[    6669ms] [ERROR] Warning: React Element cannot be passed to Server Functions from the Client.%s 
  {publishableKey: ..., secretKey: ..., claimUrl: ..., apiKeysUrl: ..., children: </>, returnUrl: ...}
                                                                                  ^^^ @ webpack-internal:///(app-pages-browser)/./node_modules/next/dist/client/app-index.js:32
[    6669ms] [ERROR] Warning: React Lazy cannot be passed to Server Functions from the Client.%s 
  </> @ webpack-internal:///(app-pages-browser)/./node_modules/next/dist/client/app-index.js:32
[    6669ms] [ERROR] Warning: React Element cannot be passed to Server Functions from the Client.%s 
  {publishableKey: ..., secretKey: ..., claimUrl: ..., apiKeysUrl: ..., children: </>, returnUrl: ...}
                                                                                  ^^^ @ webpack-internal:///(app-pages-browser)/./node_modules/next/dist/client/app-index.js:32
[    6670ms] [ERROR] Warning: React Lazy cannot be passed to Server Functions from the Client.%s 
  </> @ webpack-internal:///(app-pages-browser)/./node_modules/next/dist/client/app-index.js:32
[    6673ms] Error: Client Functions cannot be passed directly to Server Functions. Only Functions passed from the Server can be passed back again.
    at Object.resolveToJSON (webpack-internal:///(app-pages-browser)/./node_modules/next/dist/compiled/react-server-dom-webpack/cjs/react-server-dom-webpack-client.browser.development.js:1039:13)
    at JSON.stringify (<anonymous>)
    at eval (webpack-internal:///(app-pages-browser)/./node_modules/next/dist/compiled/react-server-dom-webpack/cjs/react-server-dom-webpack-client.browser.development.js:889:31)
    at Chunk.then (webpack-internal:///(app-pages-browser)/./node_modules/next/dist/compiled/react-server-dom-webpack/cjs/react-server-dom-webpack-client.browser.development.js:1141:7)
    at Object.resolveToJSON (webpack-internal:///(app-pages-browser)/./node_modules/next/dist/compiled/react-server-dom-webpack/cjs/react-server-dom-webpack-client.browser.development.js:888:18)
    at JSON.stringify (<anonymous>)
    at processReply (webpack-internal:///(app-pages-browser)/./node_modules/next/dist/compiled/react-server-dom-webpack/cjs/react-server-dom-webpack-client.browser.development.js:1062:19)
    at eval (webpack-internal:///(app-pages-browser)/./node_modules/next/dist/compiled/react-server-dom-webpack/cjs/react-server-dom-webpack-client.browser.development.js:2184:5)
    at new Promise (<anonymous>)
    at encodeReply (webpack-internal:///(app-pages-browser)/./node_modules/next/dist/compiled/react-server-dom-webpack/cjs/react-server-dom-webpack-client.browser.development.js:2183:10)
    at fetchServerAction (webpack-internal:///(app-pages-browser)/./node_modules/next/dist/client/components/router-reducer/reducers/server-action-reducer.js:31:24)
    at serverActionReducer (webpack-internal:///(app-pages-browser)/./node_modules/next/dist/client/components/router-reducer/reducers/server-action-reducer.js:101:36)
    at clientReducer (webpack-internal:///(app-pages-browser)/./node_modules/next/dist/client/components/router-reducer/router-reducer.js:49:69)
    at Object.action (webpack-internal:///(app-pages-browser)/./node_modules/next/dist/shared/lib/router/action-queue.js:150:55)
    at runAction (webpack-internal:///(app-pages-browser)/./node_modules/next/dist/shared/lib/router/action-queue.js:56:38)
    at runRemainingActions (webpack-internal:///(app-pages-browser)/./node_modules/next/dist/shared/lib/router/action-queue.js:30:13)
    at handleResult (webpack-internal:///(app-pages-browser)/./node_modules/next/dist/shared/lib/router/action-queue.js:66:9)
[    6673ms] Error: Client Functions cannot be passed directly to Server Functions. Only Functions passed from the Server can be passed back again.
    at Object.resolveToJSON (webpack-internal:///(app-pages-browser)/./node_modules/next/dist/compiled/react-server-dom-webpack/cjs/react-server-dom-webpack-client.browser.development.js:1039:13)
    at JSON.stringify (<anonymous>)
    at eval (webpack-internal:///(app-pages-browser)/./node_modules/next/dist/compiled/react-server-dom-webpack/cjs/react-server-dom-webpack-client.browser.development.js:889:31)
    at Chunk.then (webpack-internal:///(app-pages-browser)/./node_modules/next/dist/compiled/react-server-dom-webpack/cjs/react-server-dom-webpack-client.browser.development.js:1141:7)
    at Object.resolveToJSON (webpack-internal:///(app-pages-browser)/./node_modules/next/dist/compiled/react-server-dom-webpack/cjs/react-server-dom-webpack-client.browser.development.js:888:18)
    at JSON.stringify (<anonymous>)
    at processReply (webpack-internal:///(app-pages-browser)/./node_modules/next/dist/compiled/react-server-dom-webpack/cjs/react-server-dom-webpack-client.browser.development.js:1062:19)
    at eval (webpack-internal:///(app-pages-browser)/./node_modules/next/dist/compiled/react-server-dom-webpack/cjs/react-server-dom-webpack-client.browser.development.js:2184:5)
    at new Promise (<anonymous>)
    at encodeReply (webpack-internal:///(app-pages-browser)/./node_modules/next/dist/compiled/react-server-dom-webpack/cjs/react-server-dom-webpack-client.browser.development.js:2183:10)
    at fetchServerAction (webpack-internal:///(app-pages-browser)/./node_modules/next/dist/client/components/router-reducer/reducers/server-action-reducer.js:31:24)
    at serverActionReducer (webpack-internal:///(app-pages-browser)/./node_modules/next/dist/client/components/router-reducer/reducers/server-action-reducer.js:101:36)
    at clientReducer (webpack-internal:///(app-pages-browser)/./node_modules/next/dist/client/components/router-reducer/router-reducer.js:49:69)
    at Object.action (webpack-internal:///(app-pages-browser)/./node_modules/next/dist/shared/lib/router/action-queue.js:150:55)
    at runAction (webpack-internal:///(app-pages-browser)/./node_modules/next/dist/shared/lib/router/action-queue.js:56:38)
    at runRemainingActions (webpack-internal:///(app-pages-browser)/./node_modules/next/dist/shared/lib/router/action-queue.js:30:13)
    at handleResult (webpack-internal:///(app-pages-browser)/./node_modules/next/dist/shared/lib/router/action-queue.js:66:9)
[    6813ms] [INFO] 🔒 Clerk:
The <SignIn/> component cannot render when a user is already signed in, unless the application allows multiple sessions. Since a user is signed in and this application only allows a single session, Clerk is redirecting to the `afterSignIn` URL instead.
(This notice only appears in development) @ https://healthy-snipe-46.clerk.accounts.dev/npm/@clerk/clerk-js@5.127.1/dist/ui-common_clerk.browser_9854dd_5.127.1.js:4
[    6862ms] [INFO] 🔒 Clerk:
The <SignIn/> component cannot render when a user is already signed in, unless the application allows multiple sessions. Since a user is signed in and this application only allows a single session, Clerk is redirecting to the `afterSignIn` URL instead.
(This notice only appears in development) @ https://healthy-snipe-46.clerk.accounts.dev/npm/@clerk/clerk-js@5.127.1/dist/ui-common_clerk.browser_9854dd_5.127.1.js:4
[    6874ms] [INFO] 🔒 Clerk:
The <SignIn/> component cannot render when a user is already signed in, unless the application allows multiple sessions. Since a user is signed in and this application only allows a single session, Clerk is redirecting to the `afterSignIn` URL instead.
(This notice only appears in development) @ https://healthy-snipe-46.clerk.accounts.dev/npm/@clerk/clerk-js@5.127.1/dist/ui-common_clerk.browser_9854dd_5.127.1.js:4
[    6887ms] [INFO] 🔒 Clerk:
The <SignIn/> component cannot render when a user is already signed in, unless the application allows multiple sessions. Since a user is signed in and this application only allows a single session, Clerk is redirecting to the `afterSignIn` URL instead.
(This notice only appears in development) @ https://healthy-snipe-46.clerk.accounts.dev/npm/@clerk/clerk-js@5.127.1/dist/ui-common_clerk.browser_9854dd_5.127.1.js:4
[    6899ms] [INFO] 🔒 Clerk:
The <SignIn/> component cannot render when a user is already signed in, unless the application allows multiple sessions. Since a user is signed in and this application only allows a single session, Clerk is redirecting to the `afterSignIn` URL instead.
(This notice only appears in development) @ https://healthy-snipe-46.clerk.accounts.dev/npm/@clerk/clerk-js@5.127.1/dist/ui-common_clerk.browser_9854dd_5.127.1.js:4
[    6912ms] [INFO] 🔒 Clerk:
The <SignIn/> component cannot render when a user is already signed in, unless the application allows multiple sessions. Since a user is signed in and this application only allows a single session, Clerk is redirecting to the `afterSignIn` URL instead.
(This notice only appears in development) @ https://healthy-snipe-46.clerk.accounts.dev/npm/@clerk/clerk-js@5.127.1/dist/ui-common_clerk.browser_9854dd_5.127.1.js:4
[    6919ms] [INFO] 🔒 Clerk:
The <SignIn/> component cannot render when a user is already signed in, unless the application allows multiple sessions. Since a user is signed in and this application only allows a single session, Clerk is redirecting to the `afterSignIn` URL instead.
(This notice only appears in development) @ https://healthy-snipe-46.clerk.accounts.dev/npm/@clerk/clerk-js@5.127.1/dist/ui-common_clerk.browser_9854dd_5.127.1.js:4
[    6935ms] [INFO] 🔒 Clerk:
The <SignIn/> component cannot render when a user is already signed in, unless the application allows multiple sessions. Since a user is signed in and this application only allows a single session, Clerk is redirecting to the `afterSignIn` URL instead.
(This notice only appears in development) @ https://healthy-snipe-46.clerk.accounts.dev/npm/@clerk/clerk-js@5.127.1/dist/ui-common_clerk.browser_9854dd_5.127.1.js:4
[    6948ms] [INFO] 🔒 Clerk:
The <SignIn/> component cannot render when a user is already signed in, unless the application allows multiple sessions. Since a user is signed in and this application only allows a single session, Clerk is redirecting to the `afterSignIn` URL instead.
(This notice only appears in development) @ https://healthy-snipe-46.clerk.accounts.dev/npm/@clerk/clerk-js@5.127.1/dist/ui-common_clerk.browser_9854dd_5.127.1.js:4
[    6958ms] [INFO] 🔒 Clerk:
The <SignIn/> component cannot render when a user is already signed in, unless the application allows multiple sessions. Since a user is signed in and this application only allows a single session, Clerk is redirecting to the `afterSignIn` URL instead.
(This notice only appears in development) @ https://healthy-snipe-46.clerk.accounts.dev/npm/@clerk/clerk-js@5.127.1/dist/ui-common_clerk.browser_9854dd_5.127.1.js:4
[    6968ms] [INFO] 🔒 Clerk:
The <SignIn/> component cannot render when a user is already signed in, unless the application allows multiple sessions. Since a user is signed in and this application only allows a single session, Clerk is redirecting to the `afterSignIn` URL instead.
(This notice only appears in development) @ https://healthy-snipe-46.clerk.accounts.dev/npm/@clerk/clerk-js@5.127.1/dist/ui-common_clerk.browser_9854dd_5.127.1.js:4
[    6981ms] [INFO] 🔒 Clerk:
The <SignIn/> component cannot render when a user is already signed in, unless the application allows multiple sessions. Since a user is signed in and this application only allows a single session, Clerk is redirecting to the `afterSignIn` URL instead.
(This notice only appears in development) @ https://healthy-snipe-46.clerk.accounts.dev/npm/@clerk/clerk-js@5.127.1/dist/ui-common_clerk.browser_9854dd_5.127.1.js:4
[    6992ms] [INFO] 🔒 Clerk:
The <SignIn/> component cannot render when a user is already signed in, unless the application allows multiple sessions. Since a user is signed in and this application only allows a single session, Clerk is redirecting to the `afterSignIn` URL instead.
(This notice only appears in development) @ https://healthy-snipe-46.clerk.accounts.dev/npm/@clerk/clerk-js@5.127.1/dist/ui-common_clerk.browser_9854dd_5.127.1.js:4
[    7001ms] [INFO] 🔒 Clerk:
The <SignIn/> component cannot render when a user is already signed in, unless the application allows multiple sessions. Since a user is signed in and this application only allows a single session, Clerk is redirecting to the `afterSignIn` URL instead.
(This notice only appears in development) @ https://healthy-snipe-46.clerk.accounts.dev/npm/@clerk/clerk-js@5.127.1/dist/ui-common_clerk.browser_9854dd_5.127.1.js:4
[    7011ms] [INFO] 🔒 Clerk:
The <SignIn/> component cannot render when a user is already signed in, unless the application allows multiple sessions. Since a user is signed in and this application only allows a single session, Clerk is redirecting to the `afterSignIn` URL instead.
(This notice only appears in development) @ https://healthy-snipe-46.clerk.accounts.dev/npm/@clerk/clerk-js@5.127.1/dist/ui-common_clerk.browser_9854dd_5.127.1.js:4
[    7021ms] [INFO] 🔒 Clerk:
The <SignIn/> component cannot render when a user is already signed in, unless the application allows multiple sessions. Since a user is signed in and this application only allows a single session, Clerk is redirecting to the `afterSignIn` URL instead.
(This notice only appears in development) @ https://healthy-snipe-46.clerk.accounts.dev/npm/@clerk/clerk-js@5.127.1/dist/ui-common_clerk.browser_9854dd_5.127.1.js:4
[    7033ms] [INFO] 🔒 Clerk:
The <SignIn/> component cannot render when a user is already signed in, unless the application allows multiple sessions. Since a user is signed in and this application only allows a single session, Clerk is redirecting to the `afterSignIn` URL instead.
(This notice only appears in development) @ https://healthy-snipe-46.clerk.accounts.dev/npm/@clerk/clerk-js@5.127.1/dist/ui-common_clerk.browser_9854dd_5.127.1.js:4
[    7044ms] [INFO] 🔒 Clerk:
The <SignIn/> component cannot render when a user is already signed in, unless the application allows multiple sessions. Since a user is signed in and this application only allows a single session, Clerk is redirecting to the `afterSignIn` URL instead.
(This notice only appears in development) @ https://healthy-snipe-46.clerk.accounts.dev/npm/@clerk/clerk-js@5.127.1/dist/ui-common_clerk.browser_9854dd_5.127.1.js:4
[    7052ms] [INFO] 🔒 Clerk:
The <SignIn/> component cannot render when a user is already signed in, unless the application allows multiple sessions. Since a user is signed in and this application only allows a single session, Clerk is redirecting to the `afterSignIn` URL instead.
(This notice only appears in development) @ https://healthy-snipe-46.clerk.accounts.dev/npm/@clerk/clerk-js@5.127.1/dist/ui-common_clerk.browser_9854dd_5.127.1.js:4
[    7062ms] [INFO] 🔒 Clerk:
The <SignIn/> component cannot render when a user is already signed in, unless the application allows multiple sessions. Since a user is signed in and this application only allows a single session, Clerk is redirecting to the `afterSignIn` URL instead.
(This notice only appears in development) @ https://healthy-snipe-46.clerk.accounts.dev/npm/@clerk/clerk-js@5.127.1/dist/ui-common_clerk.browser_9854dd_5.127.1.js:4
[    7070ms] [INFO] 🔒 Clerk:
The <SignIn/> component cannot render when a user is already signed in, unless the application allows multiple sessions. Since a user is signed in and this application only allows a single session, Clerk is redirecting to the `afterSignIn` URL instead.
(This notice only appears in development) @ https://healthy-snipe-46.clerk.accounts.dev/npm/@clerk/clerk-js@5.127.1/dist/ui-common_clerk.browser_9854dd_5.127.1.js:4
[    7078ms] [INFO] 🔒 Clerk:
The <SignIn/> component cannot render when a user is already signed in, unless the application allows multiple sessions. Since a user is signed in and this application only allows a single session, Clerk is redirecting to the `afterSignIn` URL instead.
(This notice only appears in development) @ https://healthy-snipe-46.clerk.accounts.dev/npm/@clerk/clerk-js@5.127.1/dist/ui-common_clerk.browser_9854dd_5.127.1.js:4
[    7088ms] [INFO] 🔒 Clerk:
The <SignIn/> component cannot render when a user is already signed in, unless the application allows multiple sessions. Since a user is signed in and this application only allows a single session, Clerk is redirecting to the `afterSignIn` URL instead.
(This notice only appears in development) @ https://healthy-snipe-46.clerk.accounts.dev/npm/@clerk/clerk-js@5.127.1/dist/ui-common_clerk.browser_9854dd_5.127.1.js:4
[    7095ms] [INFO] 🔒 Clerk:
The <SignIn/> component cannot render when a user is already signed in, unless the application allows multiple sessions. Since a user is signed in and this application only allows a single session, Clerk is redirecting to the `afterSignIn` URL instead.
(This notice only appears in development) @ https://healthy-snipe-46.clerk.accounts.dev/npm/@clerk/clerk-js@5.127.1/dist/ui-common_clerk.browser_9854dd_5.127.1.js:4
[    7103ms] [INFO] 🔒 Clerk:
The <SignIn/> component cannot render when a user is already signed in, unless the application allows multiple sessions. Since a user is signed in and this application only allows a single session, Clerk is redirecting to the `afterSignIn` URL instead.
(This notice only appears in development) @ https://healthy-snipe-46.clerk.accounts.dev/npm/@clerk/clerk-js@5.127.1/dist/ui-common_clerk.browser_9854dd_5.127.1.js:4
[    7114ms] [INFO] 🔒 Clerk:
The <SignIn/> component cannot render when a user is already signed in, unless the application allows multiple sessions. Since a user is signed in and this application only allows a single session, Clerk is redirecting to the `afterSignIn` URL instead.
(This notice only appears in development) @ https://healthy-snipe-46.clerk.accounts.dev/npm/@clerk/clerk-js@5.127.1/dist/ui-common_clerk.browser_9854dd_5.127.1.js:4
[    7125ms] [INFO] 🔒 Clerk:
The <SignIn/> component cannot render when a user is already signed in, unless the application allows multiple sessions. Since a user is signed in and this application only allows a single session, Clerk is redirecting to the `afterSignIn` URL instead.
(This notice only appears in development) @ https://healthy-snipe-46.clerk.accounts.dev/npm/@clerk/clerk-js@5.127.1/dist/ui-common_clerk.browser_9854dd_5.127.1.js:4
[    7132ms] [INFO] 🔒 Clerk:
The <SignIn/> component cannot render when a user is already signed in, unless the application allows multiple sessions. Since a user is signed in and this application only allows a single session, Clerk is redirecting to the `afterSignIn` URL instead.
(This notice only appears in development) @ https://healthy-snipe-46.clerk.accounts.dev/npm/@clerk/clerk-js@5.127.1/dist/ui-common_clerk.browser_9854dd_5.127.1.js:4
[    7141ms] [INFO] 🔒 Clerk:
The <SignIn/> component cannot render when a user is already signed in, unless the application allows multiple sessions. Since a user is signed in and this application only allows a single session, Clerk is redirecting to the `afterSignIn` URL instead.
(This notice only appears in development) @ https://healthy-snipe-46.clerk.accounts.dev/npm/@clerk/clerk-js@5.127.1/dist/ui-common_clerk.browser_9854dd_5.127.1.js:4
[    7150ms] [INFO] 🔒 Clerk:
The <SignIn/> component cannot render when a user is already signed in, unless the application allows multiple sessions. Since a user is signed in and this application only allows a single session, Clerk is redirecting to the `afterSignIn` URL instead.
(This notice only appears in development) @ https://healthy-snipe-46.clerk.accounts.dev/npm/@clerk/clerk-js@5.127.1/dist/ui-common_clerk.browser_9854dd_5.127.1.js:4
[    7160ms] [INFO] 🔒 Clerk:
The <SignIn/> component cannot render when a user is already signed in, unless the application allows multiple sessions. Since a user is signed in and this application only allows a single session, Clerk is redirecting to the `afterSignIn` URL instead.
(This notice only appears in development) @ https://healthy-snipe-46.clerk.accounts.dev/npm/@clerk/clerk-js@5.127.1/dist/ui-common_clerk.browser_9854dd_5.127.1.js:4
[    7168ms] [INFO] 🔒 Clerk:
The <SignIn/> component cannot render when a user is already signed in, unless the application allows multiple sessions. Since a user is signed in and this application only allows a single session, Clerk is redirecting to the `afterSignIn` URL instead.
(This notice only appears in development) @ https://healthy-snipe-46.clerk.accounts.dev/npm/@clerk/clerk-js@5.127.1/dist/ui-common_clerk.browser_9854dd_5.127.1.js:4
[    7178ms] [INFO] 🔒 Clerk:
The <SignIn/> component cannot render when a user is already signed in, unless the application allows multiple sessions. Since a user is signed in and this application only allows a single session, Clerk is redirecting to the `afterSignIn` URL instead.
(This notice only appears in development) @ https://healthy-snipe-46.clerk.accounts.dev/npm/@clerk/clerk-js@5.127.1/dist/ui-common_clerk.browser_9854dd_5.127.1.js:4
[    7184ms] [INFO] 🔒 Clerk:
The <SignIn/> component cannot render when a user is already signed in, unless the application allows multiple sessions. Since a user is signed in and this application only allows a single session, Clerk is redirecting to the `afterSignIn` URL instead.
(This notice only appears in development) @ https://healthy-snipe-46.clerk.accounts.dev/npm/@clerk/clerk-js@5.127.1/dist/ui-common_clerk.browser_9854dd_5.127.1.js:4
[    7194ms] [INFO] 🔒 Clerk:
The <SignIn/> component cannot render when a user is already signed in, unless the application allows multiple sessions. Since a user is signed in and this application only allows a single session, Clerk is redirecting to the `afterSignIn` URL instead.
(This notice only appears in development) @ https://healthy-snipe-46.clerk.accounts.dev/npm/@clerk/clerk-js@5.127.1/dist/ui-common_clerk.browser_9854dd_5.127.1.js:4
[    7204ms] [INFO] 🔒 Clerk:
The <SignIn/> component cannot render when a user is already signed in, unless the application allows multiple sessions. Since a user is signed in and this application only allows a single session, Clerk is redirecting to the `afterSignIn` URL instead.
(This notice only appears in development) @ https://healthy-snipe-46.clerk.accounts.dev/npm/@clerk/clerk-js@5.127.1/dist/ui-common_clerk.browser_9854dd_5.127.1.js:4
[    7227ms] [INFO] 🔒 Clerk:
The <SignIn/> component cannot render when a user is already signed in, unless the application allows multiple sessions. Since a user is signed in and this application only allows a single session, Clerk is redirecting to the `afterSignIn` URL instead.
(This notice only appears in development) @ https://healthy-snipe-46.clerk.accounts.dev/npm/@clerk/clerk-js@5.127.1/dist/ui-common_clerk.browser_9854dd_5.127.1.js:4
[    7240ms] [INFO] 🔒 Clerk:
The <SignIn/> component cannot render when a user is already signed in, unless the application allows multiple sessions. Since a user is signed in and this application only allows a single session, Clerk is redirecting to the `afterSignIn` URL instead.
(This notice only appears in development) @ https://healthy-snipe-46.clerk.accounts.dev/npm/@clerk/clerk-js@5.127.1/dist/ui-common_clerk.browser_9854dd_5.127.1.js:4
[    7252ms] [INFO] 🔒 Clerk:
The <SignIn/> component cannot render when a user is already signed in, unless the application allows multiple sessions. Since a user is signed in and this application only allows a single session, Clerk is redirecting to the `afterSignIn` URL instead.
(This notice only appears in development) @ https://healthy-snipe-46.clerk.accounts.dev/npm/@clerk/clerk-js@5.127.1/dist/ui-common_clerk.browser_9854dd_5.127.1.js:4
[    7266ms] [INFO] 🔒 Clerk:
The <SignIn/> component cannot render when a user is already signed in, unless the application allows multiple sessions. Since a user is signed in and this application only allows a single session, Clerk is redirecting to the `afterSignIn` URL instead.
(This notice only appears in development) @ https://healthy-snipe-46.clerk.accounts.dev/npm/@clerk/clerk-js@5.127.1/dist/ui-common_clerk.browser_9854dd_5.127.1.js:4
[    7278ms] [INFO] 🔒 Clerk:
The <SignIn/> component cannot render when a user is already signed in, unless the application allows multiple sessions. Since a user is signed in and this application only allows a single session, Clerk is redirecting to the `afterSignIn` URL instead.
(This notice only appears in development) @ https://healthy-snipe-46.clerk.accounts.dev/npm/@clerk/clerk-js@5.127.1/dist/ui-common_clerk.browser_9854dd_5.127.1.js:4
[    7289ms] [INFO] 🔒 Clerk:
The <SignIn/> component cannot render when a user is already signed in, unless the application allows multiple sessions. Since a user is signed in and this application only allows a single session, Clerk is redirecting to the `afterSignIn` URL instead.
(This notice only appears in development) @ https://healthy-snipe-46.clerk.accounts.dev/npm/@clerk/clerk-js@5.127.1/dist/ui-common_clerk.browser_9854dd_5.127.1.js:4
[    7301ms] [INFO] 🔒 Clerk:
The <SignIn/> component cannot render when a user is already signed in, unless the application allows multiple sessions. Since a user is signed in and this application only allows a single session, Clerk is redirecting to the `afterSignIn` URL instead.
(This notice only appears in development) @ https://healthy-snipe-46.clerk.accounts.dev/npm/@clerk/clerk-js@5.127.1/dist/ui-common_clerk.browser_9854dd_5.127.1.js:4
[    7311ms] [INFO] 🔒 Clerk:
The <SignIn/> component cannot render when a user is already signed in, unless the application allows multiple sessions. Since a user is signed in and this application only allows a single session, Clerk is redirecting to the `afterSignIn` URL instead.
(This notice only appears in development) @ https://healthy-snipe-46.clerk.accounts.dev/npm/@clerk/clerk-js@5.127.1/dist/ui-common_clerk.browser_9854dd_5.127.1.js:4
[    7319ms] [INFO] 🔒 Clerk:
The <SignIn/> component cannot render when a user is already signed in, unless the application allows multiple sessions. Since a user is signed in and this application only allows a single session, Clerk is redirecting to the `afterSignIn` URL instead.
(This notice only appears in development) @ https://healthy-snipe-46.clerk.accounts.dev/npm/@clerk/clerk-js@5.127.1/dist/ui-common_clerk.browser_9854dd_5.127.1.js:4
[    7326ms] [INFO] 🔒 Clerk:
The <SignIn/> component cannot render when a user is already signed in, unless the application allows multiple sessions. Since a user is signed in and this application only allows a single session, Clerk is redirecting to the `afterSignIn` URL instead.
(This notice only appears in development) @ https://healthy-snipe-46.clerk.accounts.dev/npm/@clerk/clerk-js@5.127.1/dist/ui-common_clerk.browser_9854dd_5.127.1.js:4
[    7336ms] [INFO] 🔒 Clerk:
The <SignIn/> component cannot render when a user is already signed in, unless the application allows multiple sessions. Since a user is signed in and this application only allows a single session, Clerk is redirecting to the `afterSignIn` URL instead.
(This notice only appears in development) @ https://healthy-snipe-46.clerk.accounts.dev/npm/@clerk/clerk-js@5.127.1/dist/ui-common_clerk.browser_9854dd_5.127.1.js:4
[    7344ms] [INFO] 🔒 Clerk:
The <SignIn/> component cannot render when a user is already signed in, unless the application allows multiple sessions. Since a user is signed in and this application only allows a single session, Clerk is redirecting to the `afterSignIn` URL instead.
(This notice only appears in development) @ https://healthy-snipe-46.clerk.accounts.dev/npm/@clerk/clerk-js@5.127.1/dist/ui-common_clerk.browser_9854dd_5.127.1.js:4
[    7352ms] [INFO] 🔒 Clerk:
The <SignIn/> component cannot render when a user is already signed in, unless the application allows multiple sessions. Since a user is signed in and this application only allows a single session, Clerk is redirecting to the `afterSignIn` URL instead.
(This notice only appears in development) @ https://healthy-snipe-46.clerk.accounts.dev/npm/@clerk/clerk-js@5.127.1/dist/ui-common_clerk.browser_9854dd_5.127.1.js:4
[    7362ms] [INFO] 🔒 Clerk:
The <SignIn/> component cannot render when a user is already signed in, unless the application allows multiple sessions. Since a user is signed in and this application only allows a single session, Clerk is redirecting to the `afterSignIn` URL instead.
(This notice only appears in development) @ https://healthy-snipe-46.clerk.accounts.dev/npm/@clerk/clerk-js@5.127.1/dist/ui-common_clerk.browser_9854dd_5.127.1.js:4
[    7370ms] [INFO] 🔒 Clerk:
The <SignIn/> component cannot render when a user is already signed in, unless the application allows multiple sessions. Since a user is signed in and this application only allows a single session, Clerk is redirecting to the `afterSignIn` URL instead.
(This notice only appears in development) @ https://healthy-snipe-46.clerk.accounts.dev/npm/@clerk/clerk-js@5.127.1/dist/ui-common_clerk.browser_9854dd_5.127.1.js:4
[    7380ms] [INFO] 🔒 Clerk:
The <SignIn/> component cannot render when a user is already signed in, unless the application allows multiple sessions. Since a user is signed in and this application only allows a single session, Clerk is redirecting to the `afterSignIn` URL instead.
(This notice only appears in development) @ https://healthy-snipe-46.clerk.accounts.dev/npm/@clerk/clerk-js@5.127.1/dist/ui-common_clerk.browser_9854dd_5.127.1.js:4
[    7389ms] [INFO] 🔒 Clerk:
The <SignIn/> component cannot render when a user is already signed in, unless the application allows multiple sessions. Since a user is signed in and this application only allows a single session, Clerk is redirecting to the `afterSignIn` URL instead.
(This notice only appears in development) @ https://healthy-snipe-46.clerk.accounts.dev/npm/@clerk/clerk-js@5.127.1/dist/ui-common_clerk.browser_9854dd_5.127.1.js:4
[    7396ms] [INFO] 🔒 Clerk:
The <SignIn/> component cannot render when a user is already signed in, unless the application allows multiple sessions. Since a user is signed in and this application only allows a single session, Clerk is redirecting to the `afterSignIn` URL instead.
(This notice only appears in development) @ https://healthy-snipe-46.clerk.accounts.dev/npm/@clerk/clerk-js@5.127.1/dist/ui-common_clerk.browser_9854dd_5.127.1.js:4
[    7405ms] [INFO] 🔒 Clerk:
The <SignIn/> component cannot render when a user is already signed in, unless the application allows multiple sessions. Since a user is signed in and this application only allows a single session, Clerk is redirecting to the `afterSignIn` URL instead.
(This notice only appears in development) @ https://healthy-snipe-46.clerk.accounts.dev/npm/@clerk/clerk-js@5.127.1/dist/ui-common_clerk.browser_9854dd_5.127.1.js:4
[    7413ms] [INFO] 🔒 Clerk:
The <SignIn/> component cannot render when a user is already signed in, unless the application allows multiple sessions. Since a user is signed in and this application only allows a single session, Clerk is redirecting to the `afterSignIn` URL instead.
(This notice only appears in development) @ https://healthy-snipe-46.clerk.accounts.dev/npm/@clerk/clerk-js@5.127.1/dist/ui-common_clerk.browser_9854dd_5.127.1.js:4
[    7422ms] [INFO] 🔒 Clerk:
The <SignIn/> component cannot render when a user is already signed in, unless the application allows multiple sessions. Since a user is signed in and this application only allows a single session, Clerk is redirecting to the `afterSignIn` URL instead.
(This notice only appears in development) @ https://healthy-snipe-46.clerk.accounts.dev/npm/@clerk/clerk-js@5.127.1/dist/ui-common_clerk.browser_9854dd_5.127.1.js:4
[    7432ms] [INFO] 🔒 Clerk:
The <SignIn/> component cannot render when a user is already signed in, unless the application allows multiple sessions. Since a user is signed in and this application only allows a single session, Clerk is redirecting to the `afterSignIn` URL instead.
(This notice only appears in development) @ https://healthy-snipe-46.clerk.accounts.dev/npm/@clerk/clerk-js@5.127.1/dist/ui-common_clerk.browser_9854dd_5.127.1.js:4
[    7441ms] [INFO] 🔒 Clerk:
The <SignIn/> component cannot render when a user is already signed in, unless the application allows multiple sessions. Since a user is signed in and this application only allows a single session, Clerk is redirecting to the `afterSignIn` URL instead.
(This notice only appears in development) @ https://healthy-snipe-46.clerk.accounts.dev/npm/@clerk/clerk-js@5.127.1/dist/ui-common_clerk.browser_9854dd_5.127.1.js:4
[    7450ms] [INFO] 🔒 Clerk:
The <SignIn/> component cannot render when a user is already signed in, unless the application allows multiple sessions. Since a user is signed in and this application only allows a single session, Clerk is redirecting to the `afterSignIn` URL instead.
(This notice only appears in development) @ https://healthy-snipe-46.clerk.accounts.dev/npm/@clerk/clerk-js@5.127.1/dist/ui-common_clerk.browser_9854dd_5.127.1.js:4
[    7458ms] [INFO] 🔒 Clerk:
The <SignIn/> component cannot render when a user is already signed in, unless the application allows multiple sessions. Since a user is signed in and this application only allows a single session, Clerk is redirecting to the `afterSignIn` URL instead.
(This notice only appears in development) @ https://healthy-snipe-46.clerk.accounts.dev/npm/@clerk/clerk-js@5.127.1/dist/ui-common_clerk.browser_9854dd_5.127.1.js:4
[    7465ms] [INFO] 🔒 Clerk:
The <SignIn/> component cannot render when a user is already signed in, unless the application allows multiple sessions. Since a user is signed in and this application only allows a single session, Clerk is redirecting to the `afterSignIn` URL instead.
(This notice only appears in development) @ https://healthy-snipe-46.clerk.accounts.dev/npm/@clerk/clerk-js@5.127.1/dist/ui-common_clerk.browser_9854dd_5.127.1.js:4
[    7472ms] [INFO] 🔒 Clerk:
The <SignIn/> component cannot render when a user is already signed in, unless the application allows multiple sessions. Since a user is signed in and this application only allows a single session, Clerk is redirecting to the `afterSignIn` URL instead.
(This notice only appears in development) @ https://healthy-snipe-46.clerk.accounts.dev/npm/@clerk/clerk-js@5.127.1/dist/ui-common_clerk.browser_9854dd_5.127.1.js:4
[    7480ms] [INFO] 🔒 Clerk:
The <SignIn/> component cannot render when a user is already signed in, unless the application allows multiple sessions. Since a user is signed in and this application only allows a single session, Clerk is redirecting to the `afterSignIn` URL instead.
(This notice only appears in development) @ https://healthy-snipe-46.clerk.accounts.dev/npm/@clerk/clerk-js@5.127.1/dist/ui-common_clerk.browser_9854dd_5.127.1.js:4
[    7489ms] [INFO] 🔒 Clerk:
The <SignIn/> component cannot render when a user is already signed in, unless the application allows multiple sessions. Since a user is signed in and this application only allows a single session, Clerk is redirecting to the `afterSignIn` URL instead.
(This notice only appears in development) @ https://healthy-snipe-46.clerk.accounts.dev/npm/@clerk/clerk-js@5.127.1/dist/ui-common_clerk.browser_9854dd_5.127.1.js:4
[    7498ms] [INFO] 🔒 Clerk:
The <SignIn/> component cannot render when a user is already signed in, unless the application allows multiple sessions. Since a user is signed in and this application only allows a single session, Clerk is redirecting to the `afterSignIn` URL instead.
(This notice only appears in development) @ https://healthy-snipe-46.clerk.accounts.dev/npm/@clerk/clerk-js@5.127.1/dist/ui-common_clerk.browser_9854dd_5.127.1.js:4
[    7509ms] [INFO] 🔒 Clerk:
The <SignIn/> component cannot render when a user is already signed in, unless the application allows multiple sessions. Since a user is signed in and this application only allows a single session, Clerk is redirecting to the `afterSignIn` URL instead.
(This notice only appears in development) @ https://healthy-snipe-46.clerk.accounts.dev/npm/@clerk/clerk-js@5.127.1/dist/ui-common_clerk.browser_9854dd_5.127.1.js:4
[    7516ms] [INFO] 🔒 Clerk:
The <SignIn/> component cannot render when a user is already signed in, unless the application allows multiple sessions. Since a user is signed in and this application only allows a single session, Clerk is redirecting to the `afterSignIn` URL instead.
(This notice only appears in development) @ https://healthy-snipe-46.clerk.accounts.dev/npm/@clerk/clerk-js@5.127.1/dist/ui-common_clerk.browser_9854dd_5.127.1.js:4
[    7524ms] [INFO] 🔒 Clerk:
The <SignIn/> component cannot render when a user is already signed in, unless the application allows multiple sessions. Since a user is signed in and this application only allows a single session, Clerk is redirecting to the `afterSignIn` URL instead.
(This notice only appears in development) @ https://healthy-snipe-46.clerk.accounts.dev/npm/@clerk/clerk-js@5.127.1/dist/ui-common_clerk.browser_9854dd_5.127.1.js:4
[    7535ms] [INFO] 🔒 Clerk:
The <SignIn/> component cannot render when a user is already signed in, unless the application allows multiple sessions. Since a user is signed in and this application only allows a single session, Clerk is redirecting to the `afterSignIn` URL instead.
(This notice only appears in development) @ https://healthy-snipe-46.clerk.accounts.dev/npm/@clerk/clerk-js@5.127.1/dist/ui-common_clerk.browser_9854dd_5.127.1.js:4
[    7546ms] [INFO] 🔒 Clerk:
The <SignIn/> component cannot render when a user is already signed in, unless the application allows multiple sessions. Since a user is signed in and this application only allows a single session, Clerk is redirecting to the `afterSignIn` URL instead.
(This notice only appears in development) @ https://healthy-snipe-46.clerk.accounts.dev/npm/@clerk/clerk-js@5.127.1/dist/ui-common_clerk.browser_9854dd_5.127.1.js:4
[    7556ms] [INFO] 🔒 Clerk:
The <SignIn/> component cannot render when a user is already signed in, unless the application allows multiple sessions. Since a user is signed in and this application only allows a single session, Clerk is redirecting to the `afterSignIn` URL instead.
(This notice only appears in development) @ https://healthy-snipe-46.clerk.accounts.dev/npm/@clerk/clerk-js@5.127.1/dist/ui-common_clerk.browser_9854dd_5.127.1.js:4
[    7564ms] [INFO] 🔒 Clerk:
The <SignIn/> component cannot render when a user is already signed in, unless the application allows multiple sessions. Since a user is signed in and this application only allows a single session, Clerk is redirecting to the `afterSignIn` URL instead.
(This notice only appears in development) @ https://healthy-snipe-46.clerk.accounts.dev/npm/@clerk/clerk-js@5.127.1/dist/ui-common_clerk.browser_9854dd_5.127.1.js:4
[    7575ms] [INFO] 🔒 Clerk:
The <SignIn/> component cannot render when a user is already signed in, unless the application allows multiple sessions. Since a user is signed in and this application only allows a single session, Clerk is redirecting to the `afterSignIn` URL instead.
(This notice only appears in development) @ https://healthy-snipe-46.clerk.accounts.dev/npm/@clerk/clerk-js@5.127.1/dist/ui-common_clerk.browser_9854dd_5.127.1.js:4
[    7583ms] [INFO] 🔒 Clerk:
The <SignIn/> component cannot render when a user is already signed in, unless the application allows multiple sessions. Since a user is signed in and this application only allows a single session, Clerk is redirecting to the `afterSignIn` URL instead.
(This notice only appears in development) @ https://healthy-snipe-46.clerk.accounts.dev/npm/@clerk/clerk-js@5.127.1/dist/ui-common_clerk.browser_9854dd_5.127.1.js:4
[    7592ms] [INFO] 🔒 Clerk:
The <SignIn/> component cannot render when a user is already signed in, unless the application allows multiple sessions. Since a user is signed in and this application only allows a single session, Clerk is redirecting to the `afterSignIn` URL instead.
(This notice only appears in development) @ https://healthy-snipe-46.clerk.accounts.dev/npm/@clerk/clerk-js@5.127.1/dist/ui-common_clerk.browser_9854dd_5.127.1.js:4
[    7599ms] [INFO] 🔒 Clerk:
The <SignIn/> component cannot render when a user is already signed in, unless the application allows multiple sessions. Since a user is signed in and this application only allows a single session, Clerk is redirecting to the `afterSignIn` URL instead.
(This notice only appears in development) @ https://healthy-snipe-46.clerk.accounts.dev/npm/@clerk/clerk-js@5.127.1/dist/ui-common_clerk.browser_9854dd_5.127.1.js:4
[    7607ms] [INFO] 🔒 Clerk:
The <SignIn/> component cannot render when a user is already signed in, unless the application allows multiple sessions. Since a user is signed in and this application only allows a single session, Clerk is redirecting to the `afterSignIn` URL instead.
(This notice only appears in development) @ https://healthy-snipe-46.clerk.accounts.dev/npm/@clerk/clerk-js@5.127.1/dist/ui-common_clerk.browser_9854dd_5.127.1.js:4
[    7616ms] [INFO] 🔒 Clerk:
The <SignIn/> component cannot render when a user is already signed in, unless the application allows multiple sessions. Since a user is signed in and this application only allows a single session, Clerk is redirecting to the `afterSignIn` URL instead.
(This notice only appears in development) @ https://healthy-snipe-46.clerk.accounts.dev/npm/@clerk/clerk-js@5.127.1/dist/ui-common_clerk.browser_9854dd_5.127.1.js:4
[    7625ms] [INFO] 🔒 Clerk:
The <SignIn/> component cannot render when a user is already signed in, unless the application allows multiple sessions. Since a user is signed in and this application only allows a single session, Clerk is redirecting to the `afterSignIn` URL instead.
(This notice only appears in development) @ https://healthy-snipe-46.clerk.accounts.dev/npm/@clerk/clerk-js@5.127.1/dist/ui-common_clerk.browser_9854dd_5.127.1.js:4
[    7632ms] [INFO] 🔒 Clerk:
The <SignIn/> component cannot render when a user is already signed in, unless the application allows multiple sessions. Since a user is signed in and this application only allows a single session, Clerk is redirecting to the `afterSignIn` URL instead.
(This notice only appears in development) @ https://healthy-snipe-46.clerk.accounts.dev/npm/@clerk/clerk-js@5.127.1/dist/ui-common_clerk.browser_9854dd_5.127.1.js:4
[    7640ms] [INFO] 🔒 Clerk:
The <SignIn/> component cannot render when a user is already signed in, unless the application allows multiple sessions. Since a user is signed in and this application only allows a single session, Clerk is redirecting to the `afterSignIn` URL instead.
(This notice only appears in development) @ https://healthy-snipe-46.clerk.accounts.dev/npm/@clerk/clerk-js@5.127.1/dist/ui-common_clerk.browser_9854dd_5.127.1.js:4
[    7649ms] [INFO] 🔒 Clerk:
The <SignIn/> component cannot render when a user is already signed in, unless the application allows multiple sessions. Since a user is signed in and this application only allows a single session, Clerk is redirecting to the `afterSignIn` URL instead.
(This notice only appears in development) @ https://healthy-snipe-46.clerk.accounts.dev/npm/@clerk/clerk-js@5.127.1/dist/ui-common_clerk.browser_9854dd_5.127.1.js:4
[    7662ms] [INFO] 🔒 Clerk:
The <SignIn/> component cannot render when a user is already signed in, unless the application allows multiple sessions. Since a user is signed in and this application only allows a single session, Clerk is redirecting to the `afterSignIn` URL instead.
(This notice only appears in development) @ https://healthy-snipe-46.clerk.accounts.dev/npm/@clerk/clerk-js@5.127.1/dist/ui-common_clerk.browser_9854dd_5.127.1.js:4
[    7670ms] [INFO] 🔒 Clerk:
The <SignIn/> component cannot render when a user is already signed in, unless the application allows multiple sessions. Since a user is signed in and this application only allows a single session, Clerk is redirecting to the `afterSignIn` URL instead.
(This notice only appears in development) @ https://healthy-snipe-46.clerk.accounts.dev/npm/@clerk/clerk-js@5.127.1/dist/ui-common_clerk.browser_9854dd_5.127.1.js:4
[    7681ms] [INFO] 🔒 Clerk:
The <SignIn/> component cannot render when a user is already signed in, unless the application allows multiple sessions. Since a user is signed in and this application only allows a single session, Clerk is redirecting to the `afterSignIn` URL instead.
(This notice only appears in development) @ https://healthy-snipe-46.clerk.accounts.dev/npm/@clerk/clerk-js@5.127.1/dist/ui-common_clerk.browser_9854dd_5.127.1.js:4
[    7687ms] [INFO] 🔒 Clerk:
The <SignIn/> component cannot render when a user is already signed in, unless the application allows multiple sessions. Since a user is signed in and this application only allows a single session, Clerk is redirecting to the `afterSignIn` URL instead.
(This notice only appears in development) @ https://healthy-snipe-46.clerk.accounts.dev/npm/@clerk/clerk-js@5.127.1/dist/ui-common_clerk.browser_9854dd_5.127.1.js:4
[    7697ms] [INFO] 🔒 Clerk:
The <SignIn/> component cannot render when a user is already signed in, unless the application allows multiple sessions. Since a user is signed in and this application only allows a single session, Clerk is redirecting to the `afterSignIn` URL instead.
(This notice only appears in development) @ https://healthy-snipe-46.clerk.accounts.dev/npm/@clerk/clerk-js@5.127.1/dist/ui-common_clerk.browser_9854dd_5.127.1.js:4
[    7705ms] [INFO] 🔒 Clerk:
The <SignIn/> component cannot render when a user is already signed in, unless the application allows multiple sessions. Since a user is signed in and this application only allows a single session, Clerk is redirecting to the `afterSignIn` URL instead.
(This notice only appears in development) @ https://healthy-snipe-46.clerk.accounts.dev/npm/@clerk/clerk-js@5.127.1/dist/ui-common_clerk.browser_9854dd_5.127.1.js:4
[    7716ms] [INFO] 🔒 Clerk:
The <SignIn/> component cannot render when a user is already signed in, unless the application allows multiple sessions. Since a user is signed in and this application only allows a single session, Clerk is redirecting to the `afterSignIn` URL instead.
(This notice only appears in development) @ https://healthy-snipe-46.clerk.accounts.dev/npm/@clerk/clerk-js@5.127.1/dist/ui-common_clerk.browser_9854dd_5.127.1.js:4
[    7724ms] [INFO] 🔒 Clerk:
The <SignIn/> component cannot render when a user is already signed in, unless the application allows multiple sessions. Since a user is signed in and this application only allows a single session, Clerk is redirecting to the `afterSignIn` URL instead.
(This notice only appears in development) @ https://healthy-snipe-46.clerk.accounts.dev/npm/@clerk/clerk-js@5.127.1/dist/ui-common_clerk.browser_9854dd_5.127.1.js:4
[    7731ms] [INFO] 🔒 Clerk:
The <SignIn/> component cannot render when a user is already signed in, unless the application allows multiple sessions. Since a user is signed in and this application only allows a single session, Clerk is redirecting to the `afterSignIn` URL instead.
(This notice only appears in development) @ https://healthy-snipe-46.clerk.accounts.dev/npm/@clerk/clerk-js@5.127.1/dist/ui-common_clerk.browser_9854dd_5.127.1.js:4
[    7738ms] [INFO] 🔒 Clerk:
The <SignIn/> component cannot render when a user is already signed in, unless the application allows multiple sessions. Since a user is signed in and this application only allows a single session, Clerk is redirecting to the `afterSignIn` URL instead.
(This notice only appears in development) @ https://healthy-snipe-46.clerk.accounts.dev/npm/@clerk/clerk-js@5.127.1/dist/ui-common_clerk.browser_9854dd_5.127.1.js:4
[    7748ms] [INFO] 🔒 Clerk:
The <SignIn/> component cannot render when a user is already signed in, unless the application allows multiple sessions. Since a user is signed in and this application only allows a single session, Clerk is redirecting to the `afterSignIn` URL instead.
(This notice only appears in development) @ https://healthy-snipe-46.clerk.accounts.dev/npm/@clerk/clerk-js@5.127.1/dist/ui-common_clerk.browser_9854dd_5.127.1.js:4
[    7758ms] [INFO] 🔒 Clerk:
The <SignIn/> component cannot render when a user is already signed in, unless the application allows multiple sessions. Since a user is signed in and this application only allows a single session, Clerk is redirecting to the `afterSignIn` URL instead.
(This notice only appears in development) @ https://healthy-snipe-46.clerk.accounts.dev/npm/@clerk/clerk-js@5.127.1/dist/ui-common_clerk.browser_9854dd_5.127.1.js:4
[    7766ms] [INFO] 🔒 Clerk:
The <SignIn/> component cannot render when a user is already signed in, unless the application allows multiple sessions. Since a user is signed in and this application only allows a single session, Clerk is redirecting to the `afterSignIn` URL instead.
(This notice only appears in development) @ https://healthy-snipe-46.clerk.accounts.dev/npm/@clerk/clerk-js@5.127.1/dist/ui-common_clerk.browser_9854dd_5.127.1.js:4
[    7774ms] [INFO] 🔒 Clerk:
The <SignIn/> component cannot render when a user is already signed in, unless the application allows multiple sessions. Since a user is signed in and this application only allows a single session, Clerk is redirecting to the `afterSignIn` URL instead.
(This notice only appears in development) @ https://healthy-snipe-46.clerk.accounts.dev/npm/@clerk/clerk-js@5.127.1/dist/ui-common_clerk.browser_9854dd_5.127.1.js:4
[    7783ms] [INFO] 🔒 Clerk:
The <SignIn/> component cannot render when a user is already signed in, unless the application allows multiple sessions. Since a user is signed in and this application only allows a single session, Clerk is redirecting to the `afterSignIn` URL instead.
(This notice only appears in development) @ https://healthy-snipe-46.clerk.accounts.dev/npm/@clerk/clerk-js@5.127.1/dist/ui-common_clerk.browser_9854dd_5.127.1.js:4
[    7791ms] [INFO] 🔒 Clerk:
The <SignIn/> component cannot render when a user is already signed in, unless the application allows multiple sessions. Since a user is signed in and this application only allows a single session, Clerk is redirecting to the `afterSignIn` URL instead.
(This notice only appears in development) @ https://healthy-snipe-46.clerk.accounts.dev/npm/@clerk/clerk-js@5.127.1/dist/ui-common_clerk.browser_9854dd_5.127.1.js:4
[    7800ms] [INFO] 🔒 Clerk:
The <SignIn/> component cannot render when a user is already signed in, unless the application allows multiple sessions. Since a user is signed in and this application only allows a single session, Clerk is redirecting to the `afterSignIn` URL instead.
(This notice only appears in development) @ https://healthy-snipe-46.clerk.accounts.dev/npm/@clerk/clerk-js@5.127.1/dist/ui-common_clerk.browser_9854dd_5.127.1.js:4
[    7808ms] [INFO] 🔒 Clerk:
The <SignIn/> component cannot render when a user is already signed in, unless the application allows multiple sessions. Since a user is signed in and this application only allows a single session, Clerk is redirecting to the `afterSignIn` URL instead.
(This notice only appears in development) @ https://healthy-snipe-46.clerk.accounts.dev/npm/@clerk/clerk-js@5.127.1/dist/ui-common_clerk.browser_9854dd_5.127.1.js:4
[    7818ms] [INFO] 🔒 Clerk:
The <SignIn/> component cannot render when a user is already signed in, unless the application allows multiple sessions. Since a user is signed in and this application only allows a single session, Clerk is redirecting to the `afterSignIn` URL instead.
(This notice only appears in development) @ https://healthy-snipe-46.clerk.accounts.dev/npm/@clerk/clerk-js@5.127.1/dist/ui-common_clerk.browser_9854dd_5.127.1.js:4
[    7829ms] [INFO] 🔒 Clerk:
The <SignIn/> component cannot render when a user is already signed in, unless the application allows multiple sessions. Since a user is signed in and this application only allows a single session, Clerk is redirecting to the `afterSignIn` URL instead.
(This notice only appears in development) @ https://healthy-snipe-46.clerk.accounts.dev/npm/@clerk/clerk-js@5.127.1/dist/ui-common_clerk.browser_9854dd_5.127.1.js:4
[    7840ms] [INFO] 🔒 Clerk:
The <SignIn/> component cannot render when a user is already signed in, unless the application allows multiple sessions. Since a user is signed in and this application only allows a single session, Clerk is redirecting to the `afterSignIn` URL instead.
(This notice only appears in development) @ https://healthy-snipe-46.clerk.accounts.dev/npm/@clerk/clerk-js@5.127.1/dist/ui-common_clerk.browser_9854dd_5.127.1.js:4
[    7848ms] [INFO] 🔒 Clerk:
The <SignIn/> component cannot render when a user is already signed in, unless the application allows multiple sessions. Since a user is signed in and this application only allows a single session, Clerk is redirecting to the `afterSignIn` URL instead.
(This notice only appears in development) @ https://healthy-snipe-46.clerk.accounts.dev/npm/@clerk/clerk-js@5.127.1/dist/ui-common_clerk.browser_9854dd_5.127.1.js:4
[    7855ms] [INFO] 🔒 Clerk:
The <SignIn/> component cannot render when a user is already signed in, unless the application allows multiple sessions. Since a user is signed in and this application only allows a single session, Clerk is redirecting to the `afterSignIn` URL instead.
(This notice only appears in development) @ https://healthy-snipe-46.clerk.accounts.dev/npm/@clerk/clerk-js@5.127.1/dist/ui-common_clerk.browser_9854dd_5.127.1.js:4
[    7864ms] [INFO] 🔒 Clerk:
The <SignIn/> component cannot render when a user is already signed in, unless the application allows multiple sessions. Since a user is signed in and this application only allows a single session, Clerk is redirecting to the `afterSignIn` URL instead.
(This notice only appears in development) @ https://healthy-snipe-46.clerk.accounts.dev/npm/@clerk/clerk-js@5.127.1/dist/ui-common_clerk.browser_9854dd_5.127.1.js:4
[    7871ms] [INFO] 🔒 Clerk:
The <SignIn/> component cannot render when a user is already signed in, unless the application allows multiple sessions. Since a user is signed in and this application only allows a single session, Clerk is redirecting to the `afterSignIn` URL instead.
(This notice only appears in development) @ https://healthy-snipe-46.clerk.accounts.dev/npm/@clerk/clerk-js@5.127.1/dist/ui-common_clerk.browser_9854dd_5.127.1.js:4
[    7880ms] [INFO] 🔒 Clerk:
The <SignIn/> component cannot render when a user is already signed in, unless the application allows multiple sessions. Since a user is signed in and this application only allows a single session, Clerk is redirecting to the `afterSignIn` URL instead.
(This notice only appears in development) @ https://healthy-snipe-46.clerk.accounts.dev/npm/@clerk/clerk-js@5.127.1/dist/ui-common_clerk.browser_9854dd_5.127.1.js:4
[    7888ms] [INFO] 🔒 Clerk:
The <SignIn/> component cannot render when a user is already signed in, unless the application allows multiple sessions. Since a user is signed in and this application only allows a single session, Clerk is redirecting to the `afterSignIn` URL instead.
(This notice only appears in development) @ https://healthy-snipe-46.clerk.accounts.dev/npm/@clerk/clerk-js@5.127.1/dist/ui-common_clerk.browser_9854dd_5.127.1.js:4
[    7898ms] [INFO] 🔒 Clerk:
The <SignIn/> component cannot render when a user is already signed in, unless the application allows multiple sessions. Since a user is signed in and this application only allows a single session, Clerk is redirecting to the `afterSignIn` URL instead.
(This notice only appears in development) @ https://healthy-snipe-46.clerk.accounts.dev/npm/@clerk/clerk-js@5.127.1/dist/ui-common_clerk.browser_9854dd_5.127.1.js:4
[    7909ms] [INFO] 🔒 Clerk:
The <SignIn/> component cannot render when a user is already signed in, unless the application allows multiple sessions. Since a user is signed in and this application only allows a single session, Clerk is redirecting to the `afterSignIn` URL instead.
(This notice only appears in development) @ https://healthy-snipe-46.clerk.accounts.dev/npm/@clerk/clerk-js@5.127.1/dist/ui-common_clerk.browser_9854dd_5.127.1.js:4
[    7916ms] [INFO] 🔒 Clerk:
The <SignIn/> component cannot render when a user is already signed in, unless the application allows multiple sessions. Since a user is signed in and this application only allows a single session, Clerk is redirecting to the `afterSignIn` URL instead.
(This notice only appears in development) @ https://healthy-snipe-46.clerk.accounts.dev/npm/@clerk/clerk-js@5.127.1/dist/ui-common_clerk.browser_9854dd_5.127.1.js:4
[    7928ms] [INFO] 🔒 Clerk:
The <SignIn/> component cannot render when a user is already signed in, unless the application allows multiple sessions. Since a user is signed in and this application only allows a single session, Clerk is redirecting to the `afterSignIn` URL instead.
(This notice only appears in development) @ https://healthy-snipe-46.clerk.accounts.dev/npm/@clerk/clerk-js@5.127.1/dist/ui-common_clerk.browser_9854dd_5.127.1.js:4
[    7935ms] [INFO] 🔒 Clerk:
The <SignIn/> component cannot render when a user is already signed in, unless the application allows multiple sessions. Since a user is signed in and this application only allows a single session, Clerk is redirecting to the `afterSignIn` URL instead.
(This notice only appears in development) @ https://healthy-snipe-46.clerk.accounts.dev/npm/@clerk/clerk-js@5.127.1/dist/ui-common_clerk.browser_9854dd_5.127.1.js:4
[    7946ms] [INFO] 🔒 Clerk:
The <SignIn/> component cannot render when a user is already signed in, unless the application allows multiple sessions. Since a user is signed in and this application only allows a single session, Clerk is redirecting to the `afterSignIn` URL instead.
(This notice only appears in development) @ https://healthy-snipe-46.clerk.accounts.dev/npm/@clerk/clerk-js@5.127.1/dist/ui-common_clerk.browser_9854dd_5.127.1.js:4
[    7953ms] [INFO] 🔒 Clerk:
The <SignIn/> component cannot render when a user is already signed in, unless the application allows multiple sessions. Since a user is signed in and this application only allows a single session, Clerk is redirecting to the `afterSignIn` URL instead.
(This notice only appears in development) @ https://healthy-snipe-46.clerk.accounts.dev/npm/@clerk/clerk-js@5.127.1/dist/ui-common_clerk.browser_9854dd_5.127.1.js:4
[    7964ms] [INFO] 🔒 Clerk:
The <SignIn/> component cannot render when a user is already signed in, unless the application allows multiple sessions. Since a user is signed in and this application only allows a single session, Clerk is redirecting to the `afterSignIn` URL instead.
(This notice only appears in development) @ https://healthy-snipe-46.clerk.accounts.dev/npm/@clerk/clerk-js@5.127.1/dist/ui-common_clerk.browser_9854dd_5.127.1.js:4
[    7973ms] [INFO] 🔒 Clerk:
The <SignIn/> component cannot render when a user is already signed in, unless the application allows multiple sessions. Since a user is signed in and this application only allows a single session, Clerk is redirecting to the `afterSignIn` URL instead.
(This notice only appears in development) @ https://healthy-snipe-46.clerk.accounts.dev/npm/@clerk/clerk-js@5.127.1/dist/ui-common_clerk.browser_9854dd_5.127.1.js:4
[    7981ms] [INFO] 🔒 Clerk:
The <SignIn/> component cannot render when a user is already signed in, unless the application allows multiple sessions. Since a user is signed in and this application only allows a single session, Clerk is redirecting to the `afterSignIn` URL instead.
(This notice only appears in development) @ https://healthy-snipe-46.clerk.accounts.dev/npm/@clerk/clerk-js@5.127.1/dist/ui-common_clerk.browser_9854dd_5.127.1.js:4
[    7988ms] [INFO] 🔒 Clerk:
The <SignIn/> component cannot render when a user is already signed in, unless the application allows multiple sessions. Since a user is signed in and this application only allows a single session, Clerk is redirecting to the `afterSignIn` URL instead.
(This notice only appears in development) @ https://healthy-snipe-46.clerk.accounts.dev/npm/@clerk/clerk-js@5.127.1/dist/ui-common_clerk.browser_9854dd_5.127.1.js:4
[    7996ms] [INFO] 🔒 Clerk:
The <SignIn/> component cannot render when a user is already signed in, unless the application allows multiple sessions. Since a user is signed in and this application only allows a single session, Clerk is redirecting to the `afterSignIn` URL instead.
(This notice only appears in development) @ https://healthy-snipe-46.clerk.accounts.dev/npm/@clerk/clerk-js@5.127.1/dist/ui-common_clerk.browser_9854dd_5.127.1.js:4
[    8002ms] [INFO] 🔒 Clerk:
The <SignIn/> component cannot render when a user is already signed in, unless the application allows multiple sessions. Since a user is signed in and this application only allows a single session, Clerk is redirecting to the `afterSignIn` URL instead.
(This notice only appears in development) @ https://healthy-snipe-46.clerk.accounts.dev/npm/@clerk/clerk-js@5.127.1/dist/ui-common_clerk.browser_9854dd_5.127.1.js:4
[    8012ms] [INFO] 🔒 Clerk:
The <SignIn/> component cannot render when a user is already signed in, unless the application allows multiple sessions. Since a user is signed in and this application only allows a single session, Clerk is redirecting to the `afterSignIn` URL instead.
(This notice only appears in development) @ https://healthy-snipe-46.clerk.accounts.dev/npm/@clerk/clerk-js@5.127.1/dist/ui-common_clerk.browser_9854dd_5.127.1.js:4
[    8019ms] [INFO] 🔒 Clerk:
The <SignIn/> component cannot render when a user is already signed in, unless the application allows multiple sessions. Since a user is signed in and this application only allows a single session, Clerk is redirecting to the `afterSignIn` URL instead.
(This notice only appears in development) @ https://healthy-snipe-46.clerk.accounts.dev/npm/@clerk/clerk-js@5.127.1/dist/ui-common_clerk.browser_9854dd_5.127.1.js:4
[    8028ms] [INFO] 🔒 Clerk:
The <SignIn/> component cannot render when a user is already signed in, unless the application allows multiple sessions. Since a user is signed in and this application only allows a single session, Clerk is redirecting to the `afterSignIn` URL instead.
(This notice only appears in development) @ https://healthy-snipe-46.clerk.accounts.dev/npm/@clerk/clerk-js@5.127.1/dist/ui-common_clerk.browser_9854dd_5.127.1.js:4
[    8036ms] [INFO] 🔒 Clerk:
The <SignIn/> component cannot render when a user is already signed in, unless the application allows multiple sessions. Since a user is signed in and this application only allows a single session, Clerk is redirecting to the `afterSignIn` URL instead.
(This notice only appears in development) @ https://healthy-snipe-46.clerk.accounts.dev/npm/@clerk/clerk-js@5.127.1/dist/ui-common_clerk.browser_9854dd_5.127.1.js:4
[    8047ms] [INFO] 🔒 Clerk:
The <SignIn/> component cannot render when a user is already signed in, unless the application allows multiple sessions. Since a user is signed in and this application only allows a single session, Clerk is redirecting to the `afterSignIn` URL instead.
(This notice only appears in development) @ https://healthy-snipe-46.clerk.accounts.dev/npm/@clerk/clerk-js@5.127.1/dist/ui-common_clerk.browser_9854dd_5.127.1.js:4
[    8057ms] [INFO] 🔒 Clerk:
The <SignIn/> component cannot render when a user is already signed in, unless the application allows multiple sessions. Since a user is signed in and this application only allows a single session, Clerk is redirecting to the `afterSignIn` URL instead.
(This notice only appears in development) @ https://healthy-snipe-46.clerk.accounts.dev/npm/@clerk/clerk-js@5.127.1/dist/ui-common_clerk.browser_9854dd_5.127.1.js:4
[    8065ms] [INFO] 🔒 Clerk:
The <SignIn/> component cannot render when a user is already signed in, unless the application allows multiple sessions. Since a user is signed in and this application only allows a single session, Clerk is redirecting to the `afterSignIn` URL instead.
(This notice only appears in development) @ https://healthy-snipe-46.clerk.accounts.dev/npm/@clerk/clerk-js@5.127.1/dist/ui-common_clerk.browser_9854dd_5.127.1.js:4
[    8071ms] [INFO] 🔒 Clerk:
The <SignIn/> component cannot render when a user is already signed in, unless the application allows multiple sessions. Since a user is signed in and this application only allows a single session, Clerk is redirecting to the `afterSignIn` URL instead.
(This notice only appears in development) @ https://healthy-snipe-46.clerk.accounts.dev/npm/@clerk/clerk-js@5.127.1/dist/ui-common_clerk.browser_9854dd_5.127.1.js:4
[    8082ms] [INFO] 🔒 Clerk:
The <SignIn/> component cannot render when a user is already signed in, unless the application allows multiple sessions. Since a user is signed in and this application only allows a single session, Clerk is redirecting to the `afterSignIn` URL instead.
(This notice only appears in development) @ https://healthy-snipe-46.clerk.accounts.dev/npm/@clerk/clerk-js@5.127.1/dist/ui-common_clerk.browser_9854dd_5.127.1.js:4
[    8091ms] [INFO] 🔒 Clerk:
The <SignIn/> component cannot render when a user is already signed in, unless the application allows multiple sessions. Since a user is signed in and this application only allows a single session, Clerk is redirecting to the `afterSignIn` URL instead.
(This notice only appears in development) @ https://healthy-snipe-46.clerk.accounts.dev/npm/@clerk/clerk-js@5.127.1/dist/ui-common_clerk.browser_9854dd_5.127.1.js:4
[    8100ms] [INFO] 🔒 Clerk:
The <SignIn/> component cannot render when a user is already signed in, unless the application allows multiple sessions. Since a user is signed in and this application only allows a single session, Clerk is redirecting to the `afterSignIn` URL instead.
(This notice only appears in development) @ https://healthy-snipe-46.clerk.accounts.dev/npm/@clerk/clerk-js@5.127.1/dist/ui-common_clerk.browser_9854dd_5.127.1.js:4
[    8113ms] [INFO] 🔒 Clerk:
The <SignIn/> component cannot render when a user is already signed in, unless the application allows multiple sessions. Since a user is signed in and this application only allows a single session, Clerk is redirecting to the `afterSignIn` URL instead.
(This notice only appears in development) @ https://healthy-snipe-46.clerk.accounts.dev/npm/@clerk/clerk-js@5.127.1/dist/ui-common_clerk.browser_9854dd_5.127.1.js:4
[    8120ms] [INFO] 🔒 Clerk:
The <SignIn/> component cannot render when a user is already signed in, unless the application allows multiple sessions. Since a user is signed in and this application only allows a single session, Clerk is redirecting to the `afterSignIn` URL instead.
(This notice only appears in development) @ https://healthy-snipe-46.clerk.accounts.dev/npm/@clerk/clerk-js@5.127.1/dist/ui-common_clerk.browser_9854dd_5.127.1.js:4
[    8133ms] [INFO] 🔒 Clerk:
The <SignIn/> component cannot render when a user is already signed in, unless the application allows multiple sessions. Since a user is signed in and this application only allows a single session, Clerk is redirecting to the `afterSignIn` URL instead.
(This notice only appears in development) @ https://healthy-snipe-46.clerk.accounts.dev/npm/@clerk/clerk-js@5.127.1/dist/ui-common_clerk.browser_9854dd_5.127.1.js:4
[    8142ms] [INFO] 🔒 Clerk:
The <SignIn/> component cannot render when a user is already signed in, unless the application allows multiple sessions. Since a user is signed in and this application only allows a single session, Clerk is redirecting to the `afterSignIn` URL instead.
(This notice only appears in development) @ https://healthy-snipe-46.clerk.accounts.dev/npm/@clerk/clerk-js@5.127.1/dist/ui-common_clerk.browser_9854dd_5.127.1.js:4
[    8151ms] [INFO] 🔒 Clerk:
The <SignIn/> component cannot render when a user is already signed in, unless the application allows multiple sessions. Since a user is signed in and this application only allows a single session, Clerk is redirecting to the `afterSignIn` URL instead.
(This notice only appears in development) @ https://healthy-snipe-46.clerk.accounts.dev/npm/@clerk/clerk-js@5.127.1/dist/ui-common_clerk.browser_9854dd_5.127.1.js:4
[    8161ms] [INFO] 🔒 Clerk:
The <SignIn/> component cannot render when a user is already signed in, unless the application allows multiple sessions. Since a user is signed in and this application only allows a single session, Clerk is redirecting to the `afterSignIn` URL instead.
(This notice only appears in development) @ https://healthy-snipe-46.clerk.accounts.dev/npm/@clerk/clerk-js@5.127.1/dist/ui-common_clerk.browser_9854dd_5.127.1.js:4
[    8170ms] [INFO] 🔒 Clerk:
The <SignIn/> component cannot render when a user is already signed in, unless the application allows multiple sessions. Since a user is signed in and this application only allows a single session, Clerk is redirecting to the `afterSignIn` URL instead.
(This notice only appears in development) @ https://healthy-snipe-46.clerk.accounts.dev/npm/@clerk/clerk-js@5.127.1/dist/ui-common_clerk.browser_9854dd_5.127.1.js:4
[    8180ms] [INFO] 🔒 Clerk:
The <SignIn/> component cannot render when a user is already signed in, unless the application allows multiple sessions. Since a user is signed in and this application only allows a single session, Clerk is redirecting to the `afterSignIn` URL instead.
(This notice only appears in development) @ https://healthy-snipe-46.clerk.accounts.dev/npm/@clerk/clerk-js@5.127.1/dist/ui-common_clerk.browser_9854dd_5.127.1.js:4
[    8187ms] [INFO] 🔒 Clerk:
The <SignIn/> component cannot render when a user is already signed in, unless the application allows multiple sessions. Since a user is signed in and this application only allows a single session, Clerk is redirecting to the `afterSignIn` URL instead.
(This notice only appears in development) @ https://healthy-snipe-46.clerk.accounts.dev/npm/@clerk/clerk-js@5.127.1/dist/ui-common_clerk.browser_9854dd_5.127.1.js:4
[    8196ms] [INFO] 🔒 Clerk:
The <SignIn/> component cannot render when a user is already signed in, unless the application allows multiple sessions. Since a user is signed in and this application only allows a single session, Clerk is redirecting to the `afterSignIn` URL instead.
(This notice only appears in development) @ https://healthy-snipe-46.clerk.accounts.dev/npm/@clerk/clerk-js@5.127.1/dist/ui-common_clerk.browser_9854dd_5.127.1.js:4
[    8206ms] [INFO] 🔒 Clerk:
The <SignIn/> component cannot render when a user is already signed in, unless the application allows multiple sessions. Since a user is signed in and this application only allows a single session, Clerk is redirecting to the `afterSignIn` URL instead.
(This notice only appears in development) @ https://healthy-snipe-46.clerk.accounts.dev/npm/@clerk/clerk-js@5.127.1/dist/ui-common_clerk.browser_9854dd_5.127.1.js:4
[    8216ms] [INFO] 🔒 Clerk:
The <SignIn/> component cannot render when a user is already signed in, unless the application allows multiple sessions. Since a user is signed in and this application only allows a single session, Clerk is redirecting to the `afterSignIn` URL instead.
(This notice only appears in development) @ https://healthy-snipe-46.clerk.accounts.dev/npm/@clerk/clerk-js@5.127.1/dist/ui-common_clerk.browser_9854dd_5.127.1.js:4
[    8227ms] [INFO] 🔒 Clerk:
The <SignIn/> component cannot render when a user is already signed in, unless the application allows multiple sessions. Since a user is signed in and this application only allows a single session, Clerk is redirecting to the `afterSignIn` URL instead.
(This notice only appears in development) @ https://healthy-snipe-46.clerk.accounts.dev/npm/@clerk/clerk-js@5.127.1/dist/ui-common_clerk.browser_9854dd_5.127.1.js:4
[    8234ms] [INFO] 🔒 Clerk:
The <SignIn/> component cannot render when a user is already signed in, unless the application allows multiple sessions. Since a user is signed in and this application only allows a single session, Clerk is redirecting to the `afterSignIn` URL instead.
(This notice only appears in development) @ https://healthy-snipe-46.clerk.accounts.dev/npm/@clerk/clerk-js@5.127.1/dist/ui-common_clerk.browser_9854dd_5.127.1.js:4
[    8244ms] [INFO] 🔒 Clerk:
The <SignIn/> component cannot render when a user is already signed in, unless the application allows multiple sessions. Since a user is signed in and this application only allows a single session, Clerk is redirecting to the `afterSignIn` URL instead.
(This notice only appears in development) @ https://healthy-snipe-46.clerk.accounts.dev/npm/@clerk/clerk-js@5.127.1/dist/ui-common_clerk.browser_9854dd_5.127.1.js:4
[    8256ms] [INFO] 🔒 Clerk:
The <SignIn/> component cannot render when a user is already signed in, unless the application allows multiple sessions. Since a user is signed in and this application only allows a single session, Clerk is redirecting to the `afterSignIn` URL instead.
(This notice only appears in development) @ https://healthy-snipe-46.clerk.accounts.dev/npm/@clerk/clerk-js@5.127.1/dist/ui-common_clerk.browser_9854dd_5.127.1.js:4
[    8264ms] [INFO] 🔒 Clerk:
The <SignIn/> component cannot render when a user is already signed in, unless the application allows multiple sessions. Since a user is signed in and this application only allows a single session, Clerk is redirecting to the `afterSignIn` URL instead.
(This notice only appears in development) @ https://healthy-snipe-46.clerk.accounts.dev/npm/@clerk/clerk-js@5.127.1/dist/ui-common_clerk.browser_9854dd_5.127.1.js:4
[    8272ms] [INFO] 🔒 Clerk:
The <SignIn/> component cannot render when a user is already signed in, unless the application allows multiple sessions. Since a user is signed in and this application only allows a single session, Clerk is redirecting to the `afterSignIn` URL instead.
(This notice only appears in development) @ https://healthy-snipe-46.clerk.accounts.dev/npm/@clerk/clerk-js@5.127.1/dist/ui-common_clerk.browser_9854dd_5.127.1.js:4
[    8281ms] [INFO] 🔒 Clerk:
The <SignIn/> component cannot render when a user is already signed in, unless the application allows multiple sessions. Since a user is signed in and this application only allows a single session, Clerk is redirecting to the `afterSignIn` URL instead.
(This notice only appears in development) @ https://healthy-snipe-46.clerk.accounts.dev/npm/@clerk/clerk-js@5.127.1/dist/ui-common_clerk.browser_9854dd_5.127.1.js:4
[    8292ms] [INFO] 🔒 Clerk:
The <SignIn/> component cannot render when a user is already signed in, unless the application allows multiple sessions. Since a user is signed in and this application only allows a single session, Clerk is redirecting to the `afterSignIn` URL instead.
(This notice only appears in development) @ https://healthy-snipe-46.clerk.accounts.dev/npm/@clerk/clerk-js@5.127.1/dist/ui-common_clerk.browser_9854dd_5.127.1.js:4
[    8303ms] [INFO] 🔒 Clerk:
The <SignIn/> component cannot render when a user is already signed in, unless the application allows multiple sessions. Since a user is signed in and this application only allows a single session, Clerk is redirecting to the `afterSignIn` URL instead.
(This notice only appears in development) @ https://healthy-snipe-46.clerk.accounts.dev/npm/@clerk/clerk-js@5.127.1/dist/ui-common_clerk.browser_9854dd_5.127.1.js:4
[    8313ms] [INFO] 🔒 Clerk:
The <SignIn/> component cannot render when a user is already signed in, unless the application allows multiple sessions. Since a user is signed in and this application only allows a single session, Clerk is redirecting to the `afterSignIn` URL instead.
(This notice only appears in development) @ https://healthy-snipe-46.clerk.accounts.dev/npm/@clerk/clerk-js@5.127.1/dist/ui-common_clerk.browser_9854dd_5.127.1.js:4
[    8324ms] [INFO] 🔒 Clerk:
The <SignIn/> component cannot render when a user is already signed in, unless the application allows multiple sessions. Since a user is signed in and this application only allows a single session, Clerk is redirecting to the `afterSignIn` URL instead.
(This notice only appears in development) @ https://healthy-snipe-46.clerk.accounts.dev/npm/@clerk/clerk-js@5.127.1/dist/ui-common_clerk.browser_9854dd_5.127.1.js:4
[    8334ms] [INFO] 🔒 Clerk:
The <SignIn/> component cannot render when a user is already signed in, unless the application allows multiple sessions. Since a user is signed in and this application only allows a single session, Clerk is redirecting to the `afterSignIn` URL instead.
(This notice only appears in development) @ https://healthy-snipe-46.clerk.accounts.dev/npm/@clerk/clerk-js@5.127.1/dist/ui-common_clerk.browser_9854dd_5.127.1.js:4
[    8345ms] [INFO] 🔒 Clerk:
The <SignIn/> component cannot render when a user is already signed in, unless the application allows multiple sessions. Since a user is signed in and this application only allows a single session, Clerk is redirecting to the `afterSignIn` URL instead.
(This notice only appears in development) @ https://healthy-snipe-46.clerk.accounts.dev/npm/@clerk/clerk-js@5.127.1/dist/ui-common_clerk.browser_9854dd_5.127.1.js:4
[    8351ms] [INFO] 🔒 Clerk:
The <SignIn/> component cannot render when a user is already signed in, unless the application allows multiple sessions. Since a user is signed in and this application only allows a single session, Clerk is redirecting to the `afterSignIn` URL instead.
(This notice only appears in development) @ https://healthy-snipe-46.clerk.accounts.dev/npm/@clerk/clerk-js@5.127.1/dist/ui-common_clerk.browser_9854dd_5.127.1.js:4
[    8361ms] [INFO] 🔒 Clerk:
The <SignIn/> component cannot render when a user is already signed in, unless the application allows multiple sessions. Since a user is signed in and this application only allows a single session, Clerk is redirecting to the `afterSignIn` URL instead.
(This notice only appears in development) @ https://healthy-snipe-46.clerk.accounts.dev/npm/@clerk/clerk-js@5.127.1/dist/ui-common_clerk.browser_9854dd_5.127.1.js:4
[    8367ms] [INFO] 🔒 Clerk:
The <SignIn/> component cannot render when a user is already signed in, unless the application allows multiple sessions. Since a user is signed in and this application only allows a single session, Clerk is redirecting to the `afterSignIn` URL instead.
(This notice only appears in development) @ https://healthy-snipe-46.clerk.accounts.dev/npm/@clerk/clerk-js@5.127.1/dist/ui-common_clerk.browser_9854dd_5.127.1.js:4
[    8378ms] [INFO] 🔒 Clerk:
The <SignIn/> component cannot render when a user is already signed in, unless the application allows multiple sessions. Since a user is signed in and this application only allows a single session, Clerk is redirecting to the `afterSignIn` URL instead.
(This notice only appears in development) @ https://healthy-snipe-46.clerk.accounts.dev/npm/@clerk/clerk-js@5.127.1/dist/ui-common_clerk.browser_9854dd_5.127.1.js:4
[    8385ms] [INFO] 🔒 Clerk:
The <SignIn/> component cannot render when a user is already signed in, unless the application allows multiple sessions. Since a user is signed in and this application only allows a single session, Clerk is redirecting to the `afterSignIn` URL instead.
(This notice only appears in development) @ https://healthy-snipe-46.clerk.accounts.dev/npm/@clerk/clerk-js@5.127.1/dist/ui-common_clerk.browser_9854dd_5.127.1.js:4
[    8395ms] [INFO] 🔒 Clerk:
The <SignIn/> component cannot render when a user is already signed in, unless the application allows multiple sessions. Since a user is signed in and this application only allows a single session, Clerk is redirecting to the `afterSignIn` URL instead.
(This notice only appears in development) @ https://healthy-snipe-46.clerk.accounts.dev/npm/@clerk/clerk-js@5.127.1/dist/ui-common_clerk.browser_9854dd_5.127.1.js:4
[    8401ms] [INFO] 🔒 Clerk:
The <SignIn/> component cannot render when a user is already signed in, unless the application allows multiple sessions. Since a user is signed in and this application only allows a single session, Clerk is redirecting to the `afterSignIn` URL instead.
(This notice only appears in development) @ https://healthy-snipe-46.clerk.accounts.dev/npm/@clerk/clerk-js@5.127.1/dist/ui-common_clerk.browser_9854dd_5.127.1.js:4
[    8412ms] [INFO] 🔒 Clerk:
The <SignIn/> component cannot render when a user is already signed in, unless the application allows multiple sessions. Since a user is signed in and this application only allows a single session, Clerk is redirecting to the `afterSignIn` URL instead.
(This notice only appears in development) @ https://healthy-snipe-46.clerk.accounts.dev/npm/@clerk/clerk-js@5.127.1/dist/ui-common_clerk.browser_9854dd_5.127.1.js:4
[    8419ms] [INFO] 🔒 Clerk:
The <SignIn/> component cannot render when a user is already signed in, unless the application allows multiple sessions. Since a user is signed in and this application only allows a single session, Clerk is redirecting to the `afterSignIn` URL instead.
(This notice only appears in development) @ https://healthy-snipe-46.clerk.accounts.dev/npm/@clerk/clerk-js@5.127.1/dist/ui-common_clerk.browser_9854dd_5.127.1.js:4
[    8430ms] [INFO] 🔒 Clerk:
The <SignIn/> component cannot render when a user is already signed in, unless the application allows multiple sessions. Since a user is signed in and this application only allows a single session, Clerk is redirecting to the `afterSignIn` URL instead.
(This notice only appears in development) @ https://healthy-snipe-46.clerk.accounts.dev/npm/@clerk/clerk-js@5.127.1/dist/ui-common_clerk.browser_9854dd_5.127.1.js:4
[    8436ms] [INFO] 🔒 Clerk:
The <SignIn/> component cannot render when a user is already signed in, unless the application allows multiple sessions. Since a user is signed in and this application only allows a single session, Clerk is redirecting to the `afterSignIn` URL instead.
(This notice only appears in development) @ https://healthy-snipe-46.clerk.accounts.dev/npm/@clerk/clerk-js@5.127.1/dist/ui-common_clerk.browser_9854dd_5.127.1.js:4
[    8447ms] [INFO] 🔒 Clerk:
The <SignIn/> component cannot render when a user is already signed in, unless the application allows multiple sessions. Since a user is signed in and this application only allows a single session, Clerk is redirecting to the `afterSignIn` URL instead.
(This notice only appears in development) @ https://healthy-snipe-46.clerk.accounts.dev/npm/@clerk/clerk-js@5.127.1/dist/ui-common_clerk.browser_9854dd_5.127.1.js:4
[    8458ms] [INFO] 🔒 Clerk:
The <SignIn/> component cannot render when a user is already signed in, unless the application allows multiple sessions. Since a user is signed in and this application only allows a single session, Clerk is redirecting to the `afterSignIn` URL instead.
(This notice only appears in development) @ https://healthy-snipe-46.clerk.accounts.dev/npm/@clerk/clerk-js@5.127.1/dist/ui-common_clerk.browser_9854dd_5.127.1.js:4
[    8466ms] [INFO] 🔒 Clerk:
The <SignIn/> component cannot render when a user is already signed in, unless the application allows multiple sessions. Since a user is signed in and this application only allows a single session, Clerk is redirecting to the `afterSignIn` URL instead.
(This notice only appears in development) @ https://healthy-snipe-46.clerk.accounts.dev/npm/@clerk/clerk-js@5.127.1/dist/ui-common_clerk.browser_9854dd_5.127.1.js:4
[    8473ms] [INFO] 🔒 Clerk:
The <SignIn/> component cannot render when a user is already signed in, unless the application allows multiple sessions. Since a user is signed in and this application only allows a single session, Clerk is redirecting to the `afterSignIn` URL instead.
(This notice only appears in development) @ https://healthy-snipe-46.clerk.accounts.dev/npm/@clerk/clerk-js@5.127.1/dist/ui-common_clerk.browser_9854dd_5.127.1.js:4
[    8482ms] [INFO] 🔒 Clerk:
The <SignIn/> component cannot render when a user is already signed in, unless the application allows multiple sessions. Since a user is signed in and this application only allows a single session, Clerk is redirecting to the `afterSignIn` URL instead.
(This notice only appears in development) @ https://healthy-snipe-46.clerk.accounts.dev/npm/@clerk/clerk-js@5.127.1/dist/ui-common_clerk.browser_9854dd_5.127.1.js:4
[    8490ms] [INFO] 🔒 Clerk:
The <SignIn/> component cannot render when a user is already signed in, unless the application allows multiple sessions. Since a user is signed in and this application only allows a single session, Clerk is redirecting to the `afterSignIn` URL instead.
(This notice only appears in development) @ https://healthy-snipe-46.clerk.accounts.dev/npm/@clerk/clerk-js@5.127.1/dist/ui-common_clerk.browser_9854dd_5.127.1.js:4
[    8500ms] [INFO] 🔒 Clerk:
The <SignIn/> component cannot render when a user is already signed in, unless the application allows multiple sessions. Since a user is signed in and this application only allows a single session, Clerk is redirecting to the `afterSignIn` URL instead.
(This notice only appears in development) @ https://healthy-snipe-46.clerk.accounts.dev/npm/@clerk/clerk-js@5.127.1/dist/ui-common_clerk.browser_9854dd_5.127.1.js:4
[    8511ms] [INFO] 🔒 Clerk:
The <SignIn/> component cannot render when a user is already signed in, unless the application allows multiple sessions. Since a user is signed in and this application only allows a single session, Clerk is redirecting to the `afterSignIn` URL instead.
(This notice only appears in development) @ https://healthy-snipe-46.clerk.accounts.dev/npm/@clerk/clerk-js@5.127.1/dist/ui-common_clerk.browser_9854dd_5.127.1.js:4
[    8520ms] [INFO] 🔒 Clerk:
The <SignIn/> component cannot render when a user is already signed in, unless the application allows multiple sessions. Since a user is signed in and this application only allows a single session, Clerk is redirecting to the `afterSignIn` URL instead.
(This notice only appears in development) @ https://healthy-snipe-46.clerk.accounts.dev/npm/@clerk/clerk-js@5.127.1/dist/ui-common_clerk.browser_9854dd_5.127.1.js:4
[    8529ms] [INFO] 🔒 Clerk:
The <SignIn/> component cannot render when a user is already signed in, unless the application allows multiple sessions. Since a user is signed in and this application only allows a single session, Clerk is redirecting to the `afterSignIn` URL instead.
(This notice only appears in development) @ https://healthy-snipe-46.clerk.accounts.dev/npm/@clerk/clerk-js@5.127.1/dist/ui-common_clerk.browser_9854dd_5.127.1.js:4
[    8538ms] [INFO] 🔒 Clerk:
The <SignIn/> component cannot render when a user is already signed in, unless the application allows multiple sessions. Since a user is signed in and this application only allows a single session, Clerk is redirecting to the `afterSignIn` URL instead.
(This notice only appears in development) @ https://healthy-snipe-46.clerk.accounts.dev/npm/@clerk/clerk-js@5.127.1/dist/ui-common_clerk.browser_9854dd_5.127.1.js:4
[    8547ms] [INFO] 🔒 Clerk:
The <SignIn/> component cannot render when a user is already signed in, unless the application allows multiple sessions. Since a user is signed in and this application only allows a single session, Clerk is redirecting to the `afterSignIn` URL instead.
(This notice only appears in development) @ https://healthy-snipe-46.clerk.accounts.dev/npm/@clerk/clerk-js@5.127.1/dist/ui-common_clerk.browser_9854dd_5.127.1.js:4
[    8557ms] [INFO] 🔒 Clerk:
The <SignIn/> component cannot render when a user is already signed in, unless the application allows multiple sessions. Since a user is signed in and this application only allows a single session, Clerk is redirecting to the `afterSignIn` URL instead.
(This notice only appears in development) @ https://healthy-snipe-46.clerk.accounts.dev/npm/@clerk/clerk-js@5.127.1/dist/ui-common_clerk.browser_9854dd_5.127.1.js:4
[    8566ms] [INFO] 🔒 Clerk:
The <SignIn/> component cannot render when a user is already signed in, unless the application allows multiple sessions. Since a user is signed in and this application only allows a single session, Clerk is redirecting to the `afterSignIn` URL instead.
(This notice only appears in development) @ https://healthy-snipe-46.clerk.accounts.dev/npm/@clerk/clerk-js@5.127.1/dist/ui-common_clerk.browser_9854dd_5.127.1.js:4
[    8575ms] [INFO] 🔒 Clerk:
The <SignIn/> component cannot render when a user is already signed in, unless the application allows multiple sessions. Since a user is signed in and this application only allows a single session, Clerk is redirecting to the `afterSignIn` URL instead.
(This notice only appears in development) @ https://healthy-snipe-46.clerk.accounts.dev/npm/@clerk/clerk-js@5.127.1/dist/ui-common_clerk.browser_9854dd_5.127.1.js:4
[    8583ms] [INFO] 🔒 Clerk:
The <SignIn/> component cannot render when a user is already signed in, unless the application allows multiple sessions. Since a user is signed in and this application only allows a single session, Clerk is redirecting to the `afterSignIn` URL instead.
(This notice only appears in development) @ https://healthy-snipe-46.clerk.accounts.dev/npm/@clerk/clerk-js@5.127.1/dist/ui-common_clerk.browser_9854dd_5.127.1.js:4
[    8589ms] [INFO] 🔒 Clerk:
The <SignIn/> component cannot render when a user is already signed in, unless the application allows multiple sessions. Since a user is signed in and this application only allows a single session, Clerk is redirecting to the `afterSignIn` URL instead.
(This notice only appears in development) @ https://healthy-snipe-46.clerk.accounts.dev/npm/@clerk/clerk-js@5.127.1/dist/ui-common_clerk.browser_9854dd_5.127.1.js:4
[    8597ms] [INFO] 🔒 Clerk:
The <SignIn/> component cannot render when a user is already signed in, unless the application allows multiple sessions. Since a user is signed in and this application only allows a single session, Clerk is redirecting to the `afterSignIn` URL instead.
(This notice only appears in development) @ https://healthy-snipe-46.clerk.accounts.dev/npm/@clerk/clerk-js@5.127.1/dist/ui-common_clerk.browser_9854dd_5.127.1.js:4
[    8606ms] [INFO] 🔒 Clerk:
The <SignIn/> component cannot render when a user is already signed in, unless the application allows multiple sessions. Since a user is signed in and this application only allows a single session, Clerk is redirecting to the `afterSignIn` URL instead.
(This notice only appears in development) @ https://healthy-snipe-46.clerk.accounts.dev/npm/@clerk/clerk-js@5.127.1/dist/ui-common_clerk.browser_9854dd_5.127.1.js:4
[    8615ms] [INFO] 🔒 Clerk:
The <SignIn/> component cannot render when a user is already signed in, unless the application allows multiple sessions. Since a user is signed in and this application only allows a single session, Clerk is redirecting to the `afterSignIn` URL instead.
(This notice only appears in development) @ https://healthy-snipe-46.clerk.accounts.dev/npm/@clerk/clerk-js@5.127.1/dist/ui-common_clerk.browser_9854dd_5.127.1.js:4
[    8624ms] [INFO] 🔒 Clerk:
The <SignIn/> component cannot render when a user is already signed in, unless the application allows multiple sessions. Since a user is signed in and this application only allows a single session, Clerk is redirecting to the `afterSignIn` URL instead.
(This notice only appears in development) @ https://healthy-snipe-46.clerk.accounts.dev/npm/@clerk/clerk-js@5.127.1/dist/ui-common_clerk.browser_9854dd_5.127.1.js:4
[    8634ms] [INFO] 🔒 Clerk:
The <SignIn/> component cannot render when a user is already signed in, unless the application allows multiple sessions. Since a user is signed in and this application only allows a single session, Clerk is redirecting to the `afterSignIn` URL instead.
(This notice only appears in development) @ https://healthy-snipe-46.clerk.accounts.dev/npm/@clerk/clerk-js@5.127.1/dist/ui-common_clerk.browser_9854dd_5.127.1.js:4
[    8644ms] [INFO] 🔒 Clerk:
The <SignIn/> component cannot render when a user is already signed in, unless the application allows multiple sessions. Since a user is signed in and this application only allows a single session, Clerk is redirecting to the `afterSignIn` URL instead.
(This notice only appears in development) @ https://healthy-snipe-46.clerk.accounts.dev/npm/@clerk/clerk-js@5.127.1/dist/ui-common_clerk.browser_9854dd_5.127.1.js:4
[    8651ms] [INFO] 🔒 Clerk:
The <SignIn/> component cannot render when a user is already signed in, unless the application allows multiple sessions. Since a user is signed in and this application only allows a single session, Clerk is redirecting to the `afterSignIn` URL instead.
(This notice only appears in development) @ https://healthy-snipe-46.clerk.accounts.dev/npm/@clerk/clerk-js@5.127.1/dist/ui-common_clerk.browser_9854dd_5.127.1.js:4
[    8661ms] [INFO] 🔒 Clerk:
The <SignIn/> component cannot render when a user is already signed in, unless the application allows multiple sessions. Since a user is signed in and this application only allows a single session, Clerk is redirecting to the `afterSignIn` URL instead.
(This notice only appears in development) @ https://healthy-snipe-46.clerk.accounts.dev/npm/@clerk/clerk-js@5.127.1/dist/ui-common_clerk.browser_9854dd_5.127.1.js:4
[    8667ms] [INFO] 🔒 Clerk:
The <SignIn/> component cannot render when a user is already signed in, unless the application allows multiple sessions. Since a user is signed in and this application only allows a single session, Clerk is redirecting to the `afterSignIn` URL instead.
(This notice only appears in development) @ https://healthy-snipe-46.clerk.accounts.dev/npm/@clerk/clerk-js@5.127.1/dist/ui-common_clerk.browser_9854dd_5.127.1.js:4
[    8679ms] [INFO] 🔒 Clerk:
The <SignIn/> component cannot render when a user is already signed in, unless the application allows multiple sessions. Since a user is signed in and this application only allows a single session, Clerk is redirecting to the `afterSignIn` URL instead.
(This notice only appears in development) @ https://healthy-snipe-46.clerk.accounts.dev/npm/@clerk/clerk-js@5.127.1/dist/ui-common_clerk.browser_9854dd_5.127.1.js:4
[    8688ms] [INFO] 🔒 Clerk:
The <SignIn/> component cannot render when a user is already signed in, unless the application allows multiple sessions. Since a user is signed in and this application only allows a single session, Clerk is redirecting to the `afterSignIn` URL instead.
(This notice only appears in development) @ https://healthy-snipe-46.clerk.accounts.dev/npm/@clerk/clerk-js@5.127.1/dist/ui-common_clerk.browser_9854dd_5.127.1.js:4
[    8697ms] [INFO] 🔒 Clerk:
The <SignIn/> component cannot render when a user is already signed in, unless the application allows multiple sessions. Since a user is signed in and this application only allows a single session, Clerk is redirecting to the `afterSignIn` URL instead.
(This notice only appears in development) @ https://healthy-snipe-46.clerk.accounts.dev/npm/@clerk/clerk-js@5.127.1/dist/ui-common_clerk.browser_9854dd_5.127.1.js:4
[    8704ms] [INFO] 🔒 Clerk:
The <SignIn/> component cannot render when a user is already signed in, unless the application allows multiple sessions. Since a user is signed in and this application only allows a single session, Clerk is redirecting to the `afterSignIn` URL instead.
(This notice only appears in development) @ https://healthy-snipe-46.clerk.accounts.dev/npm/@clerk/clerk-js@5.127.1/dist/ui-common_clerk.browser_9854dd_5.127.1.js:4
[    8713ms] [INFO] 🔒 Clerk:
The <SignIn/> component cannot render when a user is already signed in, unless the application allows multiple sessions. Since a user is signed in and this application only allows a single session, Clerk is redirecting to the `afterSignIn` URL instead.
(This notice only appears in development) @ https://healthy-snipe-46.clerk.accounts.dev/npm/@clerk/clerk-js@5.127.1/dist/ui-common_clerk.browser_9854dd_5.127.1.js:4
[    8722ms] [INFO] 🔒 Clerk:
The <SignIn/> component cannot render when a user is already signed in, unless the application allows multiple sessions. Since a user is signed in and this application only allows a single session, Clerk is redirecting to the `afterSignIn` URL instead.
(This notice only appears in development) @ https://healthy-snipe-46.clerk.accounts.dev/npm/@clerk/clerk-js@5.127.1/dist/ui-common_clerk.browser_9854dd_5.127.1.js:4
[    8731ms] [INFO] 🔒 Clerk:
The <SignIn/> component cannot render when a user is already signed in, unless the application allows multiple sessions. Since a user is signed in and this application only allows a single session, Clerk is redirecting to the `afterSignIn` URL instead.
(This notice only appears in development) @ https://healthy-snipe-46.clerk.accounts.dev/npm/@clerk/clerk-js@5.127.1/dist/ui-common_clerk.browser_9854dd_5.127.1.js:4
[    8741ms] [INFO] 🔒 Clerk:
The <SignIn/> component cannot render when a user is already signed in, unless the application allows multiple sessions. Since a user is signed in and this application only allows a single session, Clerk is redirecting to the `afterSignIn` URL instead.
(This notice only appears in development) @ https://healthy-snipe-46.clerk.accounts.dev/npm/@clerk/clerk-js@5.127.1/dist/ui-common_clerk.browser_9854dd_5.127.1.js:4
[    8751ms] [INFO] 🔒 Clerk:
The <SignIn/> component cannot render when a user is already signed in, unless the application allows multiple sessions. Since a user is signed in and this application only allows a single session, Clerk is redirecting to the `afterSignIn` URL instead.
(This notice only appears in development) @ https://healthy-snipe-46.clerk.accounts.dev/npm/@clerk/clerk-js@5.127.1/dist/ui-common_clerk.browser_9854dd_5.127.1.js:4
[    8764ms] [INFO] 🔒 Clerk:
The <SignIn/> component cannot render when a user is already signed in, unless the application allows multiple sessions. Since a user is signed in and this application only allows a single session, Clerk is redirecting to the `afterSignIn` URL instead.
(This notice only appears in development) @ https://healthy-snipe-46.clerk.accounts.dev/npm/@clerk/clerk-js@5.127.1/dist/ui-common_clerk.browser_9854dd_5.127.1.js:4
[    8774ms] [INFO] 🔒 Clerk:
The <SignIn/> component cannot render when a user is already signed in, unless the application allows multiple sessions. Since a user is signed in and this application only allows a single session, Clerk is redirecting to the `afterSignIn` URL instead.
(This notice only appears in development) @ https://healthy-snipe-46.clerk.accounts.dev/npm/@clerk/clerk-js@5.127.1/dist/ui-common_clerk.browser_9854dd_5.127.1.js:4
[    8783ms] [INFO] 🔒 Clerk:
The <SignIn/> component cannot render when a user is already signed in, unless the application allows multiple sessions. Since a user is signed in and this application only allows a single session, Clerk is redirecting to the `afterSignIn` URL instead.
(This notice only appears in development) @ https://healthy-snipe-46.clerk.accounts.dev/npm/@clerk/clerk-js@5.127.1/dist/ui-common_clerk.browser_9854dd_5.127.1.js:4
[    8794ms] [INFO] 🔒 Clerk:
The <SignIn/> component cannot render when a user is already signed in, unless the application allows multiple sessions. Since a user is signed in and this application only allows a single session, Clerk is redirecting to the `afterSignIn` URL instead.
(This notice only appears in development) @ https://healthy-snipe-46.clerk.accounts.dev/npm/@clerk/clerk-js@5.127.1/dist/ui-common_clerk.browser_9854dd_5.127.1.js:4
[    8803ms] [INFO] 🔒 Clerk:
The <SignIn/> component cannot render when a user is already signed in, unless the application allows multiple sessions. Since a user is signed in and this application only allows a single session, Clerk is redirecting to the `afterSignIn` URL instead.
(This notice only appears in development) @ https://healthy-snipe-46.clerk.accounts.dev/npm/@clerk/clerk-js@5.127.1/dist/ui-common_clerk.browser_9854dd_5.127.1.js:4
[    8818ms] [INFO] 🔒 Clerk:
The <SignIn/> component cannot render when a user is already signed in, unless the application allows multiple sessions. Since a user is signed in and this application only allows a single session, Clerk is redirecting to the `afterSignIn` URL instead.
(This notice only appears in development) @ https://healthy-snipe-46.clerk.accounts.dev/npm/@clerk/clerk-js@5.127.1/dist/ui-common_clerk.browser_9854dd_5.127.1.js:4
[    8831ms] [INFO] 🔒 Clerk:
The <SignIn/> component cannot render when a user is already signed in, unless the application allows multiple sessions. Since a user is signed in and this application only allows a single session, Clerk is redirecting to the `afterSignIn` URL instead.
(This notice only appears in development) @ https://healthy-snipe-46.clerk.accounts.dev/npm/@clerk/clerk-js@5.127.1/dist/ui-common_clerk.browser_9854dd_5.127.1.js:4
[    8839ms] [INFO] 🔒 Clerk:
The <SignIn/> component cannot render when a user is already signed in, unless the application allows multiple sessions. Since a user is signed in and this application only allows a single session, Clerk is redirecting to the `afterSignIn` URL instead.
(This notice only appears in development) @ https://healthy-snipe-46.clerk.accounts.dev/npm/@clerk/clerk-js@5.127.1/dist/ui-common_clerk.browser_9854dd_5.127.1.js:4
[    8850ms] [INFO] 🔒 Clerk:
The <SignIn/> component cannot render when a user is already signed in, unless the application allows multiple sessions. Since a user is signed in and this application only allows a single session, Clerk is redirecting to the `afterSignIn` URL instead.
(This notice only appears in development) @ https://healthy-snipe-46.clerk.accounts.dev/npm/@clerk/clerk-js@5.127.1/dist/ui-common_clerk.browser_9854dd_5.127.1.js:4
[    8863ms] [INFO] 🔒 Clerk:
The <SignIn/> component cannot render when a user is already signed in, unless the application allows multiple sessions. Since a user is signed in and this application only allows a single session, Clerk is redirecting to the `afterSignIn` URL instead.
(This notice only appears in development) @ https://healthy-snipe-46.clerk.accounts.dev/npm/@clerk/clerk-js@5.127.1/dist/ui-common_clerk.browser_9854dd_5.127.1.js:4
[    8875ms] [INFO] 🔒 Clerk:
The <SignIn/> component cannot render when a user is already signed in, unless the application allows multiple sessions. Since a user is signed in and this application only allows a single session, Clerk is redirecting to the `afterSignIn` URL instead.
(This notice only appears in development) @ https://healthy-snipe-46.clerk.accounts.dev/npm/@clerk/clerk-js@5.127.1/dist/ui-common_clerk.browser_9854dd_5.127.1.js:4
[    8889ms] [INFO] 🔒 Clerk:
The <SignIn/> component cannot render when a user is already signed in, unless the application allows multiple sessions. Since a user is signed in and this application only allows a single session, Clerk is redirecting to the `afterSignIn` URL instead.
(This notice only appears in development) @ https://healthy-snipe-46.clerk.accounts.dev/npm/@clerk/clerk-js@5.127.1/dist/ui-common_clerk.browser_9854dd_5.127.1.js:4
[    8904ms] [INFO] 🔒 Clerk:
The <SignIn/> component cannot render when a user is already signed in, unless the application allows multiple sessions. Since a user is signed in and this application only allows a single session, Clerk is redirecting to the `afterSignIn` URL instead.
(This notice only appears in development) @ https://healthy-snipe-46.clerk.accounts.dev/npm/@clerk/clerk-js@5.127.1/dist/ui-common_clerk.browser_9854dd_5.127.1.js:4
[    8919ms] [INFO] 🔒 Clerk:
The <SignIn/> component cannot render when a user is already signed in, unless the application allows multiple sessions. Since a user is signed in and this application only allows a single session, Clerk is redirecting to the `afterSignIn` URL instead.
(This notice only appears in development) @ https://healthy-snipe-46.clerk.accounts.dev/npm/@clerk/clerk-js@5.127.1/dist/ui-common_clerk.browser_9854dd_5.127.1.js:4
[    8928ms] [INFO] 🔒 Clerk:
The <SignIn/> component cannot render when a user is already signed in, unless the application allows multiple sessions. Since a user is signed in and this application only allows a single session, Clerk is redirecting to the `afterSignIn` URL instead.
(This notice only appears in development) @ https://healthy-snipe-46.clerk.accounts.dev/npm/@clerk/clerk-js@5.127.1/dist/ui-common_clerk.browser_9854dd_5.127.1.js:4
[    8937ms] [INFO] 🔒 Clerk:
The <SignIn/> component cannot render when a user is already signed in, unless the application allows multiple sessions. Since a user is signed in and this application only allows a single session, Clerk is redirecting to the `afterSignIn` URL instead.
(This notice only appears in development) @ https://healthy-snipe-46.clerk.accounts.dev/npm/@clerk/clerk-js@5.127.1/dist/ui-common_clerk.browser_9854dd_5.127.1.js:4
[    8946ms] [INFO] 🔒 Clerk:
The <SignIn/> component cannot render when a user is already signed in, unless the application allows multiple sessions. Since a user is signed in and this application only allows a single session, Clerk is redirecting to the `afterSignIn` URL instead.
(This notice only appears in development) @ https://healthy-snipe-46.clerk.accounts.dev/npm/@clerk/clerk-js@5.127.1/dist/ui-common_clerk.browser_9854dd_5.127.1.js:4
[    8958ms] [INFO] 🔒 Clerk:
The <SignIn/> component cannot render when a user is already signed in, unless the application allows multiple sessions. Since a user is signed in and this application only allows a single session, Clerk is redirecting to the `afterSignIn` URL instead.
(This notice only appears in development) @ https://healthy-snipe-46.clerk.accounts.dev/npm/@clerk/clerk-js@5.127.1/dist/ui-common_clerk.browser_9854dd_5.127.1.js:4
[    8968ms] [INFO] 🔒 Clerk:
The <SignIn/> component cannot render when a user is already signed in, unless the application allows multiple sessions. Since a user is signed in and this application only allows a single session, Clerk is redirecting to the `afterSignIn` URL instead.
(This notice only appears in development) @ https://healthy-snipe-46.clerk.accounts.dev/npm/@clerk/clerk-js@5.127.1/dist/ui-common_clerk.browser_9854dd_5.127.1.js:4
[    8982ms] [INFO] 🔒 Clerk:
The <SignIn/> component cannot render when a user is already signed in, unless the application allows multiple sessions. Since a user is signed in and this application only allows a single session, Clerk is redirecting to the `afterSignIn` URL instead.
(This notice only appears in development) @ https://healthy-snipe-46.clerk.accounts.dev/npm/@clerk/clerk-js@5.127.1/dist/ui-common_clerk.browser_9854dd_5.127.1.js:4
[    8994ms] [INFO] 🔒 Clerk:
The <SignIn/> component cannot render when a user is already signed in, unless the application allows multiple sessions. Since a user is signed in and this application only allows a single session, Clerk is redirecting to the `afterSignIn` URL instead.
(This notice only appears in development) @ https://healthy-snipe-46.clerk.accounts.dev/npm/@clerk/clerk-js@5.127.1/dist/ui-common_clerk.browser_9854dd_5.127.1.js:4
[    9005ms] [INFO] 🔒 Clerk:
The <SignIn/> component cannot render when a user is already signed in, unless the application allows multiple sessions. Since a user is signed in and this application only allows a single session, Clerk is redirecting to the `afterSignIn` URL instead.
(This notice only appears in development) @ https://healthy-snipe-46.clerk.accounts.dev/npm/@clerk/clerk-js@5.127.1/dist/ui-common_clerk.browser_9854dd_5.127.1.js:4
[    9017ms] [INFO] 🔒 Clerk:
The <SignIn/> component cannot render when a user is already signed in, unless the application allows multiple sessions. Since a user is signed in and this application only allows a single session, Clerk is redirecting to the `afterSignIn` URL instead.
(This notice only appears in development) @ https://healthy-snipe-46.clerk.accounts.dev/npm/@clerk/clerk-js@5.127.1/dist/ui-common_clerk.browser_9854dd_5.127.1.js:4
[    9027ms] [INFO] 🔒 Clerk:
The <SignIn/> component cannot render when a user is already signed in, unless the application allows multiple sessions. Since a user is signed in and this application only allows a single session, Clerk is redirecting to the `afterSignIn` URL instead.
(This notice only appears in development) @ https://healthy-snipe-46.clerk.accounts.dev/npm/@clerk/clerk-js@5.127.1/dist/ui-common_clerk.browser_9854dd_5.127.1.js:4
[    9034ms] [INFO] 🔒 Clerk:
The <SignIn/> component cannot render when a user is already signed in, unless the application allows multiple sessions. Since a user is signed in and this application only allows a single session, Clerk is redirecting to the `afterSignIn` URL instead.
(This notice only appears in development) @ https://healthy-snipe-46.clerk.accounts.dev/npm/@clerk/clerk-js@5.127.1/dist/ui-common_clerk.browser_9854dd_5.127.1.js:4
[    9042ms] [INFO] 🔒 Clerk:
The <SignIn/> component cannot render when a user is already signed in, unless the application allows multiple sessions. Since a user is signed in and this application only allows a single session, Clerk is redirecting to the `afterSignIn` URL instead.
(This notice only appears in development) @ https://healthy-snipe-46.clerk.accounts.dev/npm/@clerk/clerk-js@5.127.1/dist/ui-common_clerk.browser_9854dd_5.127.1.js:4
[    9051ms] [INFO] 🔒 Clerk:
The <SignIn/> component cannot render when a user is already signed in, unless the application allows multiple sessions. Since a user is signed in and this application only allows a single session, Clerk is redirecting to the `afterSignIn` URL instead.
(This notice only appears in development) @ https://healthy-snipe-46.clerk.accounts.dev/npm/@clerk/clerk-js@5.127.1/dist/ui-common_clerk.browser_9854dd_5.127.1.js:4
[    9060ms] [INFO] 🔒 Clerk:
The <SignIn/> component cannot render when a user is already signed in, unless the application allows multiple sessions. Since a user is signed in and this application only allows a single session, Clerk is redirecting to the `afterSignIn` URL instead.
(This notice only appears in development) @ https://healthy-snipe-46.clerk.accounts.dev/npm/@clerk/clerk-js@5.127.1/dist/ui-common_clerk.browser_9854dd_5.127.1.js:4
[    9069ms] [INFO] 🔒 Clerk:
The <SignIn/> component cannot render when a user is already signed in, unless the application allows multiple sessions. Since a user is signed in and this application only allows a single session, Clerk is redirecting to the `afterSignIn` URL instead.
(This notice only appears in development) @ https://healthy-snipe-46.clerk.accounts.dev/npm/@clerk/clerk-js@5.127.1/dist/ui-common_clerk.browser_9854dd_5.127.1.js:4
[    9078ms] [INFO] 🔒 Clerk:
The <SignIn/> component cannot render when a user is already signed in, unless the application allows multiple sessions. Since a user is signed in and this application only allows a single session, Clerk is redirecting to the `afterSignIn` URL instead.
(This notice only appears in development) @ https://healthy-snipe-46.clerk.accounts.dev/npm/@clerk/clerk-js@5.127.1/dist/ui-common_clerk.browser_9854dd_5.127.1.js:4
[    9085ms] [INFO] 🔒 Clerk:
The <SignIn/> component cannot render when a user is already signed in, unless the application allows multiple sessions. Since a user is signed in and this application only allows a single session, Clerk is redirecting to the `afterSignIn` URL instead.
(This notice only appears in development) @ https://healthy-snipe-46.clerk.accounts.dev/npm/@clerk/clerk-js@5.127.1/dist/ui-common_clerk.browser_9854dd_5.127.1.js:4
[    9094ms] [INFO] 🔒 Clerk:
The <SignIn/> component cannot render when a user is already signed in, unless the application allows multiple sessions. Since a user is signed in and this application only allows a single session, Clerk is redirecting to the `afterSignIn` URL instead.
(This notice only appears in development) @ https://healthy-snipe-46.clerk.accounts.dev/npm/@clerk/clerk-js@5.127.1/dist/ui-common_clerk.browser_9854dd_5.127.1.js:4
[    9101ms] [INFO] 🔒 Clerk:
The <SignIn/> component cannot render when a user is already signed in, unless the application allows multiple sessions. Since a user is signed in and this application only allows a single session, Clerk is redirecting to the `afterSignIn` URL instead.
(This notice only appears in development) @ https://healthy-snipe-46.clerk.accounts.dev/npm/@clerk/clerk-js@5.127.1/dist/ui-common_clerk.browser_9854dd_5.127.1.js:4
[    9111ms] [INFO] 🔒 Clerk:
The <SignIn/> component cannot render when a user is already signed in, unless the application allows multiple sessions. Since a user is signed in and this application only allows a single session, Clerk is redirecting to the `afterSignIn` URL instead.
(This notice only appears in development) @ https://healthy-snipe-46.clerk.accounts.dev/npm/@clerk/clerk-js@5.127.1/dist/ui-common_clerk.browser_9854dd_5.127.1.js:4
[    9120ms] [INFO] 🔒 Clerk:
The <SignIn/> component cannot render when a user is already signed in, unless the application allows multiple sessions. Since a user is signed in and this application only allows a single session, Clerk is redirecting to the `afterSignIn` URL instead.
(This notice only appears in development) @ https://healthy-snipe-46.clerk.accounts.dev/npm/@clerk/clerk-js@5.127.1/dist/ui-common_clerk.browser_9854dd_5.127.1.js:4
[    9132ms] [INFO] 🔒 Clerk:
The <SignIn/> component cannot render when a user is already signed in, unless the application allows multiple sessions. Since a user is signed in and this application only allows a single session, Clerk is redirecting to the `afterSignIn` URL instead.
(This notice only appears in development) @ https://healthy-snipe-46.clerk.accounts.dev/npm/@clerk/clerk-js@5.127.1/dist/ui-common_clerk.browser_9854dd_5.127.1.js:4
[    9143ms] [INFO] 🔒 Clerk:
The <SignIn/> component cannot render when a user is already signed in, unless the application allows multiple sessions. Since a user is signed in and this application only allows a single session, Clerk is redirecting to the `afterSignIn` URL instead.
(This notice only appears in development) @ https://healthy-snipe-46.clerk.accounts.dev/npm/@clerk/clerk-js@5.127.1/dist/ui-common_clerk.browser_9854dd_5.127.1.js:4
[    9150ms] [INFO] 🔒 Clerk:
The <SignIn/> component cannot render when a user is already signed in, unless the application allows multiple sessions. Since a user is signed in and this application only allows a single session, Clerk is redirecting to the `afterSignIn` URL instead.
(This notice only appears in development) @ https://healthy-snipe-46.clerk.accounts.dev/npm/@clerk/clerk-js@5.127.1/dist/ui-common_clerk.browser_9854dd_5.127.1.js:4
[    9160ms] [INFO] 🔒 Clerk:
The <SignIn/> component cannot render when a user is already signed in, unless the application allows multiple sessions. Since a user is signed in and this application only allows a single session, Clerk is redirecting to the `afterSignIn` URL instead.
(This notice only appears in development) @ https://healthy-snipe-46.clerk.accounts.dev/npm/@clerk/clerk-js@5.127.1/dist/ui-common_clerk.browser_9854dd_5.127.1.js:4
[    9169ms] [INFO] 🔒 Clerk:
The <SignIn/> component cannot render when a user is already signed in, unless the application allows multiple sessions. Since a user is signed in and this application only allows a single session, Clerk is redirecting to the `afterSignIn` URL instead.
(This notice only appears in development) @ https://healthy-snipe-46.clerk.accounts.dev/npm/@clerk/clerk-js@5.127.1/dist/ui-common_clerk.browser_9854dd_5.127.1.js:4
