[    1087ms] [INFO] %cDownload the React DevTools for a better development experience: https://reactjs.org/link/react-devtools font-weight:bold @ webpack-internal:///(app-pages-browser)/./node_modules/next/dist/compiled/react-dom/cjs/react-dom.development.js:38559
[    1329ms] [WARNING] Clerk: Clerk has been loaded with development keys. Development instances have strict usage limits and should not be used when deploying your application to production. Learn more: https://clerk.com/docs/deployments/overview @ https://healthy-snipe-46.clerk.accounts.dev/npm/@clerk/clerk-js@5/dist/clerk.browser.js:18
[    1334ms] [ERROR] Warning: React Element cannot be passed to Server Functions from the Client.%s 
  {publishableKey: ..., secretKey: ..., claimUrl: ..., apiKeysUrl: ..., children: </>, returnUrl: ...}
                                                                                  ^^^ @ webpack-internal:///(app-pages-browser)/./node_modules/next/dist/client/app-index.js:32
[    1334ms] [ERROR] Warning: React Lazy cannot be passed to Server Functions from the Client.%s 
  </> @ webpack-internal:///(app-pages-browser)/./node_modules/next/dist/client/app-index.js:32
[    1334ms] [ERROR] Warning: React Element cannot be passed to Server Functions from the Client.%s 
  {publishableKey: ..., secretKey: ..., claimUrl: ..., apiKeysUrl: ..., children: </>, returnUrl: ...}
                                                                                  ^^^ @ webpack-internal:///(app-pages-browser)/./node_modules/next/dist/client/app-index.js:32
[    1334ms] [ERROR] Warning: React Lazy cannot be passed to Server Functions from the Client.%s 
  </> @ webpack-internal:///(app-pages-browser)/./node_modules/next/dist/client/app-index.js:32
[    1340ms] Error: Client Functions cannot be passed directly to Server Functions. Only Functions passed from the Server can be passed back again.
    at Object.resolveToJSON (webpack-internal:///(app-pages-browser)/./node_modules/next/dist/compiled/react-server-dom-webpack/cjs/react-server-dom-webpack-client.browser.development.js:1039:13)
    at JSON.stringify (<anonymous>)
    at eval (webpack-internal:///(app-pages-browser)/./node_modules/next/dist/compiled/react-server-dom-webpack/cjs/react-server-dom-webpack-client.browser.development.js:889:31)
    at Chunk.then (webpack-internal:///(app-pages-browser)/./node_modules/next/dist/compiled/react-server-dom-webpack/cjs/react-server-dom-webpack-client.browser.development.js:1141:7)
    at Object.resolveToJSON (webpack-internal:///(app-pages-browser)/./node_modules/next/dist/compiled/react-server-dom-webpack/cjs/react-server-dom-webpack-client.browser.development.js:888:18)
    at JSON.stringify (<anonymous>)
    at processReply (webpack-internal:///(app-pages-browser)/./node_modules/next/dist/compiled/react-server-dom-webpack/cjs/react-server-dom-webpack-client.browser.development.js:1062:19)
    at eval (webpack-internal:///(app-pages-browser)/./node_modules/next/dist/compiled/react-server-dom-webpack/cjs/react-server-dom-webpack-client.browser.development.js:2184:5)
    at new Promise (<anonymous>)
    at encodeReply (webpack-internal:///(app-pages-browser)/./node_modules/next/dist/compiled/react-server-dom-webpack/cjs/react-server-dom-webpack-client.browser.development.js:2183:10)
    at fetchServerAction (webpack-internal:///(app-pages-browser)/./node_modules/next/dist/client/components/router-reducer/reducers/server-action-reducer.js:31:24)
    at serverActionReducer (webpack-internal:///(app-pages-browser)/./node_modules/next/dist/client/components/router-reducer/reducers/server-action-reducer.js:101:36)
    at clientReducer (webpack-internal:///(app-pages-browser)/./node_modules/next/dist/client/components/router-reducer/router-reducer.js:49:69)
    at Object.action (webpack-internal:///(app-pages-browser)/./node_modules/next/dist/shared/lib/router/action-queue.js:150:55)
    at runAction (webpack-internal:///(app-pages-browser)/./node_modules/next/dist/shared/lib/router/action-queue.js:56:38)
    at runRemainingActions (webpack-internal:///(app-pages-browser)/./node_modules/next/dist/shared/lib/router/action-queue.js:30:13)
    at handleResult (webpack-internal:///(app-pages-browser)/./node_modules/next/dist/shared/lib/router/action-queue.js:66:9)
[    1341ms] Error: Client Functions cannot be passed directly to Server Functions. Only Functions passed from the Server can be passed back again.
    at Object.resolveToJSON (webpack-internal:///(app-pages-browser)/./node_modules/next/dist/compiled/react-server-dom-webpack/cjs/react-server-dom-webpack-client.browser.development.js:1039:13)
    at JSON.stringify (<anonymous>)
    at eval (webpack-internal:///(app-pages-browser)/./node_modules/next/dist/compiled/react-server-dom-webpack/cjs/react-server-dom-webpack-client.browser.development.js:889:31)
    at Chunk.then (webpack-internal:///(app-pages-browser)/./node_modules/next/dist/compiled/react-server-dom-webpack/cjs/react-server-dom-webpack-client.browser.development.js:1141:7)
    at Object.resolveToJSON (webpack-internal:///(app-pages-browser)/./node_modules/next/dist/compiled/react-server-dom-webpack/cjs/react-server-dom-webpack-client.browser.development.js:888:18)
    at JSON.stringify (<anonymous>)
    at processReply (webpack-internal:///(app-pages-browser)/./node_modules/next/dist/compiled/react-server-dom-webpack/cjs/react-server-dom-webpack-client.browser.development.js:1062:19)
    at eval (webpack-internal:///(app-pages-browser)/./node_modules/next/dist/compiled/react-server-dom-webpack/cjs/react-server-dom-webpack-client.browser.development.js:2184:5)
    at new Promise (<anonymous>)
    at encodeReply (webpack-internal:///(app-pages-browser)/./node_modules/next/dist/compiled/react-server-dom-webpack/cjs/react-server-dom-webpack-client.browser.development.js:2183:10)
    at fetchServerAction (webpack-internal:///(app-pages-browser)/./node_modules/next/dist/client/components/router-reducer/reducers/server-action-reducer.js:31:24)
    at serverActionReducer (webpack-internal:///(app-pages-browser)/./node_modules/next/dist/client/components/router-reducer/reducers/server-action-reducer.js:101:36)
    at clientReducer (webpack-internal:///(app-pages-browser)/./node_modules/next/dist/client/components/router-reducer/router-reducer.js:49:69)
    at Object.action (webpack-internal:///(app-pages-browser)/./node_modules/next/dist/shared/lib/router/action-queue.js:150:55)
    at runAction (webpack-internal:///(app-pages-browser)/./node_modules/next/dist/shared/lib/router/action-queue.js:56:38)
    at runRemainingActions (webpack-internal:///(app-pages-browser)/./node_modules/next/dist/shared/lib/router/action-queue.js:30:13)
    at handleResult (webpack-internal:///(app-pages-browser)/./node_modules/next/dist/shared/lib/router/action-queue.js:66:9)
[    1887ms] [ERROR] Access to fetch at 'https://clerk-telemetry.com/v1/event' from origin 'http://localhost:3000' has been blocked by CORS policy: No 'Access-Control-Allow-Origin' header is present on the requested resource. @ http://localhost:3000/sign-in:0
[    1887ms] [ERROR] Failed to load resource: net::ERR_FAILED @ https://clerk-telemetry.com/v1/event:0
[    2052ms] [VERBOSE] [DOM] Input elements should have autocomplete attributes (suggested: "current-password"): (More info: https://goo.gl/9p2vKq) %o @ http://localhost:3000/sign-in:0
[   31610ms] [VERBOSE] [DOM] Password field is not contained in a form: (More info: https://goo.gl/9p2vKq) %o @ https://accounts.google.com/v3/signin/identifier?opparams=%253F&dsh=S-972181425%3A1784648663991160&access_type=offline&client_id=787459168867-0v2orf3qo56uocsi84iroseoahhuovdm.apps.googleusercontent.com&o2v=1&redirect_uri=https%3A%2F%2Fclerk.shared.lcl.dev%2Fv1%2Foauth_callback&response_type=code&scope=openid+https%3A%2F%2Fwww.googleapis.com%2Fauth%2Fuserinfo.email+https%3A%2F%2Fwww.googleapis.com%2Fauth%2Fuserinfo.profile&service=lso&state=gx42ru7wnjncy6jbcm4x1n1iwe6078o5v4y5pps9&flowName=GeneralOAuthFlow&continue=https%3A%2F%2Faccounts.google.com%2Fsignin%2Foauth%2Fconsent%3Fauthuser%3Dunknown%26part%3DAJi8hAMpKU7rEcI6bJ3zcocraUpUW_pYltXPewSpQ3LxIKAi7FBo009p1v0dbQ_05MrtvZ6N2CrQPaxi6D8sUdn2yaITlW1K-WudtWbRq983ALmOM88KyqFPcC1s03o2cMGl0c2gqqG4IOsOpy-ZOt0RrYt_ctA_tuGrUWj5ukrqCBvcMJIciI-IOMpQThvf1DponGXrlGdeotU5hxW7cjqLrItUtPGhfHU1J5hsbHhFklPJu_LlqINuf40ofktVM_K79Ah7MlyjFmf2rup1y6TLvmgs4DNIhovennqvW8kyJNi-k0E9MW2jyHKkDoeN15E9rkky5gHXap6b8VYWHVOhMbiycIDXIDawQzGYSLIt1wuTfABZJ9nKO52Zxpu9oKUAObmb3iT4J6nuSFsMtO6QqLGkNW7Eii0x7Ta09CLVjr36bVqk2K7O---Lncj9ZVHguKKb_lam5X5EUcCd8evMwNi52r1K3ejdT-p7BXvUnxW2OdGd8ik%26flowName%3DGeneralOAuthFlow%26as%3DS-972181425%253A1784648663991160%26client_id%3D787459168867-0v2orf3qo56uocsi84iroseoahhuovdm.apps.googleusercontent.com%26requestPath%3D%252Fsignin%252Foauth%252Fconsent%23&app_domain=https%3A%2F%2Fclerk.shared.lcl.dev&rart=ANgoxcePUx2ZE41bClbds1_6Vcbz8DlfjVFRuGdtnFwHb23R1cmkUW0PVxNchuH4bNAnv8xy_w6qmW2Mezx8UWtIlLG29OakGF0bKefX8uH1dzz33sACV90:0
[   31616ms] [LOG] %c%s color: red; background: yellow; font-size: 24px; WARNING! @ https://www.gstatic.com/_/mss/boq-identity/_/js/k=boq-identity.AccountsSignInUi.en_US.C2UeKe245MY.es5.O/am=EQUAAAADdSECgP__fwMAEECQ7YDvWQBNgJABAAAAAAAAAAAWAACoEUA/d=1/excm=_b,_tp,identifierview/ed=1/dg=0/wt=2/ujg=1/rs=AOaEmlG8tMpTIeAkpltdE--5yF2z-udeYA/dti=1/m=_b,_tp:550
[   31616ms] [LOG] %c%s font-size: 18px; Using this console may allow attackers to impersonate you and steal your information using an attack called Self-XSS.
Do not enter or paste code that you do not understand. @ https://www.gstatic.com/_/mss/boq-identity/_/js/k=boq-identity.AccountsSignInUi.en_US.C2UeKe245MY.es5.O/am=EQUAAAADdSECgP__fwMAEECQ7YDvWQBNgJABAAAAAAAAAAAWAACoEUA/d=1/excm=_b,_tp,identifierview/ed=1/dg=0/wt=2/ujg=1/rs=AOaEmlG8tMpTIeAkpltdE--5yF2z-udeYA/dti=1/m=_b,_tp:550
[   36026ms] [VERBOSE] [DOM] Password field is not contained in a form: (More info: https://goo.gl/9p2vKq) %o @ https://accounts.google.com/v3/signin/challenge/pwd?TL=AE6FvyYkTqVcEn8ZTH_NxUwrgyHW-lKIRyU_ULqm5K5vSxx0vVSfW-t5VasQLDS2&access_type=offline&app_domain=https%3A%2F%2Fclerk.shared.lcl.dev&checkConnection=youtube%3A132&checkedDomains=youtube&cid=3&client_id=787459168867-0v2orf3qo56uocsi84iroseoahhuovdm.apps.googleusercontent.com&continue=https%3A%2F%2Faccounts.google.com%2Fsignin%2Foauth%2Fconsent%3Fauthuser%3Dunknown%26part%3DAJi8hAMpKU7rEcI6bJ3zcocraUpUW_pYltXPewSpQ3LxIKAi7FBo009p1v0dbQ_05MrtvZ6N2CrQPaxi6D8sUdn2yaITlW1K-WudtWbRq983ALmOM88KyqFPcC1s03o2cMGl0c2gqqG4IOsOpy-ZOt0RrYt_ctA_tuGrUWj5ukrqCBvcMJIciI-IOMpQThvf1DponGXrlGdeotU5hxW7cjqLrItUtPGhfHU1J5hsbHhFklPJu_LlqINuf40ofktVM_K79Ah7MlyjFmf2rup1y6TLvmgs4DNIhovennqvW8kyJNi-k0E9MW2jyHKkDoeN15E9rkky5gHXap6b8VYWHVOhMbiycIDXIDawQzGYSLIt1wuTfABZJ9nKO52Zxpu9oKUAObmb3iT4J6nuSFsMtO6QqLGkNW7Eii0x7Ta09CLVjr36bVqk2K7O---Lncj9ZVHguKKb_lam5X5EUcCd8evMwNi52r1K3ejdT-p7BXvUnxW2OdGd8ik%26flowName%3DGeneralOAuthFlow%26as%3DS-972181425%253A1784648663991160%26client_id%3D787459168867-0v2orf3qo56uocsi84iroseoahhuovdm.apps.googleusercontent.com%26requestPath%3D%252Fsignin%252Foauth%252Fconsent%23&dsh=S-972181425%3A1784648663991160&flowName=GeneralOAuthFlow&o2v=1&opparams=%253F&pstMsg=1&rart=ANgoxcePUx2ZE41bClbds1_6Vcbz8DlfjVFRuGdtnFwHb23R1cmkUW0PVxNchuH4bNAnv8xy_w6qmW2Mezx8UWtIlLG29OakGF0bKefX8uH1dzz33sACV90&redirect_uri=https%3A%2F%2Fclerk.shared.lcl.dev%2Fv1%2Foauth_callback&response_type=code&scope=openid%20https%3A%2F%2Fwww.googleapis.com%2Fauth%2Fuserinfo.email%20https%3A%2F%2Fwww.googleapis.com%2Fauth%2Fuserinfo.profile&service=lso&state=gx42ru7wnjncy6jbcm4x1n1iwe6078o5v4y5pps9:0
[   31610ms] [VERBOSE] [DOM] Password field is not contained in a form: (More info: https://goo.gl/9p2vKq) %o @ https://accounts.google.com/v3/signin/identifier?opparams=%253F&dsh=S-972181425%3A1784648663991160&access_type=offline&client_id=787459168867-0v2orf3qo56uocsi84iroseoahhuovdm.apps.googleusercontent.com&o2v=1&redirect_uri=https%3A%2F%2Fclerk.shared.lcl.dev%2Fv1%2Foauth_callback&response_type=code&scope=openid+https%3A%2F%2Fwww.googleapis.com%2Fauth%2Fuserinfo.email+https%3A%2F%2Fwww.googleapis.com%2Fauth%2Fuserinfo.profile&service=lso&state=gx42ru7wnjncy6jbcm4x1n1iwe6078o5v4y5pps9&flowName=GeneralOAuthFlow&continue=https%3A%2F%2Faccounts.google.com%2Fsignin%2Foauth%2Fconsent%3Fauthuser%3Dunknown%26part%3DAJi8hAMpKU7rEcI6bJ3zcocraUpUW_pYltXPewSpQ3LxIKAi7FBo009p1v0dbQ_05MrtvZ6N2CrQPaxi6D8sUdn2yaITlW1K-WudtWbRq983ALmOM88KyqFPcC1s03o2cMGl0c2gqqG4IOsOpy-ZOt0RrYt_ctA_tuGrUWj5ukrqCBvcMJIciI-IOMpQThvf1DponGXrlGdeotU5hxW7cjqLrItUtPGhfHU1J5hsbHhFklPJu_LlqINuf40ofktVM_K79Ah7MlyjFmf2rup1y6TLvmgs4DNIhovennqvW8kyJNi-k0E9MW2jyHKkDoeN15E9rkky5gHXap6b8VYWHVOhMbiycIDXIDawQzGYSLIt1wuTfABZJ9nKO52Zxpu9oKUAObmb3iT4J6nuSFsMtO6QqLGkNW7Eii0x7Ta09CLVjr36bVqk2K7O---Lncj9ZVHguKKb_lam5X5EUcCd8evMwNi52r1K3ejdT-p7BXvUnxW2OdGd8ik%26flowName%3DGeneralOAuthFlow%26as%3DS-972181425%253A1784648663991160%26client_id%3D787459168867-0v2orf3qo56uocsi84iroseoahhuovdm.apps.googleusercontent.com%26requestPath%3D%252Fsignin%252Foauth%252Fconsent%23&app_domain=https%3A%2F%2Fclerk.shared.lcl.dev&rart=ANgoxcePUx2ZE41bClbds1_6Vcbz8DlfjVFRuGdtnFwHb23R1cmkUW0PVxNchuH4bNAnv8xy_w6qmW2Mezx8UWtIlLG29OakGF0bKefX8uH1dzz33sACV90:0
[   36026ms] [VERBOSE] [DOM] Password field is not contained in a form: (More info: https://goo.gl/9p2vKq) %o @ https://accounts.google.com/v3/signin/challenge/pwd?TL=AE6FvyYkTqVcEn8ZTH_NxUwrgyHW-lKIRyU_ULqm5K5vSxx0vVSfW-t5VasQLDS2&access_type=offline&app_domain=https%3A%2F%2Fclerk.shared.lcl.dev&checkConnection=youtube%3A132&checkedDomains=youtube&cid=3&client_id=787459168867-0v2orf3qo56uocsi84iroseoahhuovdm.apps.googleusercontent.com&continue=https%3A%2F%2Faccounts.google.com%2Fsignin%2Foauth%2Fconsent%3Fauthuser%3Dunknown%26part%3DAJi8hAMpKU7rEcI6bJ3zcocraUpUW_pYltXPewSpQ3LxIKAi7FBo009p1v0dbQ_05MrtvZ6N2CrQPaxi6D8sUdn2yaITlW1K-WudtWbRq983ALmOM88KyqFPcC1s03o2cMGl0c2gqqG4IOsOpy-ZOt0RrYt_ctA_tuGrUWj5ukrqCBvcMJIciI-IOMpQThvf1DponGXrlGdeotU5hxW7cjqLrItUtPGhfHU1J5hsbHhFklPJu_LlqINuf40ofktVM_K79Ah7MlyjFmf2rup1y6TLvmgs4DNIhovennqvW8kyJNi-k0E9MW2jyHKkDoeN15E9rkky5gHXap6b8VYWHVOhMbiycIDXIDawQzGYSLIt1wuTfABZJ9nKO52Zxpu9oKUAObmb3iT4J6nuSFsMtO6QqLGkNW7Eii0x7Ta09CLVjr36bVqk2K7O---Lncj9ZVHguKKb_lam5X5EUcCd8evMwNi52r1K3ejdT-p7BXvUnxW2OdGd8ik%26flowName%3DGeneralOAuthFlow%26as%3DS-972181425%253A1784648663991160%26client_id%3D787459168867-0v2orf3qo56uocsi84iroseoahhuovdm.apps.googleusercontent.com%26requestPath%3D%252Fsignin%252Foauth%252Fconsent%23&dsh=S-972181425%3A1784648663991160&flowName=GeneralOAuthFlow&o2v=1&opparams=%253F&pstMsg=1&rart=ANgoxcePUx2ZE41bClbds1_6Vcbz8DlfjVFRuGdtnFwHb23R1cmkUW0PVxNchuH4bNAnv8xy_w6qmW2Mezx8UWtIlLG29OakGF0bKefX8uH1dzz33sACV90&redirect_uri=https%3A%2F%2Fclerk.shared.lcl.dev%2Fv1%2Foauth_callback&response_type=code&scope=openid%20https%3A%2F%2Fwww.googleapis.com%2Fauth%2Fuserinfo.email%20https%3A%2F%2Fwww.googleapis.com%2Fauth%2Fuserinfo.profile&service=lso&state=gx42ru7wnjncy6jbcm4x1n1iwe6078o5v4y5pps9:0
[   49563ms] [LOG] %c%s color: red; background: yellow; font-size: 24px; WARNING! @ https://www.gstatic.com/_/mss/boq-identity/_/js/k=boq-identity.OAuthUi.en.S4mL5RHK_pg.es5.O/am=EgAAAAAIAQKA___fAIJsB-4ZQAECAAAAAAAAAAADAEAE/d=1/excm=_b,_tp,attributesview/ed=1/dg=0/wt=2/ujg=1/rs=AOaEmlGSOiPXlezAgKpU31Vi3J97JwYzHw/dti=1/m=_b,_tp:535
[   49563ms] [LOG] %c%s font-size: 18px; Using this console may allow attackers to impersonate you and steal your information using an attack called Self-XSS.
Do not enter or paste code that you do not understand. @ https://www.gstatic.com/_/mss/boq-identity/_/js/k=boq-identity.OAuthUi.en.S4mL5RHK_pg.es5.O/am=EgAAAAAIAQKA___fAIJsB-4ZQAECAAAAAAAAAAADAEAE/d=1/excm=_b,_tp,attributesview/ed=1/dg=0/wt=2/ujg=1/rs=AOaEmlGSOiPXlezAgKpU31Vi3J97JwYzHw/dti=1/m=_b,_tp:535
[   52247ms] [INFO] %cDownload the React DevTools for a better development experience: https://reactjs.org/link/react-devtools font-weight:bold @ webpack-internal:///(app-pages-browser)/./node_modules/next/dist/compiled/react-dom/cjs/react-dom.development.js:38559
[   52305ms] [WARNING] Clerk: Clerk has been loaded with development keys. Development instances have strict usage limits and should not be used when deploying your application to production. Learn more: https://clerk.com/docs/deployments/overview @ https://healthy-snipe-46.clerk.accounts.dev/npm/@clerk/clerk-js@5/dist/clerk.browser.js:18
[   52359ms] [ERROR] Warning: React Element cannot be passed to Server Functions from the Client.%s 
  {publishableKey: ..., secretKey: ..., claimUrl: ..., apiKeysUrl: ..., children: </>, returnUrl: ...}
                                                                                  ^^^ @ webpack-internal:///(app-pages-browser)/./node_modules/next/dist/client/app-index.js:32
[   52359ms] [ERROR] Warning: React Lazy cannot be passed to Server Functions from the Client.%s 
  </> @ webpack-internal:///(app-pages-browser)/./node_modules/next/dist/client/app-index.js:32
[   52360ms] [ERROR] Warning: React Element cannot be passed to Server Functions from the Client.%s 
  {publishableKey: ..., secretKey: ..., claimUrl: ..., apiKeysUrl: ..., children: </>, returnUrl: ...}
                                                                                  ^^^ @ webpack-internal:///(app-pages-browser)/./node_modules/next/dist/client/app-index.js:32
[   52360ms] [ERROR] Warning: React Lazy cannot be passed to Server Functions from the Client.%s 
  </> @ webpack-internal:///(app-pages-browser)/./node_modules/next/dist/client/app-index.js:32
[   52363ms] Error: Client Functions cannot be passed directly to Server Functions. Only Functions passed from the Server can be passed back again.
    at Object.resolveToJSON (webpack-internal:///(app-pages-browser)/./node_modules/next/dist/compiled/react-server-dom-webpack/cjs/react-server-dom-webpack-client.browser.development.js:1039:13)
    at JSON.stringify (<anonymous>)
    at eval (webpack-internal:///(app-pages-browser)/./node_modules/next/dist/compiled/react-server-dom-webpack/cjs/react-server-dom-webpack-client.browser.development.js:889:31)
    at Chunk.then (webpack-internal:///(app-pages-browser)/./node_modules/next/dist/compiled/react-server-dom-webpack/cjs/react-server-dom-webpack-client.browser.development.js:1141:7)
    at Object.resolveToJSON (webpack-internal:///(app-pages-browser)/./node_modules/next/dist/compiled/react-server-dom-webpack/cjs/react-server-dom-webpack-client.browser.development.js:888:18)
    at JSON.stringify (<anonymous>)
    at processReply (webpack-internal:///(app-pages-browser)/./node_modules/next/dist/compiled/react-server-dom-webpack/cjs/react-server-dom-webpack-client.browser.development.js:1062:19)
    at eval (webpack-internal:///(app-pages-browser)/./node_modules/next/dist/compiled/react-server-dom-webpack/cjs/react-server-dom-webpack-client.browser.development.js:2184:5)
    at new Promise (<anonymous>)
    at encodeReply (webpack-internal:///(app-pages-browser)/./node_modules/next/dist/compiled/react-server-dom-webpack/cjs/react-server-dom-webpack-client.browser.development.js:2183:10)
    at fetchServerAction (webpack-internal:///(app-pages-browser)/./node_modules/next/dist/client/components/router-reducer/reducers/server-action-reducer.js:31:24)
    at serverActionReducer (webpack-internal:///(app-pages-browser)/./node_modules/next/dist/client/components/router-reducer/reducers/server-action-reducer.js:101:36)
    at clientReducer (webpack-internal:///(app-pages-browser)/./node_modules/next/dist/client/components/router-reducer/router-reducer.js:49:69)
    at Object.action (webpack-internal:///(app-pages-browser)/./node_modules/next/dist/shared/lib/router/action-queue.js:150:55)
    at runAction (webpack-internal:///(app-pages-browser)/./node_modules/next/dist/shared/lib/router/action-queue.js:56:38)
    at runRemainingActions (webpack-internal:///(app-pages-browser)/./node_modules/next/dist/shared/lib/router/action-queue.js:30:13)
    at handleResult (webpack-internal:///(app-pages-browser)/./node_modules/next/dist/shared/lib/router/action-queue.js:66:9)
[   52363ms] Error: Client Functions cannot be passed directly to Server Functions. Only Functions passed from the Server can be passed back again.
    at Object.resolveToJSON (webpack-internal:///(app-pages-browser)/./node_modules/next/dist/compiled/react-server-dom-webpack/cjs/react-server-dom-webpack-client.browser.development.js:1039:13)
    at JSON.stringify (<anonymous>)
    at eval (webpack-internal:///(app-pages-browser)/./node_modules/next/dist/compiled/react-server-dom-webpack/cjs/react-server-dom-webpack-client.browser.development.js:889:31)
    at Chunk.then (webpack-internal:///(app-pages-browser)/./node_modules/next/dist/compiled/react-server-dom-webpack/cjs/react-server-dom-webpack-client.browser.development.js:1141:7)
    at Object.resolveToJSON (webpack-internal:///(app-pages-browser)/./node_modules/next/dist/compiled/react-server-dom-webpack/cjs/react-server-dom-webpack-client.browser.development.js:888:18)
    at JSON.stringify (<anonymous>)
    at processReply (webpack-internal:///(app-pages-browser)/./node_modules/next/dist/compiled/react-server-dom-webpack/cjs/react-server-dom-webpack-client.browser.development.js:1062:19)
    at eval (webpack-internal:///(app-pages-browser)/./node_modules/next/dist/compiled/react-server-dom-webpack/cjs/react-server-dom-webpack-client.browser.development.js:2184:5)
    at new Promise (<anonymous>)
    at encodeReply (webpack-internal:///(app-pages-browser)/./node_modules/next/dist/compiled/react-server-dom-webpack/cjs/react-server-dom-webpack-client.browser.development.js:2183:10)
    at fetchServerAction (webpack-internal:///(app-pages-browser)/./node_modules/next/dist/client/components/router-reducer/reducers/server-action-reducer.js:31:24)
    at serverActionReducer (webpack-internal:///(app-pages-browser)/./node_modules/next/dist/client/components/router-reducer/reducers/server-action-reducer.js:101:36)
    at clientReducer (webpack-internal:///(app-pages-browser)/./node_modules/next/dist/client/components/router-reducer/router-reducer.js:49:69)
    at Object.action (webpack-internal:///(app-pages-browser)/./node_modules/next/dist/shared/lib/router/action-queue.js:150:55)
    at runAction (webpack-internal:///(app-pages-browser)/./node_modules/next/dist/shared/lib/router/action-queue.js:56:38)
    at runRemainingActions (webpack-internal:///(app-pages-browser)/./node_modules/next/dist/shared/lib/router/action-queue.js:30:13)
    at handleResult (webpack-internal:///(app-pages-browser)/./node_modules/next/dist/shared/lib/router/action-queue.js:66:9)
[   52677ms] [WARNING] No available adapters. @ https://challenges.cloudflare.com/cdn-cgi/challenge-platform/h/b/turnstile/f/av0/rch/kecmw/0x4AAAAAAAWXJGBD7bONzLBd/auto/fbE/new/normal?lang=en-us:0
[   53357ms] [WARNING] [.WebGL-0x16bc0236aa00]GL Driver Message (OpenGL, Performance, GL_CLOSE_PATH_NV, High): GPU stall due to ReadPixels @ https://challenges.cloudflare.com/cdn-cgi/challenge-platform/h/b/turnstile/f/av0/rch/kecmw/0x4AAAAAAAWXJGBD7bONzLBd/auto/fbE/new/normal?lang=en-us:0
[   53357ms] [WARNING] [.WebGL-0x16bc0236aa00]GL Driver Message (OpenGL, Performance, GL_CLOSE_PATH_NV, High): GPU stall due to ReadPixels @ https://challenges.cloudflare.com/cdn-cgi/challenge-platform/h/b/turnstile/f/av0/rch/kecmw/0x4AAAAAAAWXJGBD7bONzLBd/auto/fbE/new/normal?lang=en-us:0
[   53405ms] [LOG] /.*.*=.*/ @ https://challenges.cloudflare.com/cdn-cgi/challenge-platform/h/b/turnstile/f/av0/rch/kecmw/0x4AAAAAAAWXJGBD7bONzLBd/auto/fbE/new/normal?lang=en-us:0
[   53406ms] [LOG] /.*.*=.*/ @ https://challenges.cloudflare.com/cdn-cgi/challenge-platform/h/b/turnstile/f/av0/rch/kecmw/0x4AAAAAAAWXJGBD7bONzLBd/auto/fbE/new/normal?lang=en-us:0
[   53406ms] [LOG] function () { [native code] } @ https://challenges.cloudflare.com/cdn-cgi/challenge-platform/h/b/turnstile/f/av0/rch/kecmw/0x4AAAAAAAWXJGBD7bONzLBd/auto/fbE/new/normal?lang=en-us:0
[   53406ms] [LOG] function () { [native code] } @ https://challenges.cloudflare.com/cdn-cgi/challenge-platform/h/b/turnstile/f/av0/rch/kecmw/0x4AAAAAAAWXJGBD7bONzLBd/auto/fbE/new/normal?lang=en-us:0
[   53407ms] [LOG] JSHandle@node @ https://challenges.cloudflare.com/cdn-cgi/challenge-platform/h/b/turnstile/f/av0/rch/kecmw/0x4AAAAAAAWXJGBD7bONzLBd/auto/fbE/new/normal?lang=en-us:0
[   53408ms] [LOG] JSHandle@node @ https://challenges.cloudflare.com/cdn-cgi/challenge-platform/h/b/turnstile/f/av0/rch/kecmw/0x4AAAAAAAWXJGBD7bONzLBd/auto/fbE/new/normal?lang=en-us:0
[   53409ms] [COUNT]  : 1 @ https://challenges.cloudflare.com/cdn-cgi/challenge-platform/h/b/turnstile/f/av0/rch/kecmw/0x4AAAAAAAWXJGBD7bONzLBd/auto/fbE/new/normal?lang=en-us:0
[   53409ms] [COUNT]  : 1 @ https://challenges.cloudflare.com/cdn-cgi/challenge-platform/h/b/turnstile/f/av0/rch/kecmw/0x4AAAAAAAWXJGBD7bONzLBd/auto/fbE/new/normal?lang=en-us:0
[   53410ms] [DIR]  Error @ https://challenges.cloudflare.com/cdn-cgi/challenge-platform/h/b/turnstile/f/av0/rch/kecmw/0x4AAAAAAAWXJGBD7bONzLBd/auto/fbE/new/normal?lang=en-us:0
[   53410ms] [DIR]  Error @ https://challenges.cloudflare.com/cdn-cgi/challenge-platform/h/b/turnstile/f/av0/rch/kecmw/0x4AAAAAAAWXJGBD7bONzLBd/auto/fbE/new/normal?lang=en-us:0
[   53410ms] [DIRXML] %c%d font-size:0;color:transparent Error @ https://challenges.cloudflare.com/cdn-cgi/challenge-platform/h/b/turnstile/f/av0/rch/kecmw/0x4AAAAAAAWXJGBD7bONzLBd/auto/fbE/new/normal?lang=en-us:0
[   53410ms] [DIRXML] %c%d font-size:0;color:transparent Error @ https://challenges.cloudflare.com/cdn-cgi/challenge-platform/h/b/turnstile/f/av0/rch/kecmw/0x4AAAAAAAWXJGBD7bONzLBd/auto/fbE/new/normal?lang=en-us:0
[   53410ms] [ERROR] %c%d font-size:0;color:transparent NaN @ https://challenges.cloudflare.com/cdn-cgi/challenge-platform/h/b/turnstile/f/av0/rch/kecmw/0x4AAAAAAAWXJGBD7bONzLBd/auto/fbE/new/normal?lang=en-us:0
[   53411ms] [ERROR] %c%d font-size:0;color:transparent NaN @ https://challenges.cloudflare.com/cdn-cgi/challenge-platform/h/b/turnstile/f/av0/rch/kecmw/0x4AAAAAAAWXJGBD7bONzLBd/auto/fbE/new/normal?lang=en-us:0
[   53411ms] [INFO] %c%d font-size:0;color:transparent NaN @ https://challenges.cloudflare.com/cdn-cgi/challenge-platform/h/b/turnstile/f/av0/rch/kecmw/0x4AAAAAAAWXJGBD7bONzLBd/auto/fbE/new/normal?lang=en-us:0
[   53411ms] [INFO] %c%d font-size:0;color:transparent NaN @ https://challenges.cloudflare.com/cdn-cgi/challenge-platform/h/b/turnstile/f/av0/rch/kecmw/0x4AAAAAAAWXJGBD7bONzLBd/auto/fbE/new/normal?lang=en-us:0
[   53411ms] [LOG] %c%d font-size:0;color:transparent NaN @ https://challenges.cloudflare.com/cdn-cgi/challenge-platform/h/b/turnstile/f/av0/rch/kecmw/0x4AAAAAAAWXJGBD7bONzLBd/auto/fbE/new/normal?lang=en-us:0
[   53411ms] [LOG] %c%d font-size:0;color:transparent NaN @ https://challenges.cloudflare.com/cdn-cgi/challenge-platform/h/b/turnstile/f/av0/rch/kecmw/0x4AAAAAAAWXJGBD7bONzLBd/auto/fbE/new/normal?lang=en-us:0
[   53411ms] [TABLE] %c%d font-size:0;color:transparent Error @ https://challenges.cloudflare.com/cdn-cgi/challenge-platform/h/b/turnstile/f/av0/rch/kecmw/0x4AAAAAAAWXJGBD7bONzLBd/auto/fbE/new/normal?lang=en-us:0
[   53411ms] [TABLE] %c%d font-size:0;color:transparent Error @ https://challenges.cloudflare.com/cdn-cgi/challenge-platform/h/b/turnstile/f/av0/rch/kecmw/0x4AAAAAAAWXJGBD7bONzLBd/auto/fbE/new/normal?lang=en-us:0
[   53412ms] [WARNING] %c%d font-size:0;color:transparent NaN @ https://challenges.cloudflare.com/cdn-cgi/challenge-platform/h/b/turnstile/f/av0/rch/kecmw/0x4AAAAAAAWXJGBD7bONzLBd/auto/fbE/new/normal?lang=en-us:0
[   53412ms] [WARNING] %c%d font-size:0;color:transparent NaN @ https://challenges.cloudflare.com/cdn-cgi/challenge-platform/h/b/turnstile/f/av0/rch/kecmw/0x4AAAAAAAWXJGBD7bONzLBd/auto/fbE/new/normal?lang=en-us:0
[   53665ms] [WARNING] OTS parsing error: Size of decompressed WOFF 2.0 is less than compressed size @ https://challenges.cloudflare.com/cdn-cgi/challenge-platform/h/b/turnstile/f/av0/rch/kecmw/0x4AAAAAAAWXJGBD7bONzLBd/auto/fbE/new/normal?lang=en-us:0
[   56777ms] [INFO] 🔒 Clerk:
The <SignIn/> component cannot render when a user is already signed in, unless the application allows multiple sessions. Since a user is signed in and this application only allows a single session, Clerk is redirecting to the `afterSignIn` URL instead.
(This notice only appears in development) @ https://healthy-snipe-46.clerk.accounts.dev/npm/@clerk/clerk-js@5.127.1/dist/ui-common_clerk.browser_9854dd_5.127.1.js:4
[   56844ms] [INFO] 🔒 Clerk:
The <SignIn/> component cannot render when a user is already signed in, unless the application allows multiple sessions. Since a user is signed in and this application only allows a single session, Clerk is redirecting to the `afterSignIn` URL instead.
(This notice only appears in development) @ https://healthy-snipe-46.clerk.accounts.dev/npm/@clerk/clerk-js@5.127.1/dist/ui-common_clerk.browser_9854dd_5.127.1.js:4
[   56854ms] [INFO] 🔒 Clerk:
The <SignIn/> component cannot render when a user is already signed in, unless the application allows multiple sessions. Since a user is signed in and this application only allows a single session, Clerk is redirecting to the `afterSignIn` URL instead.
(This notice only appears in development) @ https://healthy-snipe-46.clerk.accounts.dev/npm/@clerk/clerk-js@5.127.1/dist/ui-common_clerk.browser_9854dd_5.127.1.js:4
[   56865ms] [INFO] 🔒 Clerk:
The <SignIn/> component cannot render when a user is already signed in, unless the application allows multiple sessions. Since a user is signed in and this application only allows a single session, Clerk is redirecting to the `afterSignIn` URL instead.
(This notice only appears in development) @ https://healthy-snipe-46.clerk.accounts.dev/npm/@clerk/clerk-js@5.127.1/dist/ui-common_clerk.browser_9854dd_5.127.1.js:4
[   56880ms] [INFO] 🔒 Clerk:
The <SignIn/> component cannot render when a user is already signed in, unless the application allows multiple sessions. Since a user is signed in and this application only allows a single session, Clerk is redirecting to the `afterSignIn` URL instead.
(This notice only appears in development) @ https://healthy-snipe-46.clerk.accounts.dev/npm/@clerk/clerk-js@5.127.1/dist/ui-common_clerk.browser_9854dd_5.127.1.js:4
[   56890ms] [INFO] 🔒 Clerk:
The <SignIn/> component cannot render when a user is already signed in, unless the application allows multiple sessions. Since a user is signed in and this application only allows a single session, Clerk is redirecting to the `afterSignIn` URL instead.
(This notice only appears in development) @ https://healthy-snipe-46.clerk.accounts.dev/npm/@clerk/clerk-js@5.127.1/dist/ui-common_clerk.browser_9854dd_5.127.1.js:4
[   56900ms] [INFO] 🔒 Clerk:
The <SignIn/> component cannot render when a user is already signed in, unless the application allows multiple sessions. Since a user is signed in and this application only allows a single session, Clerk is redirecting to the `afterSignIn` URL instead.
(This notice only appears in development) @ https://healthy-snipe-46.clerk.accounts.dev/npm/@clerk/clerk-js@5.127.1/dist/ui-common_clerk.browser_9854dd_5.127.1.js:4
[   56910ms] [INFO] 🔒 Clerk:
The <SignIn/> component cannot render when a user is already signed in, unless the application allows multiple sessions. Since a user is signed in and this application only allows a single session, Clerk is redirecting to the `afterSignIn` URL instead.
(This notice only appears in development) @ https://healthy-snipe-46.clerk.accounts.dev/npm/@clerk/clerk-js@5.127.1/dist/ui-common_clerk.browser_9854dd_5.127.1.js:4
[   56921ms] [INFO] 🔒 Clerk:
The <SignIn/> component cannot render when a user is already signed in, unless the application allows multiple sessions. Since a user is signed in and this application only allows a single session, Clerk is redirecting to the `afterSignIn` URL instead.
(This notice only appears in development) @ https://healthy-snipe-46.clerk.accounts.dev/npm/@clerk/clerk-js@5.127.1/dist/ui-common_clerk.browser_9854dd_5.127.1.js:4
[   56931ms] [INFO] 🔒 Clerk:
The <SignIn/> component cannot render when a user is already signed in, unless the application allows multiple sessions. Since a user is signed in and this application only allows a single session, Clerk is redirecting to the `afterSignIn` URL instead.
(This notice only appears in development) @ https://healthy-snipe-46.clerk.accounts.dev/npm/@clerk/clerk-js@5.127.1/dist/ui-common_clerk.browser_9854dd_5.127.1.js:4
[   56941ms] [INFO] 🔒 Clerk:
The <SignIn/> component cannot render when a user is already signed in, unless the application allows multiple sessions. Since a user is signed in and this application only allows a single session, Clerk is redirecting to the `afterSignIn` URL instead.
(This notice only appears in development) @ https://healthy-snipe-46.clerk.accounts.dev/npm/@clerk/clerk-js@5.127.1/dist/ui-common_clerk.browser_9854dd_5.127.1.js:4
[   56949ms] [INFO] 🔒 Clerk:
The <SignIn/> component cannot render when a user is already signed in, unless the application allows multiple sessions. Since a user is signed in and this application only allows a single session, Clerk is redirecting to the `afterSignIn` URL instead.
(This notice only appears in development) @ https://healthy-snipe-46.clerk.accounts.dev/npm/@clerk/clerk-js@5.127.1/dist/ui-common_clerk.browser_9854dd_5.127.1.js:4
[   56960ms] [INFO] 🔒 Clerk:
The <SignIn/> component cannot render when a user is already signed in, unless the application allows multiple sessions. Since a user is signed in and this application only allows a single session, Clerk is redirecting to the `afterSignIn` URL instead.
(This notice only appears in development) @ https://healthy-snipe-46.clerk.accounts.dev/npm/@clerk/clerk-js@5.127.1/dist/ui-common_clerk.browser_9854dd_5.127.1.js:4
[   56970ms] [INFO] 🔒 Clerk:
The <SignIn/> component cannot render when a user is already signed in, unless the application allows multiple sessions. Since a user is signed in and this application only allows a single session, Clerk is redirecting to the `afterSignIn` URL instead.
(This notice only appears in development) @ https://healthy-snipe-46.clerk.accounts.dev/npm/@clerk/clerk-js@5.127.1/dist/ui-common_clerk.browser_9854dd_5.127.1.js:4
[   56978ms] [INFO] 🔒 Clerk:
The <SignIn/> component cannot render when a user is already signed in, unless the application allows multiple sessions. Since a user is signed in and this application only allows a single session, Clerk is redirecting to the `afterSignIn` URL instead.
(This notice only appears in development) @ https://healthy-snipe-46.clerk.accounts.dev/npm/@clerk/clerk-js@5.127.1/dist/ui-common_clerk.browser_9854dd_5.127.1.js:4
[   56989ms] [INFO] 🔒 Clerk:
The <SignIn/> component cannot render when a user is already signed in, unless the application allows multiple sessions. Since a user is signed in and this application only allows a single session, Clerk is redirecting to the `afterSignIn` URL instead.
(This notice only appears in development) @ https://healthy-snipe-46.clerk.accounts.dev/npm/@clerk/clerk-js@5.127.1/dist/ui-common_clerk.browser_9854dd_5.127.1.js:4
[   56996ms] [INFO] 🔒 Clerk:
The <SignIn/> component cannot render when a user is already signed in, unless the application allows multiple sessions. Since a user is signed in and this application only allows a single session, Clerk is redirecting to the `afterSignIn` URL instead.
(This notice only appears in development) @ https://healthy-snipe-46.clerk.accounts.dev/npm/@clerk/clerk-js@5.127.1/dist/ui-common_clerk.browser_9854dd_5.127.1.js:4
[   57008ms] [INFO] 🔒 Clerk:
The <SignIn/> component cannot render when a user is already signed in, unless the application allows multiple sessions. Since a user is signed in and this application only allows a single session, Clerk is redirecting to the `afterSignIn` URL instead.
(This notice only appears in development) @ https://healthy-snipe-46.clerk.accounts.dev/npm/@clerk/clerk-js@5.127.1/dist/ui-common_clerk.browser_9854dd_5.127.1.js:4
[   57015ms] [INFO] 🔒 Clerk:
The <SignIn/> component cannot render when a user is already signed in, unless the application allows multiple sessions. Since a user is signed in and this application only allows a single session, Clerk is redirecting to the `afterSignIn` URL instead.
(This notice only appears in development) @ https://healthy-snipe-46.clerk.accounts.dev/npm/@clerk/clerk-js@5.127.1/dist/ui-common_clerk.browser_9854dd_5.127.1.js:4
[   57026ms] [INFO] 🔒 Clerk:
The <SignIn/> component cannot render when a user is already signed in, unless the application allows multiple sessions. Since a user is signed in and this application only allows a single session, Clerk is redirecting to the `afterSignIn` URL instead.
(This notice only appears in development) @ https://healthy-snipe-46.clerk.accounts.dev/npm/@clerk/clerk-js@5.127.1/dist/ui-common_clerk.browser_9854dd_5.127.1.js:4
[   57035ms] [INFO] 🔒 Clerk:
The <SignIn/> component cannot render when a user is already signed in, unless the application allows multiple sessions. Since a user is signed in and this application only allows a single session, Clerk is redirecting to the `afterSignIn` URL instead.
(This notice only appears in development) @ https://healthy-snipe-46.clerk.accounts.dev/npm/@clerk/clerk-js@5.127.1/dist/ui-common_clerk.browser_9854dd_5.127.1.js:4
[   57044ms] [INFO] 🔒 Clerk:
The <SignIn/> component cannot render when a user is already signed in, unless the application allows multiple sessions. Since a user is signed in and this application only allows a single session, Clerk is redirecting to the `afterSignIn` URL instead.
(This notice only appears in development) @ https://healthy-snipe-46.clerk.accounts.dev/npm/@clerk/clerk-js@5.127.1/dist/ui-common_clerk.browser_9854dd_5.127.1.js:4
[   57057ms] [INFO] 🔒 Clerk:
The <SignIn/> component cannot render when a user is already signed in, unless the application allows multiple sessions. Since a user is signed in and this application only allows a single session, Clerk is redirecting to the `afterSignIn` URL instead.
(This notice only appears in development) @ https://healthy-snipe-46.clerk.accounts.dev/npm/@clerk/clerk-js@5.127.1/dist/ui-common_clerk.browser_9854dd_5.127.1.js:4
[   57064ms] [INFO] 🔒 Clerk:
The <SignIn/> component cannot render when a user is already signed in, unless the application allows multiple sessions. Since a user is signed in and this application only allows a single session, Clerk is redirecting to the `afterSignIn` URL instead.
(This notice only appears in development) @ https://healthy-snipe-46.clerk.accounts.dev/npm/@clerk/clerk-js@5.127.1/dist/ui-common_clerk.browser_9854dd_5.127.1.js:4
[   57076ms] [INFO] 🔒 Clerk:
The <SignIn/> component cannot render when a user is already signed in, unless the application allows multiple sessions. Since a user is signed in and this application only allows a single session, Clerk is redirecting to the `afterSignIn` URL instead.
(This notice only appears in development) @ https://healthy-snipe-46.clerk.accounts.dev/npm/@clerk/clerk-js@5.127.1/dist/ui-common_clerk.browser_9854dd_5.127.1.js:4
[   57085ms] [INFO] 🔒 Clerk:
The <SignIn/> component cannot render when a user is already signed in, unless the application allows multiple sessions. Since a user is signed in and this application only allows a single session, Clerk is redirecting to the `afterSignIn` URL instead.
(This notice only appears in development) @ https://healthy-snipe-46.clerk.accounts.dev/npm/@clerk/clerk-js@5.127.1/dist/ui-common_clerk.browser_9854dd_5.127.1.js:4
[   57095ms] [INFO] 🔒 Clerk:
The <SignIn/> component cannot render when a user is already signed in, unless the application allows multiple sessions. Since a user is signed in and this application only allows a single session, Clerk is redirecting to the `afterSignIn` URL instead.
(This notice only appears in development) @ https://healthy-snipe-46.clerk.accounts.dev/npm/@clerk/clerk-js@5.127.1/dist/ui-common_clerk.browser_9854dd_5.127.1.js:4
[   57106ms] [INFO] 🔒 Clerk:
The <SignIn/> component cannot render when a user is already signed in, unless the application allows multiple sessions. Since a user is signed in and this application only allows a single session, Clerk is redirecting to the `afterSignIn` URL instead.
(This notice only appears in development) @ https://healthy-snipe-46.clerk.accounts.dev/npm/@clerk/clerk-js@5.127.1/dist/ui-common_clerk.browser_9854dd_5.127.1.js:4
[   57120ms] [INFO] 🔒 Clerk:
The <SignIn/> component cannot render when a user is already signed in, unless the application allows multiple sessions. Since a user is signed in and this application only allows a single session, Clerk is redirecting to the `afterSignIn` URL instead.
(This notice only appears in development) @ https://healthy-snipe-46.clerk.accounts.dev/npm/@clerk/clerk-js@5.127.1/dist/ui-common_clerk.browser_9854dd_5.127.1.js:4
[   57129ms] [INFO] 🔒 Clerk:
The <SignIn/> component cannot render when a user is already signed in, unless the application allows multiple sessions. Since a user is signed in and this application only allows a single session, Clerk is redirecting to the `afterSignIn` URL instead.
(This notice only appears in development) @ https://healthy-snipe-46.clerk.accounts.dev/npm/@clerk/clerk-js@5.127.1/dist/ui-common_clerk.browser_9854dd_5.127.1.js:4
[   57138ms] [INFO] 🔒 Clerk:
The <SignIn/> component cannot render when a user is already signed in, unless the application allows multiple sessions. Since a user is signed in and this application only allows a single session, Clerk is redirecting to the `afterSignIn` URL instead.
(This notice only appears in development) @ https://healthy-snipe-46.clerk.accounts.dev/npm/@clerk/clerk-js@5.127.1/dist/ui-common_clerk.browser_9854dd_5.127.1.js:4
[   57146ms] [INFO] 🔒 Clerk:
The <SignIn/> component cannot render when a user is already signed in, unless the application allows multiple sessions. Since a user is signed in and this application only allows a single session, Clerk is redirecting to the `afterSignIn` URL instead.
(This notice only appears in development) @ https://healthy-snipe-46.clerk.accounts.dev/npm/@clerk/clerk-js@5.127.1/dist/ui-common_clerk.browser_9854dd_5.127.1.js:4
[   57154ms] [INFO] 🔒 Clerk:
The <SignIn/> component cannot render when a user is already signed in, unless the application allows multiple sessions. Since a user is signed in and this application only allows a single session, Clerk is redirecting to the `afterSignIn` URL instead.
(This notice only appears in development) @ https://healthy-snipe-46.clerk.accounts.dev/npm/@clerk/clerk-js@5.127.1/dist/ui-common_clerk.browser_9854dd_5.127.1.js:4
[   57162ms] [INFO] 🔒 Clerk:
The <SignIn/> component cannot render when a user is already signed in, unless the application allows multiple sessions. Since a user is signed in and this application only allows a single session, Clerk is redirecting to the `afterSignIn` URL instead.
(This notice only appears in development) @ https://healthy-snipe-46.clerk.accounts.dev/npm/@clerk/clerk-js@5.127.1/dist/ui-common_clerk.browser_9854dd_5.127.1.js:4
[   57172ms] [INFO] 🔒 Clerk:
The <SignIn/> component cannot render when a user is already signed in, unless the application allows multiple sessions. Since a user is signed in and this application only allows a single session, Clerk is redirecting to the `afterSignIn` URL instead.
(This notice only appears in development) @ https://healthy-snipe-46.clerk.accounts.dev/npm/@clerk/clerk-js@5.127.1/dist/ui-common_clerk.browser_9854dd_5.127.1.js:4
[   57181ms] [INFO] 🔒 Clerk:
The <SignIn/> component cannot render when a user is already signed in, unless the application allows multiple sessions. Since a user is signed in and this application only allows a single session, Clerk is redirecting to the `afterSignIn` URL instead.
(This notice only appears in development) @ https://healthy-snipe-46.clerk.accounts.dev/npm/@clerk/clerk-js@5.127.1/dist/ui-common_clerk.browser_9854dd_5.127.1.js:4
[   57188ms] [INFO] 🔒 Clerk:
The <SignIn/> component cannot render when a user is already signed in, unless the application allows multiple sessions. Since a user is signed in and this application only allows a single session, Clerk is redirecting to the `afterSignIn` URL instead.
(This notice only appears in development) @ https://healthy-snipe-46.clerk.accounts.dev/npm/@clerk/clerk-js@5.127.1/dist/ui-common_clerk.browser_9854dd_5.127.1.js:4
[   57199ms] [INFO] 🔒 Clerk:
The <SignIn/> component cannot render when a user is already signed in, unless the application allows multiple sessions. Since a user is signed in and this application only allows a single session, Clerk is redirecting to the `afterSignIn` URL instead.
(This notice only appears in development) @ https://healthy-snipe-46.clerk.accounts.dev/npm/@clerk/clerk-js@5.127.1/dist/ui-common_clerk.browser_9854dd_5.127.1.js:4
[   57212ms] [INFO] 🔒 Clerk:
The <SignIn/> component cannot render when a user is already signed in, unless the application allows multiple sessions. Since a user is signed in and this application only allows a single session, Clerk is redirecting to the `afterSignIn` URL instead.
(This notice only appears in development) @ https://healthy-snipe-46.clerk.accounts.dev/npm/@clerk/clerk-js@5.127.1/dist/ui-common_clerk.browser_9854dd_5.127.1.js:4
[   57224ms] [INFO] 🔒 Clerk:
The <SignIn/> component cannot render when a user is already signed in, unless the application allows multiple sessions. Since a user is signed in and this application only allows a single session, Clerk is redirecting to the `afterSignIn` URL instead.
(This notice only appears in development) @ https://healthy-snipe-46.clerk.accounts.dev/npm/@clerk/clerk-js@5.127.1/dist/ui-common_clerk.browser_9854dd_5.127.1.js:4
[   57234ms] [INFO] 🔒 Clerk:
The <SignIn/> component cannot render when a user is already signed in, unless the application allows multiple sessions. Since a user is signed in and this application only allows a single session, Clerk is redirecting to the `afterSignIn` URL instead.
(This notice only appears in development) @ https://healthy-snipe-46.clerk.accounts.dev/npm/@clerk/clerk-js@5.127.1/dist/ui-common_clerk.browser_9854dd_5.127.1.js:4
[   57245ms] [INFO] 🔒 Clerk:
The <SignIn/> component cannot render when a user is already signed in, unless the application allows multiple sessions. Since a user is signed in and this application only allows a single session, Clerk is redirecting to the `afterSignIn` URL instead.
(This notice only appears in development) @ https://healthy-snipe-46.clerk.accounts.dev/npm/@clerk/clerk-js@5.127.1/dist/ui-common_clerk.browser_9854dd_5.127.1.js:4
[   57255ms] [INFO] 🔒 Clerk:
The <SignIn/> component cannot render when a user is already signed in, unless the application allows multiple sessions. Since a user is signed in and this application only allows a single session, Clerk is redirecting to the `afterSignIn` URL instead.
(This notice only appears in development) @ https://healthy-snipe-46.clerk.accounts.dev/npm/@clerk/clerk-js@5.127.1/dist/ui-common_clerk.browser_9854dd_5.127.1.js:4
[   57263ms] [INFO] 🔒 Clerk:
The <SignIn/> component cannot render when a user is already signed in, unless the application allows multiple sessions. Since a user is signed in and this application only allows a single session, Clerk is redirecting to the `afterSignIn` URL instead.
(This notice only appears in development) @ https://healthy-snipe-46.clerk.accounts.dev/npm/@clerk/clerk-js@5.127.1/dist/ui-common_clerk.browser_9854dd_5.127.1.js:4
[   57270ms] [INFO] 🔒 Clerk:
The <SignIn/> component cannot render when a user is already signed in, unless the application allows multiple sessions. Since a user is signed in and this application only allows a single session, Clerk is redirecting to the `afterSignIn` URL instead.
(This notice only appears in development) @ https://healthy-snipe-46.clerk.accounts.dev/npm/@clerk/clerk-js@5.127.1/dist/ui-common_clerk.browser_9854dd_5.127.1.js:4
[   57277ms] [INFO] 🔒 Clerk:
The <SignIn/> component cannot render when a user is already signed in, unless the application allows multiple sessions. Since a user is signed in and this application only allows a single session, Clerk is redirecting to the `afterSignIn` URL instead.
(This notice only appears in development) @ https://healthy-snipe-46.clerk.accounts.dev/npm/@clerk/clerk-js@5.127.1/dist/ui-common_clerk.browser_9854dd_5.127.1.js:4
[   57285ms] [INFO] 🔒 Clerk:
The <SignIn/> component cannot render when a user is already signed in, unless the application allows multiple sessions. Since a user is signed in and this application only allows a single session, Clerk is redirecting to the `afterSignIn` URL instead.
(This notice only appears in development) @ https://healthy-snipe-46.clerk.accounts.dev/npm/@clerk/clerk-js@5.127.1/dist/ui-common_clerk.browser_9854dd_5.127.1.js:4
[   57295ms] [INFO] 🔒 Clerk:
The <SignIn/> component cannot render when a user is already signed in, unless the application allows multiple sessions. Since a user is signed in and this application only allows a single session, Clerk is redirecting to the `afterSignIn` URL instead.
(This notice only appears in development) @ https://healthy-snipe-46.clerk.accounts.dev/npm/@clerk/clerk-js@5.127.1/dist/ui-common_clerk.browser_9854dd_5.127.1.js:4
[   57301ms] [INFO] 🔒 Clerk:
The <SignIn/> component cannot render when a user is already signed in, unless the application allows multiple sessions. Since a user is signed in and this application only allows a single session, Clerk is redirecting to the `afterSignIn` URL instead.
(This notice only appears in development) @ https://healthy-snipe-46.clerk.accounts.dev/npm/@clerk/clerk-js@5.127.1/dist/ui-common_clerk.browser_9854dd_5.127.1.js:4
[   57311ms] [INFO] 🔒 Clerk:
The <SignIn/> component cannot render when a user is already signed in, unless the application allows multiple sessions. Since a user is signed in and this application only allows a single session, Clerk is redirecting to the `afterSignIn` URL instead.
(This notice only appears in development) @ https://healthy-snipe-46.clerk.accounts.dev/npm/@clerk/clerk-js@5.127.1/dist/ui-common_clerk.browser_9854dd_5.127.1.js:4
[   57321ms] [INFO] 🔒 Clerk:
The <SignIn/> component cannot render when a user is already signed in, unless the application allows multiple sessions. Since a user is signed in and this application only allows a single session, Clerk is redirecting to the `afterSignIn` URL instead.
(This notice only appears in development) @ https://healthy-snipe-46.clerk.accounts.dev/npm/@clerk/clerk-js@5.127.1/dist/ui-common_clerk.browser_9854dd_5.127.1.js:4
[   57331ms] [INFO] 🔒 Clerk:
The <SignIn/> component cannot render when a user is already signed in, unless the application allows multiple sessions. Since a user is signed in and this application only allows a single session, Clerk is redirecting to the `afterSignIn` URL instead.
(This notice only appears in development) @ https://healthy-snipe-46.clerk.accounts.dev/npm/@clerk/clerk-js@5.127.1/dist/ui-common_clerk.browser_9854dd_5.127.1.js:4
[   57340ms] [INFO] 🔒 Clerk:
The <SignIn/> component cannot render when a user is already signed in, unless the application allows multiple sessions. Since a user is signed in and this application only allows a single session, Clerk is redirecting to the `afterSignIn` URL instead.
(This notice only appears in development) @ https://healthy-snipe-46.clerk.accounts.dev/npm/@clerk/clerk-js@5.127.1/dist/ui-common_clerk.browser_9854dd_5.127.1.js:4
[   57351ms] [INFO] 🔒 Clerk:
The <SignIn/> component cannot render when a user is already signed in, unless the application allows multiple sessions. Since a user is signed in and this application only allows a single session, Clerk is redirecting to the `afterSignIn` URL instead.
(This notice only appears in development) @ https://healthy-snipe-46.clerk.accounts.dev/npm/@clerk/clerk-js@5.127.1/dist/ui-common_clerk.browser_9854dd_5.127.1.js:4
[   57360ms] [INFO] 🔒 Clerk:
The <SignIn/> component cannot render when a user is already signed in, unless the application allows multiple sessions. Since a user is signed in and this application only allows a single session, Clerk is redirecting to the `afterSignIn` URL instead.
(This notice only appears in development) @ https://healthy-snipe-46.clerk.accounts.dev/npm/@clerk/clerk-js@5.127.1/dist/ui-common_clerk.browser_9854dd_5.127.1.js:4
[   57370ms] [INFO] 🔒 Clerk:
The <SignIn/> component cannot render when a user is already signed in, unless the application allows multiple sessions. Since a user is signed in and this application only allows a single session, Clerk is redirecting to the `afterSignIn` URL instead.
(This notice only appears in development) @ https://healthy-snipe-46.clerk.accounts.dev/npm/@clerk/clerk-js@5.127.1/dist/ui-common_clerk.browser_9854dd_5.127.1.js:4
[   57384ms] [INFO] 🔒 Clerk:
The <SignIn/> component cannot render when a user is already signed in, unless the application allows multiple sessions. Since a user is signed in and this application only allows a single session, Clerk is redirecting to the `afterSignIn` URL instead.
(This notice only appears in development) @ https://healthy-snipe-46.clerk.accounts.dev/npm/@clerk/clerk-js@5.127.1/dist/ui-common_clerk.browser_9854dd_5.127.1.js:4
[   57392ms] [INFO] 🔒 Clerk:
The <SignIn/> component cannot render when a user is already signed in, unless the application allows multiple sessions. Since a user is signed in and this application only allows a single session, Clerk is redirecting to the `afterSignIn` URL instead.
(This notice only appears in development) @ https://healthy-snipe-46.clerk.accounts.dev/npm/@clerk/clerk-js@5.127.1/dist/ui-common_clerk.browser_9854dd_5.127.1.js:4
[   57402ms] [INFO] 🔒 Clerk:
The <SignIn/> component cannot render when a user is already signed in, unless the application allows multiple sessions. Since a user is signed in and this application only allows a single session, Clerk is redirecting to the `afterSignIn` URL instead.
(This notice only appears in development) @ https://healthy-snipe-46.clerk.accounts.dev/npm/@clerk/clerk-js@5.127.1/dist/ui-common_clerk.browser_9854dd_5.127.1.js:4
[   57409ms] [INFO] 🔒 Clerk:
The <SignIn/> component cannot render when a user is already signed in, unless the application allows multiple sessions. Since a user is signed in and this application only allows a single session, Clerk is redirecting to the `afterSignIn` URL instead.
(This notice only appears in development) @ https://healthy-snipe-46.clerk.accounts.dev/npm/@clerk/clerk-js@5.127.1/dist/ui-common_clerk.browser_9854dd_5.127.1.js:4
[   57419ms] [INFO] 🔒 Clerk:
The <SignIn/> component cannot render when a user is already signed in, unless the application allows multiple sessions. Since a user is signed in and this application only allows a single session, Clerk is redirecting to the `afterSignIn` URL instead.
(This notice only appears in development) @ https://healthy-snipe-46.clerk.accounts.dev/npm/@clerk/clerk-js@5.127.1/dist/ui-common_clerk.browser_9854dd_5.127.1.js:4
[   57427ms] [INFO] 🔒 Clerk:
The <SignIn/> component cannot render when a user is already signed in, unless the application allows multiple sessions. Since a user is signed in and this application only allows a single session, Clerk is redirecting to the `afterSignIn` URL instead.
(This notice only appears in development) @ https://healthy-snipe-46.clerk.accounts.dev/npm/@clerk/clerk-js@5.127.1/dist/ui-common_clerk.browser_9854dd_5.127.1.js:4
[   57437ms] [INFO] 🔒 Clerk:
The <SignIn/> component cannot render when a user is already signed in, unless the application allows multiple sessions. Since a user is signed in and this application only allows a single session, Clerk is redirecting to the `afterSignIn` URL instead.
(This notice only appears in development) @ https://healthy-snipe-46.clerk.accounts.dev/npm/@clerk/clerk-js@5.127.1/dist/ui-common_clerk.browser_9854dd_5.127.1.js:4
[   57445ms] [INFO] 🔒 Clerk:
The <SignIn/> component cannot render when a user is already signed in, unless the application allows multiple sessions. Since a user is signed in and this application only allows a single session, Clerk is redirecting to the `afterSignIn` URL instead.
(This notice only appears in development) @ https://healthy-snipe-46.clerk.accounts.dev/npm/@clerk/clerk-js@5.127.1/dist/ui-common_clerk.browser_9854dd_5.127.1.js:4
[   57454ms] [INFO] 🔒 Clerk:
The <SignIn/> component cannot render when a user is already signed in, unless the application allows multiple sessions. Since a user is signed in and this application only allows a single session, Clerk is redirecting to the `afterSignIn` URL instead.
(This notice only appears in development) @ https://healthy-snipe-46.clerk.accounts.dev/npm/@clerk/clerk-js@5.127.1/dist/ui-common_clerk.browser_9854dd_5.127.1.js:4
[   57463ms] [INFO] 🔒 Clerk:
The <SignIn/> component cannot render when a user is already signed in, unless the application allows multiple sessions. Since a user is signed in and this application only allows a single session, Clerk is redirecting to the `afterSignIn` URL instead.
(This notice only appears in development) @ https://healthy-snipe-46.clerk.accounts.dev/npm/@clerk/clerk-js@5.127.1/dist/ui-common_clerk.browser_9854dd_5.127.1.js:4
[   57474ms] [INFO] 🔒 Clerk:
The <SignIn/> component cannot render when a user is already signed in, unless the application allows multiple sessions. Since a user is signed in and this application only allows a single session, Clerk is redirecting to the `afterSignIn` URL instead.
(This notice only appears in development) @ https://healthy-snipe-46.clerk.accounts.dev/npm/@clerk/clerk-js@5.127.1/dist/ui-common_clerk.browser_9854dd_5.127.1.js:4
[   57481ms] [INFO] 🔒 Clerk:
The <SignIn/> component cannot render when a user is already signed in, unless the application allows multiple sessions. Since a user is signed in and this application only allows a single session, Clerk is redirecting to the `afterSignIn` URL instead.
(This notice only appears in development) @ https://healthy-snipe-46.clerk.accounts.dev/npm/@clerk/clerk-js@5.127.1/dist/ui-common_clerk.browser_9854dd_5.127.1.js:4
[   57492ms] [INFO] 🔒 Clerk:
The <SignIn/> component cannot render when a user is already signed in, unless the application allows multiple sessions. Since a user is signed in and this application only allows a single session, Clerk is redirecting to the `afterSignIn` URL instead.
(This notice only appears in development) @ https://healthy-snipe-46.clerk.accounts.dev/npm/@clerk/clerk-js@5.127.1/dist/ui-common_clerk.browser_9854dd_5.127.1.js:4
[   57501ms] [INFO] 🔒 Clerk:
The <SignIn/> component cannot render when a user is already signed in, unless the application allows multiple sessions. Since a user is signed in and this application only allows a single session, Clerk is redirecting to the `afterSignIn` URL instead.
(This notice only appears in development) @ https://healthy-snipe-46.clerk.accounts.dev/npm/@clerk/clerk-js@5.127.1/dist/ui-common_clerk.browser_9854dd_5.127.1.js:4
[   57510ms] [INFO] 🔒 Clerk:
The <SignIn/> component cannot render when a user is already signed in, unless the application allows multiple sessions. Since a user is signed in and this application only allows a single session, Clerk is redirecting to the `afterSignIn` URL instead.
(This notice only appears in development) @ https://healthy-snipe-46.clerk.accounts.dev/npm/@clerk/clerk-js@5.127.1/dist/ui-common_clerk.browser_9854dd_5.127.1.js:4
[   57518ms] [INFO] 🔒 Clerk:
The <SignIn/> component cannot render when a user is already signed in, unless the application allows multiple sessions. Since a user is signed in and this application only allows a single session, Clerk is redirecting to the `afterSignIn` URL instead.
(This notice only appears in development) @ https://healthy-snipe-46.clerk.accounts.dev/npm/@clerk/clerk-js@5.127.1/dist/ui-common_clerk.browser_9854dd_5.127.1.js:4
[   57528ms] [INFO] 🔒 Clerk:
The <SignIn/> component cannot render when a user is already signed in, unless the application allows multiple sessions. Since a user is signed in and this application only allows a single session, Clerk is redirecting to the `afterSignIn` URL instead.
(This notice only appears in development) @ https://healthy-snipe-46.clerk.accounts.dev/npm/@clerk/clerk-js@5.127.1/dist/ui-common_clerk.browser_9854dd_5.127.1.js:4
[   57537ms] [INFO] 🔒 Clerk:
The <SignIn/> component cannot render when a user is already signed in, unless the application allows multiple sessions. Since a user is signed in and this application only allows a single session, Clerk is redirecting to the `afterSignIn` URL instead.
(This notice only appears in development) @ https://healthy-snipe-46.clerk.accounts.dev/npm/@clerk/clerk-js@5.127.1/dist/ui-common_clerk.browser_9854dd_5.127.1.js:4
[   57551ms] [INFO] 🔒 Clerk:
The <SignIn/> component cannot render when a user is already signed in, unless the application allows multiple sessions. Since a user is signed in and this application only allows a single session, Clerk is redirecting to the `afterSignIn` URL instead.
(This notice only appears in development) @ https://healthy-snipe-46.clerk.accounts.dev/npm/@clerk/clerk-js@5.127.1/dist/ui-common_clerk.browser_9854dd_5.127.1.js:4
[   57564ms] [INFO] 🔒 Clerk:
The <SignIn/> component cannot render when a user is already signed in, unless the application allows multiple sessions. Since a user is signed in and this application only allows a single session, Clerk is redirecting to the `afterSignIn` URL instead.
(This notice only appears in development) @ https://healthy-snipe-46.clerk.accounts.dev/npm/@clerk/clerk-js@5.127.1/dist/ui-common_clerk.browser_9854dd_5.127.1.js:4
[   57579ms] [INFO] 🔒 Clerk:
The <SignIn/> component cannot render when a user is already signed in, unless the application allows multiple sessions. Since a user is signed in and this application only allows a single session, Clerk is redirecting to the `afterSignIn` URL instead.
(This notice only appears in development) @ https://healthy-snipe-46.clerk.accounts.dev/npm/@clerk/clerk-js@5.127.1/dist/ui-common_clerk.browser_9854dd_5.127.1.js:4
[   57591ms] [INFO] 🔒 Clerk:
The <SignIn/> component cannot render when a user is already signed in, unless the application allows multiple sessions. Since a user is signed in and this application only allows a single session, Clerk is redirecting to the `afterSignIn` URL instead.
(This notice only appears in development) @ https://healthy-snipe-46.clerk.accounts.dev/npm/@clerk/clerk-js@5.127.1/dist/ui-common_clerk.browser_9854dd_5.127.1.js:4
[   57599ms] [INFO] 🔒 Clerk:
The <SignIn/> component cannot render when a user is already signed in, unless the application allows multiple sessions. Since a user is signed in and this application only allows a single session, Clerk is redirecting to the `afterSignIn` URL instead.
(This notice only appears in development) @ https://healthy-snipe-46.clerk.accounts.dev/npm/@clerk/clerk-js@5.127.1/dist/ui-common_clerk.browser_9854dd_5.127.1.js:4
[   57613ms] [INFO] 🔒 Clerk:
The <SignIn/> component cannot render when a user is already signed in, unless the application allows multiple sessions. Since a user is signed in and this application only allows a single session, Clerk is redirecting to the `afterSignIn` URL instead.
(This notice only appears in development) @ https://healthy-snipe-46.clerk.accounts.dev/npm/@clerk/clerk-js@5.127.1/dist/ui-common_clerk.browser_9854dd_5.127.1.js:4
[   57622ms] [INFO] 🔒 Clerk:
The <SignIn/> component cannot render when a user is already signed in, unless the application allows multiple sessions. Since a user is signed in and this application only allows a single session, Clerk is redirecting to the `afterSignIn` URL instead.
(This notice only appears in development) @ https://healthy-snipe-46.clerk.accounts.dev/npm/@clerk/clerk-js@5.127.1/dist/ui-common_clerk.browser_9854dd_5.127.1.js:4
[   57631ms] [INFO] 🔒 Clerk:
The <SignIn/> component cannot render when a user is already signed in, unless the application allows multiple sessions. Since a user is signed in and this application only allows a single session, Clerk is redirecting to the `afterSignIn` URL instead.
(This notice only appears in development) @ https://healthy-snipe-46.clerk.accounts.dev/npm/@clerk/clerk-js@5.127.1/dist/ui-common_clerk.browser_9854dd_5.127.1.js:4
[   57640ms] [INFO] 🔒 Clerk:
The <SignIn/> component cannot render when a user is already signed in, unless the application allows multiple sessions. Since a user is signed in and this application only allows a single session, Clerk is redirecting to the `afterSignIn` URL instead.
(This notice only appears in development) @ https://healthy-snipe-46.clerk.accounts.dev/npm/@clerk/clerk-js@5.127.1/dist/ui-common_clerk.browser_9854dd_5.127.1.js:4
[   57647ms] [INFO] 🔒 Clerk:
The <SignIn/> component cannot render when a user is already signed in, unless the application allows multiple sessions. Since a user is signed in and this application only allows a single session, Clerk is redirecting to the `afterSignIn` URL instead.
(This notice only appears in development) @ https://healthy-snipe-46.clerk.accounts.dev/npm/@clerk/clerk-js@5.127.1/dist/ui-common_clerk.browser_9854dd_5.127.1.js:4
[   57658ms] [INFO] 🔒 Clerk:
The <SignIn/> component cannot render when a user is already signed in, unless the application allows multiple sessions. Since a user is signed in and this application only allows a single session, Clerk is redirecting to the `afterSignIn` URL instead.
(This notice only appears in development) @ https://healthy-snipe-46.clerk.accounts.dev/npm/@clerk/clerk-js@5.127.1/dist/ui-common_clerk.browser_9854dd_5.127.1.js:4
[   57664ms] [INFO] 🔒 Clerk:
The <SignIn/> component cannot render when a user is already signed in, unless the application allows multiple sessions. Since a user is signed in and this application only allows a single session, Clerk is redirecting to the `afterSignIn` URL instead.
(This notice only appears in development) @ https://healthy-snipe-46.clerk.accounts.dev/npm/@clerk/clerk-js@5.127.1/dist/ui-common_clerk.browser_9854dd_5.127.1.js:4
[   57675ms] [INFO] 🔒 Clerk:
The <SignIn/> component cannot render when a user is already signed in, unless the application allows multiple sessions. Since a user is signed in and this application only allows a single session, Clerk is redirecting to the `afterSignIn` URL instead.
(This notice only appears in development) @ https://healthy-snipe-46.clerk.accounts.dev/npm/@clerk/clerk-js@5.127.1/dist/ui-common_clerk.browser_9854dd_5.127.1.js:4
[   57681ms] [INFO] 🔒 Clerk:
The <SignIn/> component cannot render when a user is already signed in, unless the application allows multiple sessions. Since a user is signed in and this application only allows a single session, Clerk is redirecting to the `afterSignIn` URL instead.
(This notice only appears in development) @ https://healthy-snipe-46.clerk.accounts.dev/npm/@clerk/clerk-js@5.127.1/dist/ui-common_clerk.browser_9854dd_5.127.1.js:4
[   57692ms] [INFO] 🔒 Clerk:
The <SignIn/> component cannot render when a user is already signed in, unless the application allows multiple sessions. Since a user is signed in and this application only allows a single session, Clerk is redirecting to the `afterSignIn` URL instead.
(This notice only appears in development) @ https://healthy-snipe-46.clerk.accounts.dev/npm/@clerk/clerk-js@5.127.1/dist/ui-common_clerk.browser_9854dd_5.127.1.js:4
[   57698ms] [INFO] 🔒 Clerk:
The <SignIn/> component cannot render when a user is already signed in, unless the application allows multiple sessions. Since a user is signed in and this application only allows a single session, Clerk is redirecting to the `afterSignIn` URL instead.
(This notice only appears in development) @ https://healthy-snipe-46.clerk.accounts.dev/npm/@clerk/clerk-js@5.127.1/dist/ui-common_clerk.browser_9854dd_5.127.1.js:4
[   57710ms] [INFO] 🔒 Clerk:
The <SignIn/> component cannot render when a user is already signed in, unless the application allows multiple sessions. Since a user is signed in and this application only allows a single session, Clerk is redirecting to the `afterSignIn` URL instead.
(This notice only appears in development) @ https://healthy-snipe-46.clerk.accounts.dev/npm/@clerk/clerk-js@5.127.1/dist/ui-common_clerk.browser_9854dd_5.127.1.js:4
[   57718ms] [INFO] 🔒 Clerk:
The <SignIn/> component cannot render when a user is already signed in, unless the application allows multiple sessions. Since a user is signed in and this application only allows a single session, Clerk is redirecting to the `afterSignIn` URL instead.
(This notice only appears in development) @ https://healthy-snipe-46.clerk.accounts.dev/npm/@clerk/clerk-js@5.127.1/dist/ui-common_clerk.browser_9854dd_5.127.1.js:4
[   57728ms] [INFO] 🔒 Clerk:
The <SignIn/> component cannot render when a user is already signed in, unless the application allows multiple sessions. Since a user is signed in and this application only allows a single session, Clerk is redirecting to the `afterSignIn` URL instead.
(This notice only appears in development) @ https://healthy-snipe-46.clerk.accounts.dev/npm/@clerk/clerk-js@5.127.1/dist/ui-common_clerk.browser_9854dd_5.127.1.js:4
[   57735ms] [INFO] 🔒 Clerk:
The <SignIn/> component cannot render when a user is already signed in, unless the application allows multiple sessions. Since a user is signed in and this application only allows a single session, Clerk is redirecting to the `afterSignIn` URL instead.
(This notice only appears in development) @ https://healthy-snipe-46.clerk.accounts.dev/npm/@clerk/clerk-js@5.127.1/dist/ui-common_clerk.browser_9854dd_5.127.1.js:4
[   57743ms] [INFO] 🔒 Clerk:
The <SignIn/> component cannot render when a user is already signed in, unless the application allows multiple sessions. Since a user is signed in and this application only allows a single session, Clerk is redirecting to the `afterSignIn` URL instead.
(This notice only appears in development) @ https://healthy-snipe-46.clerk.accounts.dev/npm/@clerk/clerk-js@5.127.1/dist/ui-common_clerk.browser_9854dd_5.127.1.js:4
[   57749ms] [INFO] 🔒 Clerk:
The <SignIn/> component cannot render when a user is already signed in, unless the application allows multiple sessions. Since a user is signed in and this application only allows a single session, Clerk is redirecting to the `afterSignIn` URL instead.
(This notice only appears in development) @ https://healthy-snipe-46.clerk.accounts.dev/npm/@clerk/clerk-js@5.127.1/dist/ui-common_clerk.browser_9854dd_5.127.1.js:4
[   57759ms] [INFO] 🔒 Clerk:
The <SignIn/> component cannot render when a user is already signed in, unless the application allows multiple sessions. Since a user is signed in and this application only allows a single session, Clerk is redirecting to the `afterSignIn` URL instead.
(This notice only appears in development) @ https://healthy-snipe-46.clerk.accounts.dev/npm/@clerk/clerk-js@5.127.1/dist/ui-common_clerk.browser_9854dd_5.127.1.js:4
[   57770ms] [INFO] 🔒 Clerk:
The <SignIn/> component cannot render when a user is already signed in, unless the application allows multiple sessions. Since a user is signed in and this application only allows a single session, Clerk is redirecting to the `afterSignIn` URL instead.
(This notice only appears in development) @ https://healthy-snipe-46.clerk.accounts.dev/npm/@clerk/clerk-js@5.127.1/dist/ui-common_clerk.browser_9854dd_5.127.1.js:4
[   57780ms] [INFO] 🔒 Clerk:
The <SignIn/> component cannot render when a user is already signed in, unless the application allows multiple sessions. Since a user is signed in and this application only allows a single session, Clerk is redirecting to the `afterSignIn` URL instead.
(This notice only appears in development) @ https://healthy-snipe-46.clerk.accounts.dev/npm/@clerk/clerk-js@5.127.1/dist/ui-common_clerk.browser_9854dd_5.127.1.js:4
[   57788ms] [INFO] 🔒 Clerk:
The <SignIn/> component cannot render when a user is already signed in, unless the application allows multiple sessions. Since a user is signed in and this application only allows a single session, Clerk is redirecting to the `afterSignIn` URL instead.
(This notice only appears in development) @ https://healthy-snipe-46.clerk.accounts.dev/npm/@clerk/clerk-js@5.127.1/dist/ui-common_clerk.browser_9854dd_5.127.1.js:4
[   57796ms] [INFO] 🔒 Clerk:
The <SignIn/> component cannot render when a user is already signed in, unless the application allows multiple sessions. Since a user is signed in and this application only allows a single session, Clerk is redirecting to the `afterSignIn` URL instead.
(This notice only appears in development) @ https://healthy-snipe-46.clerk.accounts.dev/npm/@clerk/clerk-js@5.127.1/dist/ui-common_clerk.browser_9854dd_5.127.1.js:4
[   57805ms] [INFO] 🔒 Clerk:
The <SignIn/> component cannot render when a user is already signed in, unless the application allows multiple sessions. Since a user is signed in and this application only allows a single session, Clerk is redirecting to the `afterSignIn` URL instead.
(This notice only appears in development) @ https://healthy-snipe-46.clerk.accounts.dev/npm/@clerk/clerk-js@5.127.1/dist/ui-common_clerk.browser_9854dd_5.127.1.js:4
[   57812ms] [INFO] 🔒 Clerk:
The <SignIn/> component cannot render when a user is already signed in, unless the application allows multiple sessions. Since a user is signed in and this application only allows a single session, Clerk is redirecting to the `afterSignIn` URL instead.
(This notice only appears in development) @ https://healthy-snipe-46.clerk.accounts.dev/npm/@clerk/clerk-js@5.127.1/dist/ui-common_clerk.browser_9854dd_5.127.1.js:4
[   57822ms] [INFO] 🔒 Clerk:
The <SignIn/> component cannot render when a user is already signed in, unless the application allows multiple sessions. Since a user is signed in and this application only allows a single session, Clerk is redirecting to the `afterSignIn` URL instead.
(This notice only appears in development) @ https://healthy-snipe-46.clerk.accounts.dev/npm/@clerk/clerk-js@5.127.1/dist/ui-common_clerk.browser_9854dd_5.127.1.js:4
[   57829ms] [INFO] 🔒 Clerk:
The <SignIn/> component cannot render when a user is already signed in, unless the application allows multiple sessions. Since a user is signed in and this application only allows a single session, Clerk is redirecting to the `afterSignIn` URL instead.
(This notice only appears in development) @ https://healthy-snipe-46.clerk.accounts.dev/npm/@clerk/clerk-js@5.127.1/dist/ui-common_clerk.browser_9854dd_5.127.1.js:4
[   57836ms] [INFO] 🔒 Clerk:
The <SignIn/> component cannot render when a user is already signed in, unless the application allows multiple sessions. Since a user is signed in and this application only allows a single session, Clerk is redirecting to the `afterSignIn` URL instead.
(This notice only appears in development) @ https://healthy-snipe-46.clerk.accounts.dev/npm/@clerk/clerk-js@5.127.1/dist/ui-common_clerk.browser_9854dd_5.127.1.js:4
[   57843ms] [INFO] 🔒 Clerk:
The <SignIn/> component cannot render when a user is already signed in, unless the application allows multiple sessions. Since a user is signed in and this application only allows a single session, Clerk is redirecting to the `afterSignIn` URL instead.
(This notice only appears in development) @ https://healthy-snipe-46.clerk.accounts.dev/npm/@clerk/clerk-js@5.127.1/dist/ui-common_clerk.browser_9854dd_5.127.1.js:4
[   57852ms] [INFO] 🔒 Clerk:
The <SignIn/> component cannot render when a user is already signed in, unless the application allows multiple sessions. Since a user is signed in and this application only allows a single session, Clerk is redirecting to the `afterSignIn` URL instead.
(This notice only appears in development) @ https://healthy-snipe-46.clerk.accounts.dev/npm/@clerk/clerk-js@5.127.1/dist/ui-common_clerk.browser_9854dd_5.127.1.js:4
[   57862ms] [INFO] 🔒 Clerk:
The <SignIn/> component cannot render when a user is already signed in, unless the application allows multiple sessions. Since a user is signed in and this application only allows a single session, Clerk is redirecting to the `afterSignIn` URL instead.
(This notice only appears in development) @ https://healthy-snipe-46.clerk.accounts.dev/npm/@clerk/clerk-js@5.127.1/dist/ui-common_clerk.browser_9854dd_5.127.1.js:4
[   57870ms] [INFO] 🔒 Clerk:
The <SignIn/> component cannot render when a user is already signed in, unless the application allows multiple sessions. Since a user is signed in and this application only allows a single session, Clerk is redirecting to the `afterSignIn` URL instead.
(This notice only appears in development) @ https://healthy-snipe-46.clerk.accounts.dev/npm/@clerk/clerk-js@5.127.1/dist/ui-common_clerk.browser_9854dd_5.127.1.js:4
[   57879ms] [INFO] 🔒 Clerk:
The <SignIn/> component cannot render when a user is already signed in, unless the application allows multiple sessions. Since a user is signed in and this application only allows a single session, Clerk is redirecting to the `afterSignIn` URL instead.
(This notice only appears in development) @ https://healthy-snipe-46.clerk.accounts.dev/npm/@clerk/clerk-js@5.127.1/dist/ui-common_clerk.browser_9854dd_5.127.1.js:4
[   57886ms] [INFO] 🔒 Clerk:
The <SignIn/> component cannot render when a user is already signed in, unless the application allows multiple sessions. Since a user is signed in and this application only allows a single session, Clerk is redirecting to the `afterSignIn` URL instead.
(This notice only appears in development) @ https://healthy-snipe-46.clerk.accounts.dev/npm/@clerk/clerk-js@5.127.1/dist/ui-common_clerk.browser_9854dd_5.127.1.js:4
[   57894ms] [INFO] 🔒 Clerk:
The <SignIn/> component cannot render when a user is already signed in, unless the application allows multiple sessions. Since a user is signed in and this application only allows a single session, Clerk is redirecting to the `afterSignIn` URL instead.
(This notice only appears in development) @ https://healthy-snipe-46.clerk.accounts.dev/npm/@clerk/clerk-js@5.127.1/dist/ui-common_clerk.browser_9854dd_5.127.1.js:4
[   57904ms] [INFO] 🔒 Clerk:
The <SignIn/> component cannot render when a user is already signed in, unless the application allows multiple sessions. Since a user is signed in and this application only allows a single session, Clerk is redirecting to the `afterSignIn` URL instead.
(This notice only appears in development) @ https://healthy-snipe-46.clerk.accounts.dev/npm/@clerk/clerk-js@5.127.1/dist/ui-common_clerk.browser_9854dd_5.127.1.js:4
[   57912ms] [INFO] 🔒 Clerk:
The <SignIn/> component cannot render when a user is already signed in, unless the application allows multiple sessions. Since a user is signed in and this application only allows a single session, Clerk is redirecting to the `afterSignIn` URL instead.
(This notice only appears in development) @ https://healthy-snipe-46.clerk.accounts.dev/npm/@clerk/clerk-js@5.127.1/dist/ui-common_clerk.browser_9854dd_5.127.1.js:4
[   57921ms] [INFO] 🔒 Clerk:
The <SignIn/> component cannot render when a user is already signed in, unless the application allows multiple sessions. Since a user is signed in and this application only allows a single session, Clerk is redirecting to the `afterSignIn` URL instead.
(This notice only appears in development) @ https://healthy-snipe-46.clerk.accounts.dev/npm/@clerk/clerk-js@5.127.1/dist/ui-common_clerk.browser_9854dd_5.127.1.js:4
[   57931ms] [INFO] 🔒 Clerk:
The <SignIn/> component cannot render when a user is already signed in, unless the application allows multiple sessions. Since a user is signed in and this application only allows a single session, Clerk is redirecting to the `afterSignIn` URL instead.
(This notice only appears in development) @ https://healthy-snipe-46.clerk.accounts.dev/npm/@clerk/clerk-js@5.127.1/dist/ui-common_clerk.browser_9854dd_5.127.1.js:4
[   57942ms] [INFO] 🔒 Clerk:
The <SignIn/> component cannot render when a user is already signed in, unless the application allows multiple sessions. Since a user is signed in and this application only allows a single session, Clerk is redirecting to the `afterSignIn` URL instead.
(This notice only appears in development) @ https://healthy-snipe-46.clerk.accounts.dev/npm/@clerk/clerk-js@5.127.1/dist/ui-common_clerk.browser_9854dd_5.127.1.js:4
[   57950ms] [INFO] 🔒 Clerk:
The <SignIn/> component cannot render when a user is already signed in, unless the application allows multiple sessions. Since a user is signed in and this application only allows a single session, Clerk is redirecting to the `afterSignIn` URL instead.
(This notice only appears in development) @ https://healthy-snipe-46.clerk.accounts.dev/npm/@clerk/clerk-js@5.127.1/dist/ui-common_clerk.browser_9854dd_5.127.1.js:4
[   57961ms] [INFO] 🔒 Clerk:
The <SignIn/> component cannot render when a user is already signed in, unless the application allows multiple sessions. Since a user is signed in and this application only allows a single session, Clerk is redirecting to the `afterSignIn` URL instead.
(This notice only appears in development) @ https://healthy-snipe-46.clerk.accounts.dev/npm/@clerk/clerk-js@5.127.1/dist/ui-common_clerk.browser_9854dd_5.127.1.js:4
[   57969ms] [INFO] 🔒 Clerk:
The <SignIn/> component cannot render when a user is already signed in, unless the application allows multiple sessions. Since a user is signed in and this application only allows a single session, Clerk is redirecting to the `afterSignIn` URL instead.
(This notice only appears in development) @ https://healthy-snipe-46.clerk.accounts.dev/npm/@clerk/clerk-js@5.127.1/dist/ui-common_clerk.browser_9854dd_5.127.1.js:4
[   57979ms] [INFO] 🔒 Clerk:
The <SignIn/> component cannot render when a user is already signed in, unless the application allows multiple sessions. Since a user is signed in and this application only allows a single session, Clerk is redirecting to the `afterSignIn` URL instead.
(This notice only appears in development) @ https://healthy-snipe-46.clerk.accounts.dev/npm/@clerk/clerk-js@5.127.1/dist/ui-common_clerk.browser_9854dd_5.127.1.js:4
[   57988ms] [INFO] 🔒 Clerk:
The <SignIn/> component cannot render when a user is already signed in, unless the application allows multiple sessions. Since a user is signed in and this application only allows a single session, Clerk is redirecting to the `afterSignIn` URL instead.
(This notice only appears in development) @ https://healthy-snipe-46.clerk.accounts.dev/npm/@clerk/clerk-js@5.127.1/dist/ui-common_clerk.browser_9854dd_5.127.1.js:4
[   57995ms] [INFO] 🔒 Clerk:
The <SignIn/> component cannot render when a user is already signed in, unless the application allows multiple sessions. Since a user is signed in and this application only allows a single session, Clerk is redirecting to the `afterSignIn` URL instead.
(This notice only appears in development) @ https://healthy-snipe-46.clerk.accounts.dev/npm/@clerk/clerk-js@5.127.1/dist/ui-common_clerk.browser_9854dd_5.127.1.js:4
[   58003ms] [INFO] 🔒 Clerk:
The <SignIn/> component cannot render when a user is already signed in, unless the application allows multiple sessions. Since a user is signed in and this application only allows a single session, Clerk is redirecting to the `afterSignIn` URL instead.
(This notice only appears in development) @ https://healthy-snipe-46.clerk.accounts.dev/npm/@clerk/clerk-js@5.127.1/dist/ui-common_clerk.browser_9854dd_5.127.1.js:4
[   58010ms] [INFO] 🔒 Clerk:
The <SignIn/> component cannot render when a user is already signed in, unless the application allows multiple sessions. Since a user is signed in and this application only allows a single session, Clerk is redirecting to the `afterSignIn` URL instead.
(This notice only appears in development) @ https://healthy-snipe-46.clerk.accounts.dev/npm/@clerk/clerk-js@5.127.1/dist/ui-common_clerk.browser_9854dd_5.127.1.js:4
[   58022ms] [INFO] 🔒 Clerk:
The <SignIn/> component cannot render when a user is already signed in, unless the application allows multiple sessions. Since a user is signed in and this application only allows a single session, Clerk is redirecting to the `afterSignIn` URL instead.
(This notice only appears in development) @ https://healthy-snipe-46.clerk.accounts.dev/npm/@clerk/clerk-js@5.127.1/dist/ui-common_clerk.browser_9854dd_5.127.1.js:4
[   58030ms] [INFO] 🔒 Clerk:
The <SignIn/> component cannot render when a user is already signed in, unless the application allows multiple sessions. Since a user is signed in and this application only allows a single session, Clerk is redirecting to the `afterSignIn` URL instead.
(This notice only appears in development) @ https://healthy-snipe-46.clerk.accounts.dev/npm/@clerk/clerk-js@5.127.1/dist/ui-common_clerk.browser_9854dd_5.127.1.js:4
[   58040ms] [INFO] 🔒 Clerk:
The <SignIn/> component cannot render when a user is already signed in, unless the application allows multiple sessions. Since a user is signed in and this application only allows a single session, Clerk is redirecting to the `afterSignIn` URL instead.
(This notice only appears in development) @ https://healthy-snipe-46.clerk.accounts.dev/npm/@clerk/clerk-js@5.127.1/dist/ui-common_clerk.browser_9854dd_5.127.1.js:4
[   58048ms] [INFO] 🔒 Clerk:
The <SignIn/> component cannot render when a user is already signed in, unless the application allows multiple sessions. Since a user is signed in and this application only allows a single session, Clerk is redirecting to the `afterSignIn` URL instead.
(This notice only appears in development) @ https://healthy-snipe-46.clerk.accounts.dev/npm/@clerk/clerk-js@5.127.1/dist/ui-common_clerk.browser_9854dd_5.127.1.js:4
[   58059ms] [INFO] 🔒 Clerk:
The <SignIn/> component cannot render when a user is already signed in, unless the application allows multiple sessions. Since a user is signed in and this application only allows a single session, Clerk is redirecting to the `afterSignIn` URL instead.
(This notice only appears in development) @ https://healthy-snipe-46.clerk.accounts.dev/npm/@clerk/clerk-js@5.127.1/dist/ui-common_clerk.browser_9854dd_5.127.1.js:4
[   58068ms] [INFO] 🔒 Clerk:
The <SignIn/> component cannot render when a user is already signed in, unless the application allows multiple sessions. Since a user is signed in and this application only allows a single session, Clerk is redirecting to the `afterSignIn` URL instead.
(This notice only appears in development) @ https://healthy-snipe-46.clerk.accounts.dev/npm/@clerk/clerk-js@5.127.1/dist/ui-common_clerk.browser_9854dd_5.127.1.js:4
[   58080ms] [INFO] 🔒 Clerk:
The <SignIn/> component cannot render when a user is already signed in, unless the application allows multiple sessions. Since a user is signed in and this application only allows a single session, Clerk is redirecting to the `afterSignIn` URL instead.
(This notice only appears in development) @ https://healthy-snipe-46.clerk.accounts.dev/npm/@clerk/clerk-js@5.127.1/dist/ui-common_clerk.browser_9854dd_5.127.1.js:4
[   58092ms] [INFO] 🔒 Clerk:
The <SignIn/> component cannot render when a user is already signed in, unless the application allows multiple sessions. Since a user is signed in and this application only allows a single session, Clerk is redirecting to the `afterSignIn` URL instead.
(This notice only appears in development) @ https://healthy-snipe-46.clerk.accounts.dev/npm/@clerk/clerk-js@5.127.1/dist/ui-common_clerk.browser_9854dd_5.127.1.js:4
[   58104ms] [INFO] 🔒 Clerk:
The <SignIn/> component cannot render when a user is already signed in, unless the application allows multiple sessions. Since a user is signed in and this application only allows a single session, Clerk is redirecting to the `afterSignIn` URL instead.
(This notice only appears in development) @ https://healthy-snipe-46.clerk.accounts.dev/npm/@clerk/clerk-js@5.127.1/dist/ui-common_clerk.browser_9854dd_5.127.1.js:4
[   58114ms] [INFO] 🔒 Clerk:
The <SignIn/> component cannot render when a user is already signed in, unless the application allows multiple sessions. Since a user is signed in and this application only allows a single session, Clerk is redirecting to the `afterSignIn` URL instead.
(This notice only appears in development) @ https://healthy-snipe-46.clerk.accounts.dev/npm/@clerk/clerk-js@5.127.1/dist/ui-common_clerk.browser_9854dd_5.127.1.js:4
[   58126ms] [INFO] 🔒 Clerk:
The <SignIn/> component cannot render when a user is already signed in, unless the application allows multiple sessions. Since a user is signed in and this application only allows a single session, Clerk is redirecting to the `afterSignIn` URL instead.
(This notice only appears in development) @ https://healthy-snipe-46.clerk.accounts.dev/npm/@clerk/clerk-js@5.127.1/dist/ui-common_clerk.browser_9854dd_5.127.1.js:4
[   58134ms] [INFO] 🔒 Clerk:
The <SignIn/> component cannot render when a user is already signed in, unless the application allows multiple sessions. Since a user is signed in and this application only allows a single session, Clerk is redirecting to the `afterSignIn` URL instead.
(This notice only appears in development) @ https://healthy-snipe-46.clerk.accounts.dev/npm/@clerk/clerk-js@5.127.1/dist/ui-common_clerk.browser_9854dd_5.127.1.js:4
[   58144ms] [INFO] 🔒 Clerk:
The <SignIn/> component cannot render when a user is already signed in, unless the application allows multiple sessions. Since a user is signed in and this application only allows a single session, Clerk is redirecting to the `afterSignIn` URL instead.
(This notice only appears in development) @ https://healthy-snipe-46.clerk.accounts.dev/npm/@clerk/clerk-js@5.127.1/dist/ui-common_clerk.browser_9854dd_5.127.1.js:4
[   58153ms] [INFO] 🔒 Clerk:
The <SignIn/> component cannot render when a user is already signed in, unless the application allows multiple sessions. Since a user is signed in and this application only allows a single session, Clerk is redirecting to the `afterSignIn` URL instead.
(This notice only appears in development) @ https://healthy-snipe-46.clerk.accounts.dev/npm/@clerk/clerk-js@5.127.1/dist/ui-common_clerk.browser_9854dd_5.127.1.js:4
[   58162ms] [INFO] 🔒 Clerk:
The <SignIn/> component cannot render when a user is already signed in, unless the application allows multiple sessions. Since a user is signed in and this application only allows a single session, Clerk is redirecting to the `afterSignIn` URL instead.
(This notice only appears in development) @ https://healthy-snipe-46.clerk.accounts.dev/npm/@clerk/clerk-js@5.127.1/dist/ui-common_clerk.browser_9854dd_5.127.1.js:4
[   58170ms] [INFO] 🔒 Clerk:
The <SignIn/> component cannot render when a user is already signed in, unless the application allows multiple sessions. Since a user is signed in and this application only allows a single session, Clerk is redirecting to the `afterSignIn` URL instead.
(This notice only appears in development) @ https://healthy-snipe-46.clerk.accounts.dev/npm/@clerk/clerk-js@5.127.1/dist/ui-common_clerk.browser_9854dd_5.127.1.js:4
[   58179ms] [INFO] 🔒 Clerk:
The <SignIn/> component cannot render when a user is already signed in, unless the application allows multiple sessions. Since a user is signed in and this application only allows a single session, Clerk is redirecting to the `afterSignIn` URL instead.
(This notice only appears in development) @ https://healthy-snipe-46.clerk.accounts.dev/npm/@clerk/clerk-js@5.127.1/dist/ui-common_clerk.browser_9854dd_5.127.1.js:4
[   58186ms] [INFO] 🔒 Clerk:
The <SignIn/> component cannot render when a user is already signed in, unless the application allows multiple sessions. Since a user is signed in and this application only allows a single session, Clerk is redirecting to the `afterSignIn` URL instead.
(This notice only appears in development) @ https://healthy-snipe-46.clerk.accounts.dev/npm/@clerk/clerk-js@5.127.1/dist/ui-common_clerk.browser_9854dd_5.127.1.js:4
[   58196ms] [INFO] 🔒 Clerk:
The <SignIn/> component cannot render when a user is already signed in, unless the application allows multiple sessions. Since a user is signed in and this application only allows a single session, Clerk is redirecting to the `afterSignIn` URL instead.
(This notice only appears in development) @ https://healthy-snipe-46.clerk.accounts.dev/npm/@clerk/clerk-js@5.127.1/dist/ui-common_clerk.browser_9854dd_5.127.1.js:4
[   58208ms] [INFO] 🔒 Clerk:
The <SignIn/> component cannot render when a user is already signed in, unless the application allows multiple sessions. Since a user is signed in and this application only allows a single session, Clerk is redirecting to the `afterSignIn` URL instead.
(This notice only appears in development) @ https://healthy-snipe-46.clerk.accounts.dev/npm/@clerk/clerk-js@5.127.1/dist/ui-common_clerk.browser_9854dd_5.127.1.js:4
[   58214ms] [INFO] 🔒 Clerk:
The <SignIn/> component cannot render when a user is already signed in, unless the application allows multiple sessions. Since a user is signed in and this application only allows a single session, Clerk is redirecting to the `afterSignIn` URL instead.
(This notice only appears in development) @ https://healthy-snipe-46.clerk.accounts.dev/npm/@clerk/clerk-js@5.127.1/dist/ui-common_clerk.browser_9854dd_5.127.1.js:4
[   58221ms] [INFO] 🔒 Clerk:
The <SignIn/> component cannot render when a user is already signed in, unless the application allows multiple sessions. Since a user is signed in and this application only allows a single session, Clerk is redirecting to the `afterSignIn` URL instead.
(This notice only appears in development) @ https://healthy-snipe-46.clerk.accounts.dev/npm/@clerk/clerk-js@5.127.1/dist/ui-common_clerk.browser_9854dd_5.127.1.js:4
[   58229ms] [INFO] 🔒 Clerk:
The <SignIn/> component cannot render when a user is already signed in, unless the application allows multiple sessions. Since a user is signed in and this application only allows a single session, Clerk is redirecting to the `afterSignIn` URL instead.
(This notice only appears in development) @ https://healthy-snipe-46.clerk.accounts.dev/npm/@clerk/clerk-js@5.127.1/dist/ui-common_clerk.browser_9854dd_5.127.1.js:4
[   58238ms] [INFO] 🔒 Clerk:
The <SignIn/> component cannot render when a user is already signed in, unless the application allows multiple sessions. Since a user is signed in and this application only allows a single session, Clerk is redirecting to the `afterSignIn` URL instead.
(This notice only appears in development) @ https://healthy-snipe-46.clerk.accounts.dev/npm/@clerk/clerk-js@5.127.1/dist/ui-common_clerk.browser_9854dd_5.127.1.js:4
[   58248ms] [INFO] 🔒 Clerk:
The <SignIn/> component cannot render when a user is already signed in, unless the application allows multiple sessions. Since a user is signed in and this application only allows a single session, Clerk is redirecting to the `afterSignIn` URL instead.
(This notice only appears in development) @ https://healthy-snipe-46.clerk.accounts.dev/npm/@clerk/clerk-js@5.127.1/dist/ui-common_clerk.browser_9854dd_5.127.1.js:4
[   58258ms] [INFO] 🔒 Clerk:
The <SignIn/> component cannot render when a user is already signed in, unless the application allows multiple sessions. Since a user is signed in and this application only allows a single session, Clerk is redirecting to the `afterSignIn` URL instead.
(This notice only appears in development) @ https://healthy-snipe-46.clerk.accounts.dev/npm/@clerk/clerk-js@5.127.1/dist/ui-common_clerk.browser_9854dd_5.127.1.js:4
[   58265ms] [INFO] 🔒 Clerk:
The <SignIn/> component cannot render when a user is already signed in, unless the application allows multiple sessions. Since a user is signed in and this application only allows a single session, Clerk is redirecting to the `afterSignIn` URL instead.
(This notice only appears in development) @ https://healthy-snipe-46.clerk.accounts.dev/npm/@clerk/clerk-js@5.127.1/dist/ui-common_clerk.browser_9854dd_5.127.1.js:4
[   58275ms] [INFO] 🔒 Clerk:
The <SignIn/> component cannot render when a user is already signed in, unless the application allows multiple sessions. Since a user is signed in and this application only allows a single session, Clerk is redirecting to the `afterSignIn` URL instead.
(This notice only appears in development) @ https://healthy-snipe-46.clerk.accounts.dev/npm/@clerk/clerk-js@5.127.1/dist/ui-common_clerk.browser_9854dd_5.127.1.js:4
[   58282ms] [INFO] 🔒 Clerk:
The <SignIn/> component cannot render when a user is already signed in, unless the application allows multiple sessions. Since a user is signed in and this application only allows a single session, Clerk is redirecting to the `afterSignIn` URL instead.
(This notice only appears in development) @ https://healthy-snipe-46.clerk.accounts.dev/npm/@clerk/clerk-js@5.127.1/dist/ui-common_clerk.browser_9854dd_5.127.1.js:4
[   58292ms] [INFO] 🔒 Clerk:
The <SignIn/> component cannot render when a user is already signed in, unless the application allows multiple sessions. Since a user is signed in and this application only allows a single session, Clerk is redirecting to the `afterSignIn` URL instead.
(This notice only appears in development) @ https://healthy-snipe-46.clerk.accounts.dev/npm/@clerk/clerk-js@5.127.1/dist/ui-common_clerk.browser_9854dd_5.127.1.js:4
[   58303ms] [INFO] 🔒 Clerk:
The <SignIn/> component cannot render when a user is already signed in, unless the application allows multiple sessions. Since a user is signed in and this application only allows a single session, Clerk is redirecting to the `afterSignIn` URL instead.
(This notice only appears in development) @ https://healthy-snipe-46.clerk.accounts.dev/npm/@clerk/clerk-js@5.127.1/dist/ui-common_clerk.browser_9854dd_5.127.1.js:4
[   58312ms] [INFO] 🔒 Clerk:
The <SignIn/> component cannot render when a user is already signed in, unless the application allows multiple sessions. Since a user is signed in and this application only allows a single session, Clerk is redirecting to the `afterSignIn` URL instead.
(This notice only appears in development) @ https://healthy-snipe-46.clerk.accounts.dev/npm/@clerk/clerk-js@5.127.1/dist/ui-common_clerk.browser_9854dd_5.127.1.js:4
[   58319ms] [INFO] 🔒 Clerk:
The <SignIn/> component cannot render when a user is already signed in, unless the application allows multiple sessions. Since a user is signed in and this application only allows a single session, Clerk is redirecting to the `afterSignIn` URL instead.
(This notice only appears in development) @ https://healthy-snipe-46.clerk.accounts.dev/npm/@clerk/clerk-js@5.127.1/dist/ui-common_clerk.browser_9854dd_5.127.1.js:4
[   58329ms] [INFO] 🔒 Clerk:
The <SignIn/> component cannot render when a user is already signed in, unless the application allows multiple sessions. Since a user is signed in and this application only allows a single session, Clerk is redirecting to the `afterSignIn` URL instead.
(This notice only appears in development) @ https://healthy-snipe-46.clerk.accounts.dev/npm/@clerk/clerk-js@5.127.1/dist/ui-common_clerk.browser_9854dd_5.127.1.js:4
[   58337ms] [INFO] 🔒 Clerk:
The <SignIn/> component cannot render when a user is already signed in, unless the application allows multiple sessions. Since a user is signed in and this application only allows a single session, Clerk is redirecting to the `afterSignIn` URL instead.
(This notice only appears in development) @ https://healthy-snipe-46.clerk.accounts.dev/npm/@clerk/clerk-js@5.127.1/dist/ui-common_clerk.browser_9854dd_5.127.1.js:4
[   58348ms] [INFO] 🔒 Clerk:
The <SignIn/> component cannot render when a user is already signed in, unless the application allows multiple sessions. Since a user is signed in and this application only allows a single session, Clerk is redirecting to the `afterSignIn` URL instead.
(This notice only appears in development) @ https://healthy-snipe-46.clerk.accounts.dev/npm/@clerk/clerk-js@5.127.1/dist/ui-common_clerk.browser_9854dd_5.127.1.js:4
[   58356ms] [INFO] 🔒 Clerk:
The <SignIn/> component cannot render when a user is already signed in, unless the application allows multiple sessions. Since a user is signed in and this application only allows a single session, Clerk is redirecting to the `afterSignIn` URL instead.
(This notice only appears in development) @ https://healthy-snipe-46.clerk.accounts.dev/npm/@clerk/clerk-js@5.127.1/dist/ui-common_clerk.browser_9854dd_5.127.1.js:4
[   58364ms] [INFO] 🔒 Clerk:
The <SignIn/> component cannot render when a user is already signed in, unless the application allows multiple sessions. Since a user is signed in and this application only allows a single session, Clerk is redirecting to the `afterSignIn` URL instead.
(This notice only appears in development) @ https://healthy-snipe-46.clerk.accounts.dev/npm/@clerk/clerk-js@5.127.1/dist/ui-common_clerk.browser_9854dd_5.127.1.js:4
[   58375ms] [INFO] 🔒 Clerk:
The <SignIn/> component cannot render when a user is already signed in, unless the application allows multiple sessions. Since a user is signed in and this application only allows a single session, Clerk is redirecting to the `afterSignIn` URL instead.
(This notice only appears in development) @ https://healthy-snipe-46.clerk.accounts.dev/npm/@clerk/clerk-js@5.127.1/dist/ui-common_clerk.browser_9854dd_5.127.1.js:4
[   58382ms] [INFO] 🔒 Clerk:
The <SignIn/> component cannot render when a user is already signed in, unless the application allows multiple sessions. Since a user is signed in and this application only allows a single session, Clerk is redirecting to the `afterSignIn` URL instead.
(This notice only appears in development) @ https://healthy-snipe-46.clerk.accounts.dev/npm/@clerk/clerk-js@5.127.1/dist/ui-common_clerk.browser_9854dd_5.127.1.js:4
[   58391ms] [INFO] 🔒 Clerk:
The <SignIn/> component cannot render when a user is already signed in, unless the application allows multiple sessions. Since a user is signed in and this application only allows a single session, Clerk is redirecting to the `afterSignIn` URL instead.
(This notice only appears in development) @ https://healthy-snipe-46.clerk.accounts.dev/npm/@clerk/clerk-js@5.127.1/dist/ui-common_clerk.browser_9854dd_5.127.1.js:4
[   58399ms] [INFO] 🔒 Clerk:
The <SignIn/> component cannot render when a user is already signed in, unless the application allows multiple sessions. Since a user is signed in and this application only allows a single session, Clerk is redirecting to the `afterSignIn` URL instead.
(This notice only appears in development) @ https://healthy-snipe-46.clerk.accounts.dev/npm/@clerk/clerk-js@5.127.1/dist/ui-common_clerk.browser_9854dd_5.127.1.js:4
[   58409ms] [INFO] 🔒 Clerk:
The <SignIn/> component cannot render when a user is already signed in, unless the application allows multiple sessions. Since a user is signed in and this application only allows a single session, Clerk is redirecting to the `afterSignIn` URL instead.
(This notice only appears in development) @ https://healthy-snipe-46.clerk.accounts.dev/npm/@clerk/clerk-js@5.127.1/dist/ui-common_clerk.browser_9854dd_5.127.1.js:4
[   58417ms] [INFO] 🔒 Clerk:
The <SignIn/> component cannot render when a user is already signed in, unless the application allows multiple sessions. Since a user is signed in and this application only allows a single session, Clerk is redirecting to the `afterSignIn` URL instead.
(This notice only appears in development) @ https://healthy-snipe-46.clerk.accounts.dev/npm/@clerk/clerk-js@5.127.1/dist/ui-common_clerk.browser_9854dd_5.127.1.js:4
[   58428ms] [INFO] 🔒 Clerk:
The <SignIn/> component cannot render when a user is already signed in, unless the application allows multiple sessions. Since a user is signed in and this application only allows a single session, Clerk is redirecting to the `afterSignIn` URL instead.
(This notice only appears in development) @ https://healthy-snipe-46.clerk.accounts.dev/npm/@clerk/clerk-js@5.127.1/dist/ui-common_clerk.browser_9854dd_5.127.1.js:4
[   58436ms] [INFO] 🔒 Clerk:
The <SignIn/> component cannot render when a user is already signed in, unless the application allows multiple sessions. Since a user is signed in and this application only allows a single session, Clerk is redirecting to the `afterSignIn` URL instead.
(This notice only appears in development) @ https://healthy-snipe-46.clerk.accounts.dev/npm/@clerk/clerk-js@5.127.1/dist/ui-common_clerk.browser_9854dd_5.127.1.js:4
[   58444ms] [INFO] 🔒 Clerk:
The <SignIn/> component cannot render when a user is already signed in, unless the application allows multiple sessions. Since a user is signed in and this application only allows a single session, Clerk is redirecting to the `afterSignIn` URL instead.
(This notice only appears in development) @ https://healthy-snipe-46.clerk.accounts.dev/npm/@clerk/clerk-js@5.127.1/dist/ui-common_clerk.browser_9854dd_5.127.1.js:4
[   58452ms] [INFO] 🔒 Clerk:
The <SignIn/> component cannot render when a user is already signed in, unless the application allows multiple sessions. Since a user is signed in and this application only allows a single session, Clerk is redirecting to the `afterSignIn` URL instead.
(This notice only appears in development) @ https://healthy-snipe-46.clerk.accounts.dev/npm/@clerk/clerk-js@5.127.1/dist/ui-common_clerk.browser_9854dd_5.127.1.js:4
[   58461ms] [INFO] 🔒 Clerk:
The <SignIn/> component cannot render when a user is already signed in, unless the application allows multiple sessions. Since a user is signed in and this application only allows a single session, Clerk is redirecting to the `afterSignIn` URL instead.
(This notice only appears in development) @ https://healthy-snipe-46.clerk.accounts.dev/npm/@clerk/clerk-js@5.127.1/dist/ui-common_clerk.browser_9854dd_5.127.1.js:4
[   58472ms] [INFO] 🔒 Clerk:
The <SignIn/> component cannot render when a user is already signed in, unless the application allows multiple sessions. Since a user is signed in and this application only allows a single session, Clerk is redirecting to the `afterSignIn` URL instead.
(This notice only appears in development) @ https://healthy-snipe-46.clerk.accounts.dev/npm/@clerk/clerk-js@5.127.1/dist/ui-common_clerk.browser_9854dd_5.127.1.js:4
[   58481ms] [INFO] 🔒 Clerk:
The <SignIn/> component cannot render when a user is already signed in, unless the application allows multiple sessions. Since a user is signed in and this application only allows a single session, Clerk is redirecting to the `afterSignIn` URL instead.
(This notice only appears in development) @ https://healthy-snipe-46.clerk.accounts.dev/npm/@clerk/clerk-js@5.127.1/dist/ui-common_clerk.browser_9854dd_5.127.1.js:4
[   58492ms] [INFO] 🔒 Clerk:
The <SignIn/> component cannot render when a user is already signed in, unless the application allows multiple sessions. Since a user is signed in and this application only allows a single session, Clerk is redirecting to the `afterSignIn` URL instead.
(This notice only appears in development) @ https://healthy-snipe-46.clerk.accounts.dev/npm/@clerk/clerk-js@5.127.1/dist/ui-common_clerk.browser_9854dd_5.127.1.js:4
[   58498ms] [INFO] 🔒 Clerk:
The <SignIn/> component cannot render when a user is already signed in, unless the application allows multiple sessions. Since a user is signed in and this application only allows a single session, Clerk is redirecting to the `afterSignIn` URL instead.
(This notice only appears in development) @ https://healthy-snipe-46.clerk.accounts.dev/npm/@clerk/clerk-js@5.127.1/dist/ui-common_clerk.browser_9854dd_5.127.1.js:4
[   58507ms] [INFO] 🔒 Clerk:
The <SignIn/> component cannot render when a user is already signed in, unless the application allows multiple sessions. Since a user is signed in and this application only allows a single session, Clerk is redirecting to the `afterSignIn` URL instead.
(This notice only appears in development) @ https://healthy-snipe-46.clerk.accounts.dev/npm/@clerk/clerk-js@5.127.1/dist/ui-common_clerk.browser_9854dd_5.127.1.js:4
[   58514ms] [INFO] 🔒 Clerk:
The <SignIn/> component cannot render when a user is already signed in, unless the application allows multiple sessions. Since a user is signed in and this application only allows a single session, Clerk is redirecting to the `afterSignIn` URL instead.
(This notice only appears in development) @ https://healthy-snipe-46.clerk.accounts.dev/npm/@clerk/clerk-js@5.127.1/dist/ui-common_clerk.browser_9854dd_5.127.1.js:4
[   58525ms] [INFO] 🔒 Clerk:
The <SignIn/> component cannot render when a user is already signed in, unless the application allows multiple sessions. Since a user is signed in and this application only allows a single session, Clerk is redirecting to the `afterSignIn` URL instead.
(This notice only appears in development) @ https://healthy-snipe-46.clerk.accounts.dev/npm/@clerk/clerk-js@5.127.1/dist/ui-common_clerk.browser_9854dd_5.127.1.js:4
[   58532ms] [INFO] 🔒 Clerk:
The <SignIn/> component cannot render when a user is already signed in, unless the application allows multiple sessions. Since a user is signed in and this application only allows a single session, Clerk is redirecting to the `afterSignIn` URL instead.
(This notice only appears in development) @ https://healthy-snipe-46.clerk.accounts.dev/npm/@clerk/clerk-js@5.127.1/dist/ui-common_clerk.browser_9854dd_5.127.1.js:4
[   58542ms] [INFO] 🔒 Clerk:
The <SignIn/> component cannot render when a user is already signed in, unless the application allows multiple sessions. Since a user is signed in and this application only allows a single session, Clerk is redirecting to the `afterSignIn` URL instead.
(This notice only appears in development) @ https://healthy-snipe-46.clerk.accounts.dev/npm/@clerk/clerk-js@5.127.1/dist/ui-common_clerk.browser_9854dd_5.127.1.js:4
[   58549ms] [INFO] 🔒 Clerk:
The <SignIn/> component cannot render when a user is already signed in, unless the application allows multiple sessions. Since a user is signed in and this application only allows a single session, Clerk is redirecting to the `afterSignIn` URL instead.
(This notice only appears in development) @ https://healthy-snipe-46.clerk.accounts.dev/npm/@clerk/clerk-js@5.127.1/dist/ui-common_clerk.browser_9854dd_5.127.1.js:4
[   58560ms] [INFO] 🔒 Clerk:
The <SignIn/> component cannot render when a user is already signed in, unless the application allows multiple sessions. Since a user is signed in and this application only allows a single session, Clerk is redirecting to the `afterSignIn` URL instead.
(This notice only appears in development) @ https://healthy-snipe-46.clerk.accounts.dev/npm/@clerk/clerk-js@5.127.1/dist/ui-common_clerk.browser_9854dd_5.127.1.js:4
[   58568ms] [INFO] 🔒 Clerk:
The <SignIn/> component cannot render when a user is already signed in, unless the application allows multiple sessions. Since a user is signed in and this application only allows a single session, Clerk is redirecting to the `afterSignIn` URL instead.
(This notice only appears in development) @ https://healthy-snipe-46.clerk.accounts.dev/npm/@clerk/clerk-js@5.127.1/dist/ui-common_clerk.browser_9854dd_5.127.1.js:4
[   58578ms] [INFO] 🔒 Clerk:
The <SignIn/> component cannot render when a user is already signed in, unless the application allows multiple sessions. Since a user is signed in and this application only allows a single session, Clerk is redirecting to the `afterSignIn` URL instead.
(This notice only appears in development) @ https://healthy-snipe-46.clerk.accounts.dev/npm/@clerk/clerk-js@5.127.1/dist/ui-common_clerk.browser_9854dd_5.127.1.js:4
[   58587ms] [INFO] 🔒 Clerk:
The <SignIn/> component cannot render when a user is already signed in, unless the application allows multiple sessions. Since a user is signed in and this application only allows a single session, Clerk is redirecting to the `afterSignIn` URL instead.
(This notice only appears in development) @ https://healthy-snipe-46.clerk.accounts.dev/npm/@clerk/clerk-js@5.127.1/dist/ui-common_clerk.browser_9854dd_5.127.1.js:4
[   58596ms] [INFO] 🔒 Clerk:
The <SignIn/> component cannot render when a user is already signed in, unless the application allows multiple sessions. Since a user is signed in and this application only allows a single session, Clerk is redirecting to the `afterSignIn` URL instead.
(This notice only appears in development) @ https://healthy-snipe-46.clerk.accounts.dev/npm/@clerk/clerk-js@5.127.1/dist/ui-common_clerk.browser_9854dd_5.127.1.js:4
[   58607ms] [INFO] 🔒 Clerk:
The <SignIn/> component cannot render when a user is already signed in, unless the application allows multiple sessions. Since a user is signed in and this application only allows a single session, Clerk is redirecting to the `afterSignIn` URL instead.
(This notice only appears in development) @ https://healthy-snipe-46.clerk.accounts.dev/npm/@clerk/clerk-js@5.127.1/dist/ui-common_clerk.browser_9854dd_5.127.1.js:4
[   58615ms] [INFO] 🔒 Clerk:
The <SignIn/> component cannot render when a user is already signed in, unless the application allows multiple sessions. Since a user is signed in and this application only allows a single session, Clerk is redirecting to the `afterSignIn` URL instead.
(This notice only appears in development) @ https://healthy-snipe-46.clerk.accounts.dev/npm/@clerk/clerk-js@5.127.1/dist/ui-common_clerk.browser_9854dd_5.127.1.js:4
[   58624ms] [INFO] 🔒 Clerk:
The <SignIn/> component cannot render when a user is already signed in, unless the application allows multiple sessions. Since a user is signed in and this application only allows a single session, Clerk is redirecting to the `afterSignIn` URL instead.
(This notice only appears in development) @ https://healthy-snipe-46.clerk.accounts.dev/npm/@clerk/clerk-js@5.127.1/dist/ui-common_clerk.browser_9854dd_5.127.1.js:4
[   58631ms] [INFO] 🔒 Clerk:
The <SignIn/> component cannot render when a user is already signed in, unless the application allows multiple sessions. Since a user is signed in and this application only allows a single session, Clerk is redirecting to the `afterSignIn` URL instead.
(This notice only appears in development) @ https://healthy-snipe-46.clerk.accounts.dev/npm/@clerk/clerk-js@5.127.1/dist/ui-common_clerk.browser_9854dd_5.127.1.js:4
[   58640ms] [INFO] 🔒 Clerk:
The <SignIn/> component cannot render when a user is already signed in, unless the application allows multiple sessions. Since a user is signed in and this application only allows a single session, Clerk is redirecting to the `afterSignIn` URL instead.
(This notice only appears in development) @ https://healthy-snipe-46.clerk.accounts.dev/npm/@clerk/clerk-js@5.127.1/dist/ui-common_clerk.browser_9854dd_5.127.1.js:4
[   58649ms] [INFO] 🔒 Clerk:
The <SignIn/> component cannot render when a user is already signed in, unless the application allows multiple sessions. Since a user is signed in and this application only allows a single session, Clerk is redirecting to the `afterSignIn` URL instead.
(This notice only appears in development) @ https://healthy-snipe-46.clerk.accounts.dev/npm/@clerk/clerk-js@5.127.1/dist/ui-common_clerk.browser_9854dd_5.127.1.js:4
[   58660ms] [INFO] 🔒 Clerk:
The <SignIn/> component cannot render when a user is already signed in, unless the application allows multiple sessions. Since a user is signed in and this application only allows a single session, Clerk is redirecting to the `afterSignIn` URL instead.
(This notice only appears in development) @ https://healthy-snipe-46.clerk.accounts.dev/npm/@clerk/clerk-js@5.127.1/dist/ui-common_clerk.browser_9854dd_5.127.1.js:4
[   58667ms] [INFO] 🔒 Clerk:
The <SignIn/> component cannot render when a user is already signed in, unless the application allows multiple sessions. Since a user is signed in and this application only allows a single session, Clerk is redirecting to the `afterSignIn` URL instead.
(This notice only appears in development) @ https://healthy-snipe-46.clerk.accounts.dev/npm/@clerk/clerk-js@5.127.1/dist/ui-common_clerk.browser_9854dd_5.127.1.js:4
[   58680ms] [INFO] 🔒 Clerk:
The <SignIn/> component cannot render when a user is already signed in, unless the application allows multiple sessions. Since a user is signed in and this application only allows a single session, Clerk is redirecting to the `afterSignIn` URL instead.
(This notice only appears in development) @ https://healthy-snipe-46.clerk.accounts.dev/npm/@clerk/clerk-js@5.127.1/dist/ui-common_clerk.browser_9854dd_5.127.1.js:4
[   58692ms] [INFO] 🔒 Clerk:
The <SignIn/> component cannot render when a user is already signed in, unless the application allows multiple sessions. Since a user is signed in and this application only allows a single session, Clerk is redirecting to the `afterSignIn` URL instead.
(This notice only appears in development) @ https://healthy-snipe-46.clerk.accounts.dev/npm/@clerk/clerk-js@5.127.1/dist/ui-common_clerk.browser_9854dd_5.127.1.js:4
[   58699ms] [INFO] 🔒 Clerk:
The <SignIn/> component cannot render when a user is already signed in, unless the application allows multiple sessions. Since a user is signed in and this application only allows a single session, Clerk is redirecting to the `afterSignIn` URL instead.
(This notice only appears in development) @ https://healthy-snipe-46.clerk.accounts.dev/npm/@clerk/clerk-js@5.127.1/dist/ui-common_clerk.browser_9854dd_5.127.1.js:4
[   58710ms] [INFO] 🔒 Clerk:
The <SignIn/> component cannot render when a user is already signed in, unless the application allows multiple sessions. Since a user is signed in and this application only allows a single session, Clerk is redirecting to the `afterSignIn` URL instead.
(This notice only appears in development) @ https://healthy-snipe-46.clerk.accounts.dev/npm/@clerk/clerk-js@5.127.1/dist/ui-common_clerk.browser_9854dd_5.127.1.js:4
[   58717ms] [INFO] 🔒 Clerk:
The <SignIn/> component cannot render when a user is already signed in, unless the application allows multiple sessions. Since a user is signed in and this application only allows a single session, Clerk is redirecting to the `afterSignIn` URL instead.
(This notice only appears in development) @ https://healthy-snipe-46.clerk.accounts.dev/npm/@clerk/clerk-js@5.127.1/dist/ui-common_clerk.browser_9854dd_5.127.1.js:4
[   58727ms] [INFO] 🔒 Clerk:
The <SignIn/> component cannot render when a user is already signed in, unless the application allows multiple sessions. Since a user is signed in and this application only allows a single session, Clerk is redirecting to the `afterSignIn` URL instead.
(This notice only appears in development) @ https://healthy-snipe-46.clerk.accounts.dev/npm/@clerk/clerk-js@5.127.1/dist/ui-common_clerk.browser_9854dd_5.127.1.js:4
[   58735ms] [INFO] 🔒 Clerk:
The <SignIn/> component cannot render when a user is already signed in, unless the application allows multiple sessions. Since a user is signed in and this application only allows a single session, Clerk is redirecting to the `afterSignIn` URL instead.
(This notice only appears in development) @ https://healthy-snipe-46.clerk.accounts.dev/npm/@clerk/clerk-js@5.127.1/dist/ui-common_clerk.browser_9854dd_5.127.1.js:4
[   58744ms] [INFO] 🔒 Clerk:
The <SignIn/> component cannot render when a user is already signed in, unless the application allows multiple sessions. Since a user is signed in and this application only allows a single session, Clerk is redirecting to the `afterSignIn` URL instead.
(This notice only appears in development) @ https://healthy-snipe-46.clerk.accounts.dev/npm/@clerk/clerk-js@5.127.1/dist/ui-common_clerk.browser_9854dd_5.127.1.js:4
[   58752ms] [INFO] 🔒 Clerk:
The <SignIn/> component cannot render when a user is already signed in, unless the application allows multiple sessions. Since a user is signed in and this application only allows a single session, Clerk is redirecting to the `afterSignIn` URL instead.
(This notice only appears in development) @ https://healthy-snipe-46.clerk.accounts.dev/npm/@clerk/clerk-js@5.127.1/dist/ui-common_clerk.browser_9854dd_5.127.1.js:4
[   58761ms] [INFO] 🔒 Clerk:
The <SignIn/> component cannot render when a user is already signed in, unless the application allows multiple sessions. Since a user is signed in and this application only allows a single session, Clerk is redirecting to the `afterSignIn` URL instead.
(This notice only appears in development) @ https://healthy-snipe-46.clerk.accounts.dev/npm/@clerk/clerk-js@5.127.1/dist/ui-common_clerk.browser_9854dd_5.127.1.js:4
[   58768ms] [INFO] 🔒 Clerk:
The <SignIn/> component cannot render when a user is already signed in, unless the application allows multiple sessions. Since a user is signed in and this application only allows a single session, Clerk is redirecting to the `afterSignIn` URL instead.
(This notice only appears in development) @ https://healthy-snipe-46.clerk.accounts.dev/npm/@clerk/clerk-js@5.127.1/dist/ui-common_clerk.browser_9854dd_5.127.1.js:4
[   58778ms] [INFO] 🔒 Clerk:
The <SignIn/> component cannot render when a user is already signed in, unless the application allows multiple sessions. Since a user is signed in and this application only allows a single session, Clerk is redirecting to the `afterSignIn` URL instead.
(This notice only appears in development) @ https://healthy-snipe-46.clerk.accounts.dev/npm/@clerk/clerk-js@5.127.1/dist/ui-common_clerk.browser_9854dd_5.127.1.js:4
[   58788ms] [INFO] 🔒 Clerk:
The <SignIn/> component cannot render when a user is already signed in, unless the application allows multiple sessions. Since a user is signed in and this application only allows a single session, Clerk is redirecting to the `afterSignIn` URL instead.
(This notice only appears in development) @ https://healthy-snipe-46.clerk.accounts.dev/npm/@clerk/clerk-js@5.127.1/dist/ui-common_clerk.browser_9854dd_5.127.1.js:4
[   58796ms] [INFO] 🔒 Clerk:
The <SignIn/> component cannot render when a user is already signed in, unless the application allows multiple sessions. Since a user is signed in and this application only allows a single session, Clerk is redirecting to the `afterSignIn` URL instead.
(This notice only appears in development) @ https://healthy-snipe-46.clerk.accounts.dev/npm/@clerk/clerk-js@5.127.1/dist/ui-common_clerk.browser_9854dd_5.127.1.js:4
[   58804ms] [INFO] 🔒 Clerk:
The <SignIn/> component cannot render when a user is already signed in, unless the application allows multiple sessions. Since a user is signed in and this application only allows a single session, Clerk is redirecting to the `afterSignIn` URL instead.
(This notice only appears in development) @ https://healthy-snipe-46.clerk.accounts.dev/npm/@clerk/clerk-js@5.127.1/dist/ui-common_clerk.browser_9854dd_5.127.1.js:4
[   58815ms] [INFO] 🔒 Clerk:
The <SignIn/> component cannot render when a user is already signed in, unless the application allows multiple sessions. Since a user is signed in and this application only allows a single session, Clerk is redirecting to the `afterSignIn` URL instead.
(This notice only appears in development) @ https://healthy-snipe-46.clerk.accounts.dev/npm/@clerk/clerk-js@5.127.1/dist/ui-common_clerk.browser_9854dd_5.127.1.js:4
[   58828ms] [INFO] 🔒 Clerk:
The <SignIn/> component cannot render when a user is already signed in, unless the application allows multiple sessions. Since a user is signed in and this application only allows a single session, Clerk is redirecting to the `afterSignIn` URL instead.
(This notice only appears in development) @ https://healthy-snipe-46.clerk.accounts.dev/npm/@clerk/clerk-js@5.127.1/dist/ui-common_clerk.browser_9854dd_5.127.1.js:4
[   58838ms] [INFO] 🔒 Clerk:
The <SignIn/> component cannot render when a user is already signed in, unless the application allows multiple sessions. Since a user is signed in and this application only allows a single session, Clerk is redirecting to the `afterSignIn` URL instead.
(This notice only appears in development) @ https://healthy-snipe-46.clerk.accounts.dev/npm/@clerk/clerk-js@5.127.1/dist/ui-common_clerk.browser_9854dd_5.127.1.js:4
[   58848ms] [INFO] 🔒 Clerk:
The <SignIn/> component cannot render when a user is already signed in, unless the application allows multiple sessions. Since a user is signed in and this application only allows a single session, Clerk is redirecting to the `afterSignIn` URL instead.
(This notice only appears in development) @ https://healthy-snipe-46.clerk.accounts.dev/npm/@clerk/clerk-js@5.127.1/dist/ui-common_clerk.browser_9854dd_5.127.1.js:4
[   58857ms] [INFO] 🔒 Clerk:
The <SignIn/> component cannot render when a user is already signed in, unless the application allows multiple sessions. Since a user is signed in and this application only allows a single session, Clerk is redirecting to the `afterSignIn` URL instead.
(This notice only appears in development) @ https://healthy-snipe-46.clerk.accounts.dev/npm/@clerk/clerk-js@5.127.1/dist/ui-common_clerk.browser_9854dd_5.127.1.js:4
[   58866ms] [INFO] 🔒 Clerk:
The <SignIn/> component cannot render when a user is already signed in, unless the application allows multiple sessions. Since a user is signed in and this application only allows a single session, Clerk is redirecting to the `afterSignIn` URL instead.
(This notice only appears in development) @ https://healthy-snipe-46.clerk.accounts.dev/npm/@clerk/clerk-js@5.127.1/dist/ui-common_clerk.browser_9854dd_5.127.1.js:4
[   58874ms] [INFO] 🔒 Clerk:
The <SignIn/> component cannot render when a user is already signed in, unless the application allows multiple sessions. Since a user is signed in and this application only allows a single session, Clerk is redirecting to the `afterSignIn` URL instead.
(This notice only appears in development) @ https://healthy-snipe-46.clerk.accounts.dev/npm/@clerk/clerk-js@5.127.1/dist/ui-common_clerk.browser_9854dd_5.127.1.js:4
[   58881ms] [INFO] 🔒 Clerk:
The <SignIn/> component cannot render when a user is already signed in, unless the application allows multiple sessions. Since a user is signed in and this application only allows a single session, Clerk is redirecting to the `afterSignIn` URL instead.
(This notice only appears in development) @ https://healthy-snipe-46.clerk.accounts.dev/npm/@clerk/clerk-js@5.127.1/dist/ui-common_clerk.browser_9854dd_5.127.1.js:4
[   58891ms] [INFO] 🔒 Clerk:
The <SignIn/> component cannot render when a user is already signed in, unless the application allows multiple sessions. Since a user is signed in and this application only allows a single session, Clerk is redirecting to the `afterSignIn` URL instead.
(This notice only appears in development) @ https://healthy-snipe-46.clerk.accounts.dev/npm/@clerk/clerk-js@5.127.1/dist/ui-common_clerk.browser_9854dd_5.127.1.js:4
[   58900ms] [INFO] 🔒 Clerk:
The <SignIn/> component cannot render when a user is already signed in, unless the application allows multiple sessions. Since a user is signed in and this application only allows a single session, Clerk is redirecting to the `afterSignIn` URL instead.
(This notice only appears in development) @ https://healthy-snipe-46.clerk.accounts.dev/npm/@clerk/clerk-js@5.127.1/dist/ui-common_clerk.browser_9854dd_5.127.1.js:4
[   58908ms] [INFO] 🔒 Clerk:
The <SignIn/> component cannot render when a user is already signed in, unless the application allows multiple sessions. Since a user is signed in and this application only allows a single session, Clerk is redirecting to the `afterSignIn` URL instead.
(This notice only appears in development) @ https://healthy-snipe-46.clerk.accounts.dev/npm/@clerk/clerk-js@5.127.1/dist/ui-common_clerk.browser_9854dd_5.127.1.js:4
[   58918ms] [INFO] 🔒 Clerk:
The <SignIn/> component cannot render when a user is already signed in, unless the application allows multiple sessions. Since a user is signed in and this application only allows a single session, Clerk is redirecting to the `afterSignIn` URL instead.
(This notice only appears in development) @ https://healthy-snipe-46.clerk.accounts.dev/npm/@clerk/clerk-js@5.127.1/dist/ui-common_clerk.browser_9854dd_5.127.1.js:4
[   58931ms] [INFO] 🔒 Clerk:
The <SignIn/> component cannot render when a user is already signed in, unless the application allows multiple sessions. Since a user is signed in and this application only allows a single session, Clerk is redirecting to the `afterSignIn` URL instead.
(This notice only appears in development) @ https://healthy-snipe-46.clerk.accounts.dev/npm/@clerk/clerk-js@5.127.1/dist/ui-common_clerk.browser_9854dd_5.127.1.js:4
[   58940ms] [INFO] 🔒 Clerk:
The <SignIn/> component cannot render when a user is already signed in, unless the application allows multiple sessions. Since a user is signed in and this application only allows a single session, Clerk is redirecting to the `afterSignIn` URL instead.
(This notice only appears in development) @ https://healthy-snipe-46.clerk.accounts.dev/npm/@clerk/clerk-js@5.127.1/dist/ui-common_clerk.browser_9854dd_5.127.1.js:4
[   58947ms] [INFO] 🔒 Clerk:
The <SignIn/> component cannot render when a user is already signed in, unless the application allows multiple sessions. Since a user is signed in and this application only allows a single session, Clerk is redirecting to the `afterSignIn` URL instead.
(This notice only appears in development) @ https://healthy-snipe-46.clerk.accounts.dev/npm/@clerk/clerk-js@5.127.1/dist/ui-common_clerk.browser_9854dd_5.127.1.js:4
[   58955ms] [INFO] 🔒 Clerk:
The <SignIn/> component cannot render when a user is already signed in, unless the application allows multiple sessions. Since a user is signed in and this application only allows a single session, Clerk is redirecting to the `afterSignIn` URL instead.
(This notice only appears in development) @ https://healthy-snipe-46.clerk.accounts.dev/npm/@clerk/clerk-js@5.127.1/dist/ui-common_clerk.browser_9854dd_5.127.1.js:4
[   58963ms] [INFO] 🔒 Clerk:
The <SignIn/> component cannot render when a user is already signed in, unless the application allows multiple sessions. Since a user is signed in and this application only allows a single session, Clerk is redirecting to the `afterSignIn` URL instead.
(This notice only appears in development) @ https://healthy-snipe-46.clerk.accounts.dev/npm/@clerk/clerk-js@5.127.1/dist/ui-common_clerk.browser_9854dd_5.127.1.js:4
[   58971ms] [INFO] 🔒 Clerk:
The <SignIn/> component cannot render when a user is already signed in, unless the application allows multiple sessions. Since a user is signed in and this application only allows a single session, Clerk is redirecting to the `afterSignIn` URL instead.
(This notice only appears in development) @ https://healthy-snipe-46.clerk.accounts.dev/npm/@clerk/clerk-js@5.127.1/dist/ui-common_clerk.browser_9854dd_5.127.1.js:4
[   58978ms] [INFO] 🔒 Clerk:
The <SignIn/> component cannot render when a user is already signed in, unless the application allows multiple sessions. Since a user is signed in and this application only allows a single session, Clerk is redirecting to the `afterSignIn` URL instead.
(This notice only appears in development) @ https://healthy-snipe-46.clerk.accounts.dev/npm/@clerk/clerk-js@5.127.1/dist/ui-common_clerk.browser_9854dd_5.127.1.js:4
[   58986ms] [INFO] 🔒 Clerk:
The <SignIn/> component cannot render when a user is already signed in, unless the application allows multiple sessions. Since a user is signed in and this application only allows a single session, Clerk is redirecting to the `afterSignIn` URL instead.
(This notice only appears in development) @ https://healthy-snipe-46.clerk.accounts.dev/npm/@clerk/clerk-js@5.127.1/dist/ui-common_clerk.browser_9854dd_5.127.1.js:4
[   58998ms] [INFO] 🔒 Clerk:
The <SignIn/> component cannot render when a user is already signed in, unless the application allows multiple sessions. Since a user is signed in and this application only allows a single session, Clerk is redirecting to the `afterSignIn` URL instead.
(This notice only appears in development) @ https://healthy-snipe-46.clerk.accounts.dev/npm/@clerk/clerk-js@5.127.1/dist/ui-common_clerk.browser_9854dd_5.127.1.js:4
[   59007ms] [INFO] 🔒 Clerk:
The <SignIn/> component cannot render when a user is already signed in, unless the application allows multiple sessions. Since a user is signed in and this application only allows a single session, Clerk is redirecting to the `afterSignIn` URL instead.
(This notice only appears in development) @ https://healthy-snipe-46.clerk.accounts.dev/npm/@clerk/clerk-js@5.127.1/dist/ui-common_clerk.browser_9854dd_5.127.1.js:4
[   59017ms] [INFO] 🔒 Clerk:
The <SignIn/> component cannot render when a user is already signed in, unless the application allows multiple sessions. Since a user is signed in and this application only allows a single session, Clerk is redirecting to the `afterSignIn` URL instead.
(This notice only appears in development) @ https://healthy-snipe-46.clerk.accounts.dev/npm/@clerk/clerk-js@5.127.1/dist/ui-common_clerk.browser_9854dd_5.127.1.js:4
[   59029ms] [INFO] 🔒 Clerk:
The <SignIn/> component cannot render when a user is already signed in, unless the application allows multiple sessions. Since a user is signed in and this application only allows a single session, Clerk is redirecting to the `afterSignIn` URL instead.
(This notice only appears in development) @ https://healthy-snipe-46.clerk.accounts.dev/npm/@clerk/clerk-js@5.127.1/dist/ui-common_clerk.browser_9854dd_5.127.1.js:4
[   59037ms] [INFO] 🔒 Clerk:
The <SignIn/> component cannot render when a user is already signed in, unless the application allows multiple sessions. Since a user is signed in and this application only allows a single session, Clerk is redirecting to the `afterSignIn` URL instead.
(This notice only appears in development) @ https://healthy-snipe-46.clerk.accounts.dev/npm/@clerk/clerk-js@5.127.1/dist/ui-common_clerk.browser_9854dd_5.127.1.js:4
[   59046ms] [INFO] 🔒 Clerk:
The <SignIn/> component cannot render when a user is already signed in, unless the application allows multiple sessions. Since a user is signed in and this application only allows a single session, Clerk is redirecting to the `afterSignIn` URL instead.
(This notice only appears in development) @ https://healthy-snipe-46.clerk.accounts.dev/npm/@clerk/clerk-js@5.127.1/dist/ui-common_clerk.browser_9854dd_5.127.1.js:4
[   59056ms] [INFO] 🔒 Clerk:
The <SignIn/> component cannot render when a user is already signed in, unless the application allows multiple sessions. Since a user is signed in and this application only allows a single session, Clerk is redirecting to the `afterSignIn` URL instead.
(This notice only appears in development) @ https://healthy-snipe-46.clerk.accounts.dev/npm/@clerk/clerk-js@5.127.1/dist/ui-common_clerk.browser_9854dd_5.127.1.js:4
[   59063ms] [INFO] 🔒 Clerk:
The <SignIn/> component cannot render when a user is already signed in, unless the application allows multiple sessions. Since a user is signed in and this application only allows a single session, Clerk is redirecting to the `afterSignIn` URL instead.
(This notice only appears in development) @ https://healthy-snipe-46.clerk.accounts.dev/npm/@clerk/clerk-js@5.127.1/dist/ui-common_clerk.browser_9854dd_5.127.1.js:4
[   59071ms] [INFO] 🔒 Clerk:
The <SignIn/> component cannot render when a user is already signed in, unless the application allows multiple sessions. Since a user is signed in and this application only allows a single session, Clerk is redirecting to the `afterSignIn` URL instead.
(This notice only appears in development) @ https://healthy-snipe-46.clerk.accounts.dev/npm/@clerk/clerk-js@5.127.1/dist/ui-common_clerk.browser_9854dd_5.127.1.js:4
[   59080ms] [INFO] 🔒 Clerk:
The <SignIn/> component cannot render when a user is already signed in, unless the application allows multiple sessions. Since a user is signed in and this application only allows a single session, Clerk is redirecting to the `afterSignIn` URL instead.
(This notice only appears in development) @ https://healthy-snipe-46.clerk.accounts.dev/npm/@clerk/clerk-js@5.127.1/dist/ui-common_clerk.browser_9854dd_5.127.1.js:4
[   59090ms] [INFO] 🔒 Clerk:
The <SignIn/> component cannot render when a user is already signed in, unless the application allows multiple sessions. Since a user is signed in and this application only allows a single session, Clerk is redirecting to the `afterSignIn` URL instead.
(This notice only appears in development) @ https://healthy-snipe-46.clerk.accounts.dev/npm/@clerk/clerk-js@5.127.1/dist/ui-common_clerk.browser_9854dd_5.127.1.js:4
[   59097ms] [INFO] 🔒 Clerk:
The <SignIn/> component cannot render when a user is already signed in, unless the application allows multiple sessions. Since a user is signed in and this application only allows a single session, Clerk is redirecting to the `afterSignIn` URL instead.
(This notice only appears in development) @ https://healthy-snipe-46.clerk.accounts.dev/npm/@clerk/clerk-js@5.127.1/dist/ui-common_clerk.browser_9854dd_5.127.1.js:4
[   59104ms] [INFO] 🔒 Clerk:
The <SignIn/> component cannot render when a user is already signed in, unless the application allows multiple sessions. Since a user is signed in and this application only allows a single session, Clerk is redirecting to the `afterSignIn` URL instead.
(This notice only appears in development) @ https://healthy-snipe-46.clerk.accounts.dev/npm/@clerk/clerk-js@5.127.1/dist/ui-common_clerk.browser_9854dd_5.127.1.js:4
[   59112ms] [INFO] 🔒 Clerk:
The <SignIn/> component cannot render when a user is already signed in, unless the application allows multiple sessions. Since a user is signed in and this application only allows a single session, Clerk is redirecting to the `afterSignIn` URL instead.
(This notice only appears in development) @ https://healthy-snipe-46.clerk.accounts.dev/npm/@clerk/clerk-js@5.127.1/dist/ui-common_clerk.browser_9854dd_5.127.1.js:4
[   59125ms] [INFO] 🔒 Clerk:
The <SignIn/> component cannot render when a user is already signed in, unless the application allows multiple sessions. Since a user is signed in and this application only allows a single session, Clerk is redirecting to the `afterSignIn` URL instead.
(This notice only appears in development) @ https://healthy-snipe-46.clerk.accounts.dev/npm/@clerk/clerk-js@5.127.1/dist/ui-common_clerk.browser_9854dd_5.127.1.js:4
[   59132ms] [INFO] 🔒 Clerk:
The <SignIn/> component cannot render when a user is already signed in, unless the application allows multiple sessions. Since a user is signed in and this application only allows a single session, Clerk is redirecting to the `afterSignIn` URL instead.
(This notice only appears in development) @ https://healthy-snipe-46.clerk.accounts.dev/npm/@clerk/clerk-js@5.127.1/dist/ui-common_clerk.browser_9854dd_5.127.1.js:4
[   59143ms] [INFO] 🔒 Clerk:
The <SignIn/> component cannot render when a user is already signed in, unless the application allows multiple sessions. Since a user is signed in and this application only allows a single session, Clerk is redirecting to the `afterSignIn` URL instead.
(This notice only appears in development) @ https://healthy-snipe-46.clerk.accounts.dev/npm/@clerk/clerk-js@5.127.1/dist/ui-common_clerk.browser_9854dd_5.127.1.js:4
[   59151ms] [INFO] 🔒 Clerk:
The <SignIn/> component cannot render when a user is already signed in, unless the application allows multiple sessions. Since a user is signed in and this application only allows a single session, Clerk is redirecting to the `afterSignIn` URL instead.
(This notice only appears in development) @ https://healthy-snipe-46.clerk.accounts.dev/npm/@clerk/clerk-js@5.127.1/dist/ui-common_clerk.browser_9854dd_5.127.1.js:4
[   59162ms] [INFO] 🔒 Clerk:
The <SignIn/> component cannot render when a user is already signed in, unless the application allows multiple sessions. Since a user is signed in and this application only allows a single session, Clerk is redirecting to the `afterSignIn` URL instead.
(This notice only appears in development) @ https://healthy-snipe-46.clerk.accounts.dev/npm/@clerk/clerk-js@5.127.1/dist/ui-common_clerk.browser_9854dd_5.127.1.js:4
[   59173ms] [INFO] 🔒 Clerk:
The <SignIn/> component cannot render when a user is already signed in, unless the application allows multiple sessions. Since a user is signed in and this application only allows a single session, Clerk is redirecting to the `afterSignIn` URL instead.
(This notice only appears in development) @ https://healthy-snipe-46.clerk.accounts.dev/npm/@clerk/clerk-js@5.127.1/dist/ui-common_clerk.browser_9854dd_5.127.1.js:4
[   59183ms] [INFO] 🔒 Clerk:
The <SignIn/> component cannot render when a user is already signed in, unless the application allows multiple sessions. Since a user is signed in and this application only allows a single session, Clerk is redirecting to the `afterSignIn` URL instead.
(This notice only appears in development) @ https://healthy-snipe-46.clerk.accounts.dev/npm/@clerk/clerk-js@5.127.1/dist/ui-common_clerk.browser_9854dd_5.127.1.js:4
[   59195ms] [INFO] 🔒 Clerk:
The <SignIn/> component cannot render when a user is already signed in, unless the application allows multiple sessions. Since a user is signed in and this application only allows a single session, Clerk is redirecting to the `afterSignIn` URL instead.
(This notice only appears in development) @ https://healthy-snipe-46.clerk.accounts.dev/npm/@clerk/clerk-js@5.127.1/dist/ui-common_clerk.browser_9854dd_5.127.1.js:4
[   59204ms] [INFO] 🔒 Clerk:
The <SignIn/> component cannot render when a user is already signed in, unless the application allows multiple sessions. Since a user is signed in and this application only allows a single session, Clerk is redirecting to the `afterSignIn` URL instead.
(This notice only appears in development) @ https://healthy-snipe-46.clerk.accounts.dev/npm/@clerk/clerk-js@5.127.1/dist/ui-common_clerk.browser_9854dd_5.127.1.js:4
[   59214ms] [INFO] 🔒 Clerk:
The <SignIn/> component cannot render when a user is already signed in, unless the application allows multiple sessions. Since a user is signed in and this application only allows a single session, Clerk is redirecting to the `afterSignIn` URL instead.
(This notice only appears in development) @ https://healthy-snipe-46.clerk.accounts.dev/npm/@clerk/clerk-js@5.127.1/dist/ui-common_clerk.browser_9854dd_5.127.1.js:4
[   59223ms] [INFO] 🔒 Clerk:
The <SignIn/> component cannot render when a user is already signed in, unless the application allows multiple sessions. Since a user is signed in and this application only allows a single session, Clerk is redirecting to the `afterSignIn` URL instead.
(This notice only appears in development) @ https://healthy-snipe-46.clerk.accounts.dev/npm/@clerk/clerk-js@5.127.1/dist/ui-common_clerk.browser_9854dd_5.127.1.js:4
[   59230ms] [INFO] 🔒 Clerk:
The <SignIn/> component cannot render when a user is already signed in, unless the application allows multiple sessions. Since a user is signed in and this application only allows a single session, Clerk is redirecting to the `afterSignIn` URL instead.
(This notice only appears in development) @ https://healthy-snipe-46.clerk.accounts.dev/npm/@clerk/clerk-js@5.127.1/dist/ui-common_clerk.browser_9854dd_5.127.1.js:4
[   59240ms] [INFO] 🔒 Clerk:
The <SignIn/> component cannot render when a user is already signed in, unless the application allows multiple sessions. Since a user is signed in and this application only allows a single session, Clerk is redirecting to the `afterSignIn` URL instead.
(This notice only appears in development) @ https://healthy-snipe-46.clerk.accounts.dev/npm/@clerk/clerk-js@5.127.1/dist/ui-common_clerk.browser_9854dd_5.127.1.js:4
[   59249ms] [INFO] 🔒 Clerk:
The <SignIn/> component cannot render when a user is already signed in, unless the application allows multiple sessions. Since a user is signed in and this application only allows a single session, Clerk is redirecting to the `afterSignIn` URL instead.
(This notice only appears in development) @ https://healthy-snipe-46.clerk.accounts.dev/npm/@clerk/clerk-js@5.127.1/dist/ui-common_clerk.browser_9854dd_5.127.1.js:4
[   59261ms] [INFO] 🔒 Clerk:
The <SignIn/> component cannot render when a user is already signed in, unless the application allows multiple sessions. Since a user is signed in and this application only allows a single session, Clerk is redirecting to the `afterSignIn` URL instead.
(This notice only appears in development) @ https://healthy-snipe-46.clerk.accounts.dev/npm/@clerk/clerk-js@5.127.1/dist/ui-common_clerk.browser_9854dd_5.127.1.js:4
[   59268ms] [INFO] 🔒 Clerk:
The <SignIn/> component cannot render when a user is already signed in, unless the application allows multiple sessions. Since a user is signed in and this application only allows a single session, Clerk is redirecting to the `afterSignIn` URL instead.
(This notice only appears in development) @ https://healthy-snipe-46.clerk.accounts.dev/npm/@clerk/clerk-js@5.127.1/dist/ui-common_clerk.browser_9854dd_5.127.1.js:4
[   59278ms] [INFO] 🔒 Clerk:
The <SignIn/> component cannot render when a user is already signed in, unless the application allows multiple sessions. Since a user is signed in and this application only allows a single session, Clerk is redirecting to the `afterSignIn` URL instead.
(This notice only appears in development) @ https://healthy-snipe-46.clerk.accounts.dev/npm/@clerk/clerk-js@5.127.1/dist/ui-common_clerk.browser_9854dd_5.127.1.js:4
[   59286ms] [INFO] 🔒 Clerk:
The <SignIn/> component cannot render when a user is already signed in, unless the application allows multiple sessions. Since a user is signed in and this application only allows a single session, Clerk is redirecting to the `afterSignIn` URL instead.
(This notice only appears in development) @ https://healthy-snipe-46.clerk.accounts.dev/npm/@clerk/clerk-js@5.127.1/dist/ui-common_clerk.browser_9854dd_5.127.1.js:4
[   59299ms] [INFO] 🔒 Clerk:
The <SignIn/> component cannot render when a user is already signed in, unless the application allows multiple sessions. Since a user is signed in and this application only allows a single session, Clerk is redirecting to the `afterSignIn` URL instead.
(This notice only appears in development) @ https://healthy-snipe-46.clerk.accounts.dev/npm/@clerk/clerk-js@5.127.1/dist/ui-common_clerk.browser_9854dd_5.127.1.js:4
[   59308ms] [INFO] 🔒 Clerk:
The <SignIn/> component cannot render when a user is already signed in, unless the application allows multiple sessions. Since a user is signed in and this application only allows a single session, Clerk is redirecting to the `afterSignIn` URL instead.
(This notice only appears in development) @ https://healthy-snipe-46.clerk.accounts.dev/npm/@clerk/clerk-js@5.127.1/dist/ui-common_clerk.browser_9854dd_5.127.1.js:4
[   59316ms] [INFO] 🔒 Clerk:
The <SignIn/> component cannot render when a user is already signed in, unless the application allows multiple sessions. Since a user is signed in and this application only allows a single session, Clerk is redirecting to the `afterSignIn` URL instead.
(This notice only appears in development) @ https://healthy-snipe-46.clerk.accounts.dev/npm/@clerk/clerk-js@5.127.1/dist/ui-common_clerk.browser_9854dd_5.127.1.js:4
[   59327ms] [INFO] 🔒 Clerk:
The <SignIn/> component cannot render when a user is already signed in, unless the application allows multiple sessions. Since a user is signed in and this application only allows a single session, Clerk is redirecting to the `afterSignIn` URL instead.
(This notice only appears in development) @ https://healthy-snipe-46.clerk.accounts.dev/npm/@clerk/clerk-js@5.127.1/dist/ui-common_clerk.browser_9854dd_5.127.1.js:4
[   59336ms] [INFO] 🔒 Clerk:
The <SignIn/> component cannot render when a user is already signed in, unless the application allows multiple sessions. Since a user is signed in and this application only allows a single session, Clerk is redirecting to the `afterSignIn` URL instead.
(This notice only appears in development) @ https://healthy-snipe-46.clerk.accounts.dev/npm/@clerk/clerk-js@5.127.1/dist/ui-common_clerk.browser_9854dd_5.127.1.js:4
[   59346ms] [INFO] 🔒 Clerk:
The <SignIn/> component cannot render when a user is already signed in, unless the application allows multiple sessions. Since a user is signed in and this application only allows a single session, Clerk is redirecting to the `afterSignIn` URL instead.
(This notice only appears in development) @ https://healthy-snipe-46.clerk.accounts.dev/npm/@clerk/clerk-js@5.127.1/dist/ui-common_clerk.browser_9854dd_5.127.1.js:4
[   59357ms] [INFO] 🔒 Clerk:
The <SignIn/> component cannot render when a user is already signed in, unless the application allows multiple sessions. Since a user is signed in and this application only allows a single session, Clerk is redirecting to the `afterSignIn` URL instead.
(This notice only appears in development) @ https://healthy-snipe-46.clerk.accounts.dev/npm/@clerk/clerk-js@5.127.1/dist/ui-common_clerk.browser_9854dd_5.127.1.js:4
[   59369ms] [INFO] 🔒 Clerk:
The <SignIn/> component cannot render when a user is already signed in, unless the application allows multiple sessions. Since a user is signed in and this application only allows a single session, Clerk is redirecting to the `afterSignIn` URL instead.
(This notice only appears in development) @ https://healthy-snipe-46.clerk.accounts.dev/npm/@clerk/clerk-js@5.127.1/dist/ui-common_clerk.browser_9854dd_5.127.1.js:4
[   59381ms] [INFO] 🔒 Clerk:
The <SignIn/> component cannot render when a user is already signed in, unless the application allows multiple sessions. Since a user is signed in and this application only allows a single session, Clerk is redirecting to the `afterSignIn` URL instead.
(This notice only appears in development) @ https://healthy-snipe-46.clerk.accounts.dev/npm/@clerk/clerk-js@5.127.1/dist/ui-common_clerk.browser_9854dd_5.127.1.js:4
[   59390ms] [INFO] 🔒 Clerk:
The <SignIn/> component cannot render when a user is already signed in, unless the application allows multiple sessions. Since a user is signed in and this application only allows a single session, Clerk is redirecting to the `afterSignIn` URL instead.
(This notice only appears in development) @ https://healthy-snipe-46.clerk.accounts.dev/npm/@clerk/clerk-js@5.127.1/dist/ui-common_clerk.browser_9854dd_5.127.1.js:4
[   59398ms] [INFO] 🔒 Clerk:
The <SignIn/> component cannot render when a user is already signed in, unless the application allows multiple sessions. Since a user is signed in and this application only allows a single session, Clerk is redirecting to the `afterSignIn` URL instead.
(This notice only appears in development) @ https://healthy-snipe-46.clerk.accounts.dev/npm/@clerk/clerk-js@5.127.1/dist/ui-common_clerk.browser_9854dd_5.127.1.js:4
[   59407ms] [INFO] 🔒 Clerk:
The <SignIn/> component cannot render when a user is already signed in, unless the application allows multiple sessions. Since a user is signed in and this application only allows a single session, Clerk is redirecting to the `afterSignIn` URL instead.
(This notice only appears in development) @ https://healthy-snipe-46.clerk.accounts.dev/npm/@clerk/clerk-js@5.127.1/dist/ui-common_clerk.browser_9854dd_5.127.1.js:4
[   59416ms] [INFO] 🔒 Clerk:
The <SignIn/> component cannot render when a user is already signed in, unless the application allows multiple sessions. Since a user is signed in and this application only allows a single session, Clerk is redirecting to the `afterSignIn` URL instead.
(This notice only appears in development) @ https://healthy-snipe-46.clerk.accounts.dev/npm/@clerk/clerk-js@5.127.1/dist/ui-common_clerk.browser_9854dd_5.127.1.js:4
[   59424ms] [INFO] 🔒 Clerk:
The <SignIn/> component cannot render when a user is already signed in, unless the application allows multiple sessions. Since a user is signed in and this application only allows a single session, Clerk is redirecting to the `afterSignIn` URL instead.
(This notice only appears in development) @ https://healthy-snipe-46.clerk.accounts.dev/npm/@clerk/clerk-js@5.127.1/dist/ui-common_clerk.browser_9854dd_5.127.1.js:4
[   59432ms] [INFO] 🔒 Clerk:
The <SignIn/> component cannot render when a user is already signed in, unless the application allows multiple sessions. Since a user is signed in and this application only allows a single session, Clerk is redirecting to the `afterSignIn` URL instead.
(This notice only appears in development) @ https://healthy-snipe-46.clerk.accounts.dev/npm/@clerk/clerk-js@5.127.1/dist/ui-common_clerk.browser_9854dd_5.127.1.js:4
[   59440ms] [INFO] 🔒 Clerk:
The <SignIn/> component cannot render when a user is already signed in, unless the application allows multiple sessions. Since a user is signed in and this application only allows a single session, Clerk is redirecting to the `afterSignIn` URL instead.
(This notice only appears in development) @ https://healthy-snipe-46.clerk.accounts.dev/npm/@clerk/clerk-js@5.127.1/dist/ui-common_clerk.browser_9854dd_5.127.1.js:4
[   59448ms] [INFO] 🔒 Clerk:
The <SignIn/> component cannot render when a user is already signed in, unless the application allows multiple sessions. Since a user is signed in and this application only allows a single session, Clerk is redirecting to the `afterSignIn` URL instead.
(This notice only appears in development) @ https://healthy-snipe-46.clerk.accounts.dev/npm/@clerk/clerk-js@5.127.1/dist/ui-common_clerk.browser_9854dd_5.127.1.js:4
[   59455ms] [INFO] 🔒 Clerk:
The <SignIn/> component cannot render when a user is already signed in, unless the application allows multiple sessions. Since a user is signed in and this application only allows a single session, Clerk is redirecting to the `afterSignIn` URL instead.
(This notice only appears in development) @ https://healthy-snipe-46.clerk.accounts.dev/npm/@clerk/clerk-js@5.127.1/dist/ui-common_clerk.browser_9854dd_5.127.1.js:4
[   59464ms] [INFO] 🔒 Clerk:
The <SignIn/> component cannot render when a user is already signed in, unless the application allows multiple sessions. Since a user is signed in and this application only allows a single session, Clerk is redirecting to the `afterSignIn` URL instead.
(This notice only appears in development) @ https://healthy-snipe-46.clerk.accounts.dev/npm/@clerk/clerk-js@5.127.1/dist/ui-common_clerk.browser_9854dd_5.127.1.js:4
[   59472ms] [INFO] 🔒 Clerk:
The <SignIn/> component cannot render when a user is already signed in, unless the application allows multiple sessions. Since a user is signed in and this application only allows a single session, Clerk is redirecting to the `afterSignIn` URL instead.
(This notice only appears in development) @ https://healthy-snipe-46.clerk.accounts.dev/npm/@clerk/clerk-js@5.127.1/dist/ui-common_clerk.browser_9854dd_5.127.1.js:4
[   59482ms] [INFO] 🔒 Clerk:
The <SignIn/> component cannot render when a user is already signed in, unless the application allows multiple sessions. Since a user is signed in and this application only allows a single session, Clerk is redirecting to the `afterSignIn` URL instead.
(This notice only appears in development) @ https://healthy-snipe-46.clerk.accounts.dev/npm/@clerk/clerk-js@5.127.1/dist/ui-common_clerk.browser_9854dd_5.127.1.js:4
[   59493ms] [INFO] 🔒 Clerk:
The <SignIn/> component cannot render when a user is already signed in, unless the application allows multiple sessions. Since a user is signed in and this application only allows a single session, Clerk is redirecting to the `afterSignIn` URL instead.
(This notice only appears in development) @ https://healthy-snipe-46.clerk.accounts.dev/npm/@clerk/clerk-js@5.127.1/dist/ui-common_clerk.browser_9854dd_5.127.1.js:4
[   59504ms] [INFO] 🔒 Clerk:
The <SignIn/> component cannot render when a user is already signed in, unless the application allows multiple sessions. Since a user is signed in and this application only allows a single session, Clerk is redirecting to the `afterSignIn` URL instead.
(This notice only appears in development) @ https://healthy-snipe-46.clerk.accounts.dev/npm/@clerk/clerk-js@5.127.1/dist/ui-common_clerk.browser_9854dd_5.127.1.js:4
[   59516ms] [INFO] 🔒 Clerk:
The <SignIn/> component cannot render when a user is already signed in, unless the application allows multiple sessions. Since a user is signed in and this application only allows a single session, Clerk is redirecting to the `afterSignIn` URL instead.
(This notice only appears in development) @ https://healthy-snipe-46.clerk.accounts.dev/npm/@clerk/clerk-js@5.127.1/dist/ui-common_clerk.browser_9854dd_5.127.1.js:4
[   59526ms] [INFO] 🔒 Clerk:
The <SignIn/> component cannot render when a user is already signed in, unless the application allows multiple sessions. Since a user is signed in and this application only allows a single session, Clerk is redirecting to the `afterSignIn` URL instead.
(This notice only appears in development) @ https://healthy-snipe-46.clerk.accounts.dev/npm/@clerk/clerk-js@5.127.1/dist/ui-common_clerk.browser_9854dd_5.127.1.js:4
[   59535ms] [INFO] 🔒 Clerk:
The <SignIn/> component cannot render when a user is already signed in, unless the application allows multiple sessions. Since a user is signed in and this application only allows a single session, Clerk is redirecting to the `afterSignIn` URL instead.
(This notice only appears in development) @ https://healthy-snipe-46.clerk.accounts.dev/npm/@clerk/clerk-js@5.127.1/dist/ui-common_clerk.browser_9854dd_5.127.1.js:4
[   59546ms] [INFO] 🔒 Clerk:
The <SignIn/> component cannot render when a user is already signed in, unless the application allows multiple sessions. Since a user is signed in and this application only allows a single session, Clerk is redirecting to the `afterSignIn` URL instead.
(This notice only appears in development) @ https://healthy-snipe-46.clerk.accounts.dev/npm/@clerk/clerk-js@5.127.1/dist/ui-common_clerk.browser_9854dd_5.127.1.js:4
[   59555ms] [INFO] 🔒 Clerk:
The <SignIn/> component cannot render when a user is already signed in, unless the application allows multiple sessions. Since a user is signed in and this application only allows a single session, Clerk is redirecting to the `afterSignIn` URL instead.
(This notice only appears in development) @ https://healthy-snipe-46.clerk.accounts.dev/npm/@clerk/clerk-js@5.127.1/dist/ui-common_clerk.browser_9854dd_5.127.1.js:4
[   59567ms] [INFO] 🔒 Clerk:
The <SignIn/> component cannot render when a user is already signed in, unless the application allows multiple sessions. Since a user is signed in and this application only allows a single session, Clerk is redirecting to the `afterSignIn` URL instead.
(This notice only appears in development) @ https://healthy-snipe-46.clerk.accounts.dev/npm/@clerk/clerk-js@5.127.1/dist/ui-common_clerk.browser_9854dd_5.127.1.js:4
[   59581ms] [INFO] 🔒 Clerk:
The <SignIn/> component cannot render when a user is already signed in, unless the application allows multiple sessions. Since a user is signed in and this application only allows a single session, Clerk is redirecting to the `afterSignIn` URL instead.
(This notice only appears in development) @ https://healthy-snipe-46.clerk.accounts.dev/npm/@clerk/clerk-js@5.127.1/dist/ui-common_clerk.browser_9854dd_5.127.1.js:4
[   59593ms] [INFO] 🔒 Clerk:
The <SignIn/> component cannot render when a user is already signed in, unless the application allows multiple sessions. Since a user is signed in and this application only allows a single session, Clerk is redirecting to the `afterSignIn` URL instead.
(This notice only appears in development) @ https://healthy-snipe-46.clerk.accounts.dev/npm/@clerk/clerk-js@5.127.1/dist/ui-common_clerk.browser_9854dd_5.127.1.js:4
[   59604ms] [INFO] 🔒 Clerk:
The <SignIn/> component cannot render when a user is already signed in, unless the application allows multiple sessions. Since a user is signed in and this application only allows a single session, Clerk is redirecting to the `afterSignIn` URL instead.
(This notice only appears in development) @ https://healthy-snipe-46.clerk.accounts.dev/npm/@clerk/clerk-js@5.127.1/dist/ui-common_clerk.browser_9854dd_5.127.1.js:4
[   59615ms] [INFO] 🔒 Clerk:
The <SignIn/> component cannot render when a user is already signed in, unless the application allows multiple sessions. Since a user is signed in and this application only allows a single session, Clerk is redirecting to the `afterSignIn` URL instead.
(This notice only appears in development) @ https://healthy-snipe-46.clerk.accounts.dev/npm/@clerk/clerk-js@5.127.1/dist/ui-common_clerk.browser_9854dd_5.127.1.js:4
[   59627ms] [INFO] 🔒 Clerk:
The <SignIn/> component cannot render when a user is already signed in, unless the application allows multiple sessions. Since a user is signed in and this application only allows a single session, Clerk is redirecting to the `afterSignIn` URL instead.
(This notice only appears in development) @ https://healthy-snipe-46.clerk.accounts.dev/npm/@clerk/clerk-js@5.127.1/dist/ui-common_clerk.browser_9854dd_5.127.1.js:4
[   59639ms] [INFO] 🔒 Clerk:
The <SignIn/> component cannot render when a user is already signed in, unless the application allows multiple sessions. Since a user is signed in and this application only allows a single session, Clerk is redirecting to the `afterSignIn` URL instead.
(This notice only appears in development) @ https://healthy-snipe-46.clerk.accounts.dev/npm/@clerk/clerk-js@5.127.1/dist/ui-common_clerk.browser_9854dd_5.127.1.js:4
[   59648ms] [INFO] 🔒 Clerk:
The <SignIn/> component cannot render when a user is already signed in, unless the application allows multiple sessions. Since a user is signed in and this application only allows a single session, Clerk is redirecting to the `afterSignIn` URL instead.
(This notice only appears in development) @ https://healthy-snipe-46.clerk.accounts.dev/npm/@clerk/clerk-js@5.127.1/dist/ui-common_clerk.browser_9854dd_5.127.1.js:4
[   59662ms] [INFO] 🔒 Clerk:
The <SignIn/> component cannot render when a user is already signed in, unless the application allows multiple sessions. Since a user is signed in and this application only allows a single session, Clerk is redirecting to the `afterSignIn` URL instead.
(This notice only appears in development) @ https://healthy-snipe-46.clerk.accounts.dev/npm/@clerk/clerk-js@5.127.1/dist/ui-common_clerk.browser_9854dd_5.127.1.js:4
[   59672ms] [INFO] 🔒 Clerk:
The <SignIn/> component cannot render when a user is already signed in, unless the application allows multiple sessions. Since a user is signed in and this application only allows a single session, Clerk is redirecting to the `afterSignIn` URL instead.
(This notice only appears in development) @ https://healthy-snipe-46.clerk.accounts.dev/npm/@clerk/clerk-js@5.127.1/dist/ui-common_clerk.browser_9854dd_5.127.1.js:4
[   59682ms] [INFO] 🔒 Clerk:
The <SignIn/> component cannot render when a user is already signed in, unless the application allows multiple sessions. Since a user is signed in and this application only allows a single session, Clerk is redirecting to the `afterSignIn` URL instead.
(This notice only appears in development) @ https://healthy-snipe-46.clerk.accounts.dev/npm/@clerk/clerk-js@5.127.1/dist/ui-common_clerk.browser_9854dd_5.127.1.js:4
[   59696ms] [INFO] 🔒 Clerk:
The <SignIn/> component cannot render when a user is already signed in, unless the application allows multiple sessions. Since a user is signed in and this application only allows a single session, Clerk is redirecting to the `afterSignIn` URL instead.
(This notice only appears in development) @ https://healthy-snipe-46.clerk.accounts.dev/npm/@clerk/clerk-js@5.127.1/dist/ui-common_clerk.browser_9854dd_5.127.1.js:4
[   59723ms] [INFO] 🔒 Clerk:
The <SignIn/> component cannot render when a user is already signed in, unless the application allows multiple sessions. Since a user is signed in and this application only allows a single session, Clerk is redirecting to the `afterSignIn` URL instead.
(This notice only appears in development) @ https://healthy-snipe-46.clerk.accounts.dev/npm/@clerk/clerk-js@5.127.1/dist/ui-common_clerk.browser_9854dd_5.127.1.js:4
[   59734ms] [INFO] 🔒 Clerk:
The <SignIn/> component cannot render when a user is already signed in, unless the application allows multiple sessions. Since a user is signed in and this application only allows a single session, Clerk is redirecting to the `afterSignIn` URL instead.
(This notice only appears in development) @ https://healthy-snipe-46.clerk.accounts.dev/npm/@clerk/clerk-js@5.127.1/dist/ui-common_clerk.browser_9854dd_5.127.1.js:4
[   59746ms] [INFO] 🔒 Clerk:
The <SignIn/> component cannot render when a user is already signed in, unless the application allows multiple sessions. Since a user is signed in and this application only allows a single session, Clerk is redirecting to the `afterSignIn` URL instead.
(This notice only appears in development) @ https://healthy-snipe-46.clerk.accounts.dev/npm/@clerk/clerk-js@5.127.1/dist/ui-common_clerk.browser_9854dd_5.127.1.js:4
[   59756ms] [INFO] 🔒 Clerk:
The <SignIn/> component cannot render when a user is already signed in, unless the application allows multiple sessions. Since a user is signed in and this application only allows a single session, Clerk is redirecting to the `afterSignIn` URL instead.
(This notice only appears in development) @ https://healthy-snipe-46.clerk.accounts.dev/npm/@clerk/clerk-js@5.127.1/dist/ui-common_clerk.browser_9854dd_5.127.1.js:4
[   59766ms] [INFO] 🔒 Clerk:
The <SignIn/> component cannot render when a user is already signed in, unless the application allows multiple sessions. Since a user is signed in and this application only allows a single session, Clerk is redirecting to the `afterSignIn` URL instead.
(This notice only appears in development) @ https://healthy-snipe-46.clerk.accounts.dev/npm/@clerk/clerk-js@5.127.1/dist/ui-common_clerk.browser_9854dd_5.127.1.js:4
[   59776ms] [INFO] 🔒 Clerk:
The <SignIn/> component cannot render when a user is already signed in, unless the application allows multiple sessions. Since a user is signed in and this application only allows a single session, Clerk is redirecting to the `afterSignIn` URL instead.
(This notice only appears in development) @ https://healthy-snipe-46.clerk.accounts.dev/npm/@clerk/clerk-js@5.127.1/dist/ui-common_clerk.browser_9854dd_5.127.1.js:4
[   59784ms] [INFO] 🔒 Clerk:
The <SignIn/> component cannot render when a user is already signed in, unless the application allows multiple sessions. Since a user is signed in and this application only allows a single session, Clerk is redirecting to the `afterSignIn` URL instead.
(This notice only appears in development) @ https://healthy-snipe-46.clerk.accounts.dev/npm/@clerk/clerk-js@5.127.1/dist/ui-common_clerk.browser_9854dd_5.127.1.js:4
[   59795ms] [INFO] 🔒 Clerk:
The <SignIn/> component cannot render when a user is already signed in, unless the application allows multiple sessions. Since a user is signed in and this application only allows a single session, Clerk is redirecting to the `afterSignIn` URL instead.
(This notice only appears in development) @ https://healthy-snipe-46.clerk.accounts.dev/npm/@clerk/clerk-js@5.127.1/dist/ui-common_clerk.browser_9854dd_5.127.1.js:4
[   59802ms] [INFO] 🔒 Clerk:
The <SignIn/> component cannot render when a user is already signed in, unless the application allows multiple sessions. Since a user is signed in and this application only allows a single session, Clerk is redirecting to the `afterSignIn` URL instead.
(This notice only appears in development) @ https://healthy-snipe-46.clerk.accounts.dev/npm/@clerk/clerk-js@5.127.1/dist/ui-common_clerk.browser_9854dd_5.127.1.js:4
[   59813ms] [INFO] 🔒 Clerk:
The <SignIn/> component cannot render when a user is already signed in, unless the application allows multiple sessions. Since a user is signed in and this application only allows a single session, Clerk is redirecting to the `afterSignIn` URL instead.
(This notice only appears in development) @ https://healthy-snipe-46.clerk.accounts.dev/npm/@clerk/clerk-js@5.127.1/dist/ui-common_clerk.browser_9854dd_5.127.1.js:4
[   59835ms] [INFO] 🔒 Clerk:
The <SignIn/> component cannot render when a user is already signed in, unless the application allows multiple sessions. Since a user is signed in and this application only allows a single session, Clerk is redirecting to the `afterSignIn` URL instead.
(This notice only appears in development) @ https://healthy-snipe-46.clerk.accounts.dev/npm/@clerk/clerk-js@5.127.1/dist/ui-common_clerk.browser_9854dd_5.127.1.js:4
[   59846ms] [INFO] 🔒 Clerk:
The <SignIn/> component cannot render when a user is already signed in, unless the application allows multiple sessions. Since a user is signed in and this application only allows a single session, Clerk is redirecting to the `afterSignIn` URL instead.
(This notice only appears in development) @ https://healthy-snipe-46.clerk.accounts.dev/npm/@clerk/clerk-js@5.127.1/dist/ui-common_clerk.browser_9854dd_5.127.1.js:4
[   59856ms] [INFO] 🔒 Clerk:
The <SignIn/> component cannot render when a user is already signed in, unless the application allows multiple sessions. Since a user is signed in and this application only allows a single session, Clerk is redirecting to the `afterSignIn` URL instead.
(This notice only appears in development) @ https://healthy-snipe-46.clerk.accounts.dev/npm/@clerk/clerk-js@5.127.1/dist/ui-common_clerk.browser_9854dd_5.127.1.js:4
[   59866ms] [INFO] 🔒 Clerk:
The <SignIn/> component cannot render when a user is already signed in, unless the application allows multiple sessions. Since a user is signed in and this application only allows a single session, Clerk is redirecting to the `afterSignIn` URL instead.
(This notice only appears in development) @ https://healthy-snipe-46.clerk.accounts.dev/npm/@clerk/clerk-js@5.127.1/dist/ui-common_clerk.browser_9854dd_5.127.1.js:4
[   59877ms] [INFO] 🔒 Clerk:
The <SignIn/> component cannot render when a user is already signed in, unless the application allows multiple sessions. Since a user is signed in and this application only allows a single session, Clerk is redirecting to the `afterSignIn` URL instead.
(This notice only appears in development) @ https://healthy-snipe-46.clerk.accounts.dev/npm/@clerk/clerk-js@5.127.1/dist/ui-common_clerk.browser_9854dd_5.127.1.js:4
[   59888ms] [INFO] 🔒 Clerk:
The <SignIn/> component cannot render when a user is already signed in, unless the application allows multiple sessions. Since a user is signed in and this application only allows a single session, Clerk is redirecting to the `afterSignIn` URL instead.
(This notice only appears in development) @ https://healthy-snipe-46.clerk.accounts.dev/npm/@clerk/clerk-js@5.127.1/dist/ui-common_clerk.browser_9854dd_5.127.1.js:4
[   59898ms] [INFO] 🔒 Clerk:
The <SignIn/> component cannot render when a user is already signed in, unless the application allows multiple sessions. Since a user is signed in and this application only allows a single session, Clerk is redirecting to the `afterSignIn` URL instead.
(This notice only appears in development) @ https://healthy-snipe-46.clerk.accounts.dev/npm/@clerk/clerk-js@5.127.1/dist/ui-common_clerk.browser_9854dd_5.127.1.js:4
[   59909ms] [INFO] 🔒 Clerk:
The <SignIn/> component cannot render when a user is already signed in, unless the application allows multiple sessions. Since a user is signed in and this application only allows a single session, Clerk is redirecting to the `afterSignIn` URL instead.
(This notice only appears in development) @ https://healthy-snipe-46.clerk.accounts.dev/npm/@clerk/clerk-js@5.127.1/dist/ui-common_clerk.browser_9854dd_5.127.1.js:4
[   59918ms] [INFO] 🔒 Clerk:
The <SignIn/> component cannot render when a user is already signed in, unless the application allows multiple sessions. Since a user is signed in and this application only allows a single session, Clerk is redirecting to the `afterSignIn` URL instead.
(This notice only appears in development) @ https://healthy-snipe-46.clerk.accounts.dev/npm/@clerk/clerk-js@5.127.1/dist/ui-common_clerk.browser_9854dd_5.127.1.js:4
[   59928ms] [INFO] 🔒 Clerk:
The <SignIn/> component cannot render when a user is already signed in, unless the application allows multiple sessions. Since a user is signed in and this application only allows a single session, Clerk is redirecting to the `afterSignIn` URL instead.
(This notice only appears in development) @ https://healthy-snipe-46.clerk.accounts.dev/npm/@clerk/clerk-js@5.127.1/dist/ui-common_clerk.browser_9854dd_5.127.1.js:4
[   59941ms] [INFO] 🔒 Clerk:
The <SignIn/> component cannot render when a user is already signed in, unless the application allows multiple sessions. Since a user is signed in and this application only allows a single session, Clerk is redirecting to the `afterSignIn` URL instead.
(This notice only appears in development) @ https://healthy-snipe-46.clerk.accounts.dev/npm/@clerk/clerk-js@5.127.1/dist/ui-common_clerk.browser_9854dd_5.127.1.js:4
[   59950ms] [INFO] 🔒 Clerk:
The <SignIn/> component cannot render when a user is already signed in, unless the application allows multiple sessions. Since a user is signed in and this application only allows a single session, Clerk is redirecting to the `afterSignIn` URL instead.
(This notice only appears in development) @ https://healthy-snipe-46.clerk.accounts.dev/npm/@clerk/clerk-js@5.127.1/dist/ui-common_clerk.browser_9854dd_5.127.1.js:4
[   59961ms] [INFO] 🔒 Clerk:
The <SignIn/> component cannot render when a user is already signed in, unless the application allows multiple sessions. Since a user is signed in and this application only allows a single session, Clerk is redirecting to the `afterSignIn` URL instead.
(This notice only appears in development) @ https://healthy-snipe-46.clerk.accounts.dev/npm/@clerk/clerk-js@5.127.1/dist/ui-common_clerk.browser_9854dd_5.127.1.js:4
[   59971ms] [INFO] 🔒 Clerk:
The <SignIn/> component cannot render when a user is already signed in, unless the application allows multiple sessions. Since a user is signed in and this application only allows a single session, Clerk is redirecting to the `afterSignIn` URL instead.
(This notice only appears in development) @ https://healthy-snipe-46.clerk.accounts.dev/npm/@clerk/clerk-js@5.127.1/dist/ui-common_clerk.browser_9854dd_5.127.1.js:4
[   59982ms] [INFO] 🔒 Clerk:
The <SignIn/> component cannot render when a user is already signed in, unless the application allows multiple sessions. Since a user is signed in and this application only allows a single session, Clerk is redirecting to the `afterSignIn` URL instead.
(This notice only appears in development) @ https://healthy-snipe-46.clerk.accounts.dev/npm/@clerk/clerk-js@5.127.1/dist/ui-common_clerk.browser_9854dd_5.127.1.js:4
[   59995ms] [INFO] 🔒 Clerk:
The <SignIn/> component cannot render when a user is already signed in, unless the application allows multiple sessions. Since a user is signed in and this application only allows a single session, Clerk is redirecting to the `afterSignIn` URL instead.
(This notice only appears in development) @ https://healthy-snipe-46.clerk.accounts.dev/npm/@clerk/clerk-js@5.127.1/dist/ui-common_clerk.browser_9854dd_5.127.1.js:4
[   60005ms] [INFO] 🔒 Clerk:
The <SignIn/> component cannot render when a user is already signed in, unless the application allows multiple sessions. Since a user is signed in and this application only allows a single session, Clerk is redirecting to the `afterSignIn` URL instead.
(This notice only appears in development) @ https://healthy-snipe-46.clerk.accounts.dev/npm/@clerk/clerk-js@5.127.1/dist/ui-common_clerk.browser_9854dd_5.127.1.js:4
[   60014ms] [INFO] 🔒 Clerk:
The <SignIn/> component cannot render when a user is already signed in, unless the application allows multiple sessions. Since a user is signed in and this application only allows a single session, Clerk is redirecting to the `afterSignIn` URL instead.
(This notice only appears in development) @ https://healthy-snipe-46.clerk.accounts.dev/npm/@clerk/clerk-js@5.127.1/dist/ui-common_clerk.browser_9854dd_5.127.1.js:4
[   60028ms] [INFO] 🔒 Clerk:
The <SignIn/> component cannot render when a user is already signed in, unless the application allows multiple sessions. Since a user is signed in and this application only allows a single session, Clerk is redirecting to the `afterSignIn` URL instead.
(This notice only appears in development) @ https://healthy-snipe-46.clerk.accounts.dev/npm/@clerk/clerk-js@5.127.1/dist/ui-common_clerk.browser_9854dd_5.127.1.js:4
[   60038ms] [INFO] 🔒 Clerk:
The <SignIn/> component cannot render when a user is already signed in, unless the application allows multiple sessions. Since a user is signed in and this application only allows a single session, Clerk is redirecting to the `afterSignIn` URL instead.
(This notice only appears in development) @ https://healthy-snipe-46.clerk.accounts.dev/npm/@clerk/clerk-js@5.127.1/dist/ui-common_clerk.browser_9854dd_5.127.1.js:4
[   60048ms] [INFO] 🔒 Clerk:
The <SignIn/> component cannot render when a user is already signed in, unless the application allows multiple sessions. Since a user is signed in and this application only allows a single session, Clerk is redirecting to the `afterSignIn` URL instead.
(This notice only appears in development) @ https://healthy-snipe-46.clerk.accounts.dev/npm/@clerk/clerk-js@5.127.1/dist/ui-common_clerk.browser_9854dd_5.127.1.js:4
[   60062ms] [INFO] 🔒 Clerk:
The <SignIn/> component cannot render when a user is already signed in, unless the application allows multiple sessions. Since a user is signed in and this application only allows a single session, Clerk is redirecting to the `afterSignIn` URL instead.
(This notice only appears in development) @ https://healthy-snipe-46.clerk.accounts.dev/npm/@clerk/clerk-js@5.127.1/dist/ui-common_clerk.browser_9854dd_5.127.1.js:4
[   60074ms] [INFO] 🔒 Clerk:
The <SignIn/> component cannot render when a user is already signed in, unless the application allows multiple sessions. Since a user is signed in and this application only allows a single session, Clerk is redirecting to the `afterSignIn` URL instead.
(This notice only appears in development) @ https://healthy-snipe-46.clerk.accounts.dev/npm/@clerk/clerk-js@5.127.1/dist/ui-common_clerk.browser_9854dd_5.127.1.js:4
[   60084ms] [INFO] 🔒 Clerk:
The <SignIn/> component cannot render when a user is already signed in, unless the application allows multiple sessions. Since a user is signed in and this application only allows a single session, Clerk is redirecting to the `afterSignIn` URL instead.
(This notice only appears in development) @ https://healthy-snipe-46.clerk.accounts.dev/npm/@clerk/clerk-js@5.127.1/dist/ui-common_clerk.browser_9854dd_5.127.1.js:4
[   60098ms] [INFO] 🔒 Clerk:
The <SignIn/> component cannot render when a user is already signed in, unless the application allows multiple sessions. Since a user is signed in and this application only allows a single session, Clerk is redirecting to the `afterSignIn` URL instead.
(This notice only appears in development) @ https://healthy-snipe-46.clerk.accounts.dev/npm/@clerk/clerk-js@5.127.1/dist/ui-common_clerk.browser_9854dd_5.127.1.js:4
[   60111ms] [INFO] 🔒 Clerk:
The <SignIn/> component cannot render when a user is already signed in, unless the application allows multiple sessions. Since a user is signed in and this application only allows a single session, Clerk is redirecting to the `afterSignIn` URL instead.
(This notice only appears in development) @ https://healthy-snipe-46.clerk.accounts.dev/npm/@clerk/clerk-js@5.127.1/dist/ui-common_clerk.browser_9854dd_5.127.1.js:4
[   60118ms] [INFO] 🔒 Clerk:
The <SignIn/> component cannot render when a user is already signed in, unless the application allows multiple sessions. Since a user is signed in and this application only allows a single session, Clerk is redirecting to the `afterSignIn` URL instead.
(This notice only appears in development) @ https://healthy-snipe-46.clerk.accounts.dev/npm/@clerk/clerk-js@5.127.1/dist/ui-common_clerk.browser_9854dd_5.127.1.js:4
[   60129ms] [INFO] 🔒 Clerk:
The <SignIn/> component cannot render when a user is already signed in, unless the application allows multiple sessions. Since a user is signed in and this application only allows a single session, Clerk is redirecting to the `afterSignIn` URL instead.
(This notice only appears in development) @ https://healthy-snipe-46.clerk.accounts.dev/npm/@clerk/clerk-js@5.127.1/dist/ui-common_clerk.browser_9854dd_5.127.1.js:4
[   60138ms] [INFO] 🔒 Clerk:
The <SignIn/> component cannot render when a user is already signed in, unless the application allows multiple sessions. Since a user is signed in and this application only allows a single session, Clerk is redirecting to the `afterSignIn` URL instead.
(This notice only appears in development) @ https://healthy-snipe-46.clerk.accounts.dev/npm/@clerk/clerk-js@5.127.1/dist/ui-common_clerk.browser_9854dd_5.127.1.js:4
[   60148ms] [INFO] 🔒 Clerk:
The <SignIn/> component cannot render when a user is already signed in, unless the application allows multiple sessions. Since a user is signed in and this application only allows a single session, Clerk is redirecting to the `afterSignIn` URL instead.
(This notice only appears in development) @ https://healthy-snipe-46.clerk.accounts.dev/npm/@clerk/clerk-js@5.127.1/dist/ui-common_clerk.browser_9854dd_5.127.1.js:4
[   60158ms] [INFO] 🔒 Clerk:
The <SignIn/> component cannot render when a user is already signed in, unless the application allows multiple sessions. Since a user is signed in and this application only allows a single session, Clerk is redirecting to the `afterSignIn` URL instead.
(This notice only appears in development) @ https://healthy-snipe-46.clerk.accounts.dev/npm/@clerk/clerk-js@5.127.1/dist/ui-common_clerk.browser_9854dd_5.127.1.js:4
[   60166ms] [INFO] 🔒 Clerk:
The <SignIn/> component cannot render when a user is already signed in, unless the application allows multiple sessions. Since a user is signed in and this application only allows a single session, Clerk is redirecting to the `afterSignIn` URL instead.
(This notice only appears in development) @ https://healthy-snipe-46.clerk.accounts.dev/npm/@clerk/clerk-js@5.127.1/dist/ui-common_clerk.browser_9854dd_5.127.1.js:4
[   60175ms] [INFO] 🔒 Clerk:
The <SignIn/> component cannot render when a user is already signed in, unless the application allows multiple sessions. Since a user is signed in and this application only allows a single session, Clerk is redirecting to the `afterSignIn` URL instead.
(This notice only appears in development) @ https://healthy-snipe-46.clerk.accounts.dev/npm/@clerk/clerk-js@5.127.1/dist/ui-common_clerk.browser_9854dd_5.127.1.js:4
[   60185ms] [INFO] 🔒 Clerk:
The <SignIn/> component cannot render when a user is already signed in, unless the application allows multiple sessions. Since a user is signed in and this application only allows a single session, Clerk is redirecting to the `afterSignIn` URL instead.
(This notice only appears in development) @ https://healthy-snipe-46.clerk.accounts.dev/npm/@clerk/clerk-js@5.127.1/dist/ui-common_clerk.browser_9854dd_5.127.1.js:4
[   60196ms] [INFO] 🔒 Clerk:
The <SignIn/> component cannot render when a user is already signed in, unless the application allows multiple sessions. Since a user is signed in and this application only allows a single session, Clerk is redirecting to the `afterSignIn` URL instead.
(This notice only appears in development) @ https://healthy-snipe-46.clerk.accounts.dev/npm/@clerk/clerk-js@5.127.1/dist/ui-common_clerk.browser_9854dd_5.127.1.js:4
[   60204ms] [INFO] 🔒 Clerk:
The <SignIn/> component cannot render when a user is already signed in, unless the application allows multiple sessions. Since a user is signed in and this application only allows a single session, Clerk is redirecting to the `afterSignIn` URL instead.
(This notice only appears in development) @ https://healthy-snipe-46.clerk.accounts.dev/npm/@clerk/clerk-js@5.127.1/dist/ui-common_clerk.browser_9854dd_5.127.1.js:4
[   60213ms] [INFO] 🔒 Clerk:
The <SignIn/> component cannot render when a user is already signed in, unless the application allows multiple sessions. Since a user is signed in and this application only allows a single session, Clerk is redirecting to the `afterSignIn` URL instead.
(This notice only appears in development) @ https://healthy-snipe-46.clerk.accounts.dev/npm/@clerk/clerk-js@5.127.1/dist/ui-common_clerk.browser_9854dd_5.127.1.js:4
[   60224ms] [INFO] 🔒 Clerk:
The <SignIn/> component cannot render when a user is already signed in, unless the application allows multiple sessions. Since a user is signed in and this application only allows a single session, Clerk is redirecting to the `afterSignIn` URL instead.
(This notice only appears in development) @ https://healthy-snipe-46.clerk.accounts.dev/npm/@clerk/clerk-js@5.127.1/dist/ui-common_clerk.browser_9854dd_5.127.1.js:4
[   60233ms] [INFO] 🔒 Clerk:
The <SignIn/> component cannot render when a user is already signed in, unless the application allows multiple sessions. Since a user is signed in and this application only allows a single session, Clerk is redirecting to the `afterSignIn` URL instead.
(This notice only appears in development) @ https://healthy-snipe-46.clerk.accounts.dev/npm/@clerk/clerk-js@5.127.1/dist/ui-common_clerk.browser_9854dd_5.127.1.js:4
[   60242ms] [INFO] 🔒 Clerk:
The <SignIn/> component cannot render when a user is already signed in, unless the application allows multiple sessions. Since a user is signed in and this application only allows a single session, Clerk is redirecting to the `afterSignIn` URL instead.
(This notice only appears in development) @ https://healthy-snipe-46.clerk.accounts.dev/npm/@clerk/clerk-js@5.127.1/dist/ui-common_clerk.browser_9854dd_5.127.1.js:4
[   60251ms] [INFO] 🔒 Clerk:
The <SignIn/> component cannot render when a user is already signed in, unless the application allows multiple sessions. Since a user is signed in and this application only allows a single session, Clerk is redirecting to the `afterSignIn` URL instead.
(This notice only appears in development) @ https://healthy-snipe-46.clerk.accounts.dev/npm/@clerk/clerk-js@5.127.1/dist/ui-common_clerk.browser_9854dd_5.127.1.js:4
[   60262ms] [INFO] 🔒 Clerk:
The <SignIn/> component cannot render when a user is already signed in, unless the application allows multiple sessions. Since a user is signed in and this application only allows a single session, Clerk is redirecting to the `afterSignIn` URL instead.
(This notice only appears in development) @ https://healthy-snipe-46.clerk.accounts.dev/npm/@clerk/clerk-js@5.127.1/dist/ui-common_clerk.browser_9854dd_5.127.1.js:4
[   60271ms] [INFO] 🔒 Clerk:
The <SignIn/> component cannot render when a user is already signed in, unless the application allows multiple sessions. Since a user is signed in and this application only allows a single session, Clerk is redirecting to the `afterSignIn` URL instead.
(This notice only appears in development) @ https://healthy-snipe-46.clerk.accounts.dev/npm/@clerk/clerk-js@5.127.1/dist/ui-common_clerk.browser_9854dd_5.127.1.js:4
[   60280ms] [INFO] 🔒 Clerk:
The <SignIn/> component cannot render when a user is already signed in, unless the application allows multiple sessions. Since a user is signed in and this application only allows a single session, Clerk is redirecting to the `afterSignIn` URL instead.
(This notice only appears in development) @ https://healthy-snipe-46.clerk.accounts.dev/npm/@clerk/clerk-js@5.127.1/dist/ui-common_clerk.browser_9854dd_5.127.1.js:4
[   60288ms] [INFO] 🔒 Clerk:
The <SignIn/> component cannot render when a user is already signed in, unless the application allows multiple sessions. Since a user is signed in and this application only allows a single session, Clerk is redirecting to the `afterSignIn` URL instead.
(This notice only appears in development) @ https://healthy-snipe-46.clerk.accounts.dev/npm/@clerk/clerk-js@5.127.1/dist/ui-common_clerk.browser_9854dd_5.127.1.js:4
[   60301ms] [INFO] 🔒 Clerk:
The <SignIn/> component cannot render when a user is already signed in, unless the application allows multiple sessions. Since a user is signed in and this application only allows a single session, Clerk is redirecting to the `afterSignIn` URL instead.
(This notice only appears in development) @ https://healthy-snipe-46.clerk.accounts.dev/npm/@clerk/clerk-js@5.127.1/dist/ui-common_clerk.browser_9854dd_5.127.1.js:4
[   60312ms] [INFO] 🔒 Clerk:
The <SignIn/> component cannot render when a user is already signed in, unless the application allows multiple sessions. Since a user is signed in and this application only allows a single session, Clerk is redirecting to the `afterSignIn` URL instead.
(This notice only appears in development) @ https://healthy-snipe-46.clerk.accounts.dev/npm/@clerk/clerk-js@5.127.1/dist/ui-common_clerk.browser_9854dd_5.127.1.js:4
[   60320ms] [INFO] 🔒 Clerk:
The <SignIn/> component cannot render when a user is already signed in, unless the application allows multiple sessions. Since a user is signed in and this application only allows a single session, Clerk is redirecting to the `afterSignIn` URL instead.
(This notice only appears in development) @ https://healthy-snipe-46.clerk.accounts.dev/npm/@clerk/clerk-js@5.127.1/dist/ui-common_clerk.browser_9854dd_5.127.1.js:4
[   60330ms] [INFO] 🔒 Clerk:
The <SignIn/> component cannot render when a user is already signed in, unless the application allows multiple sessions. Since a user is signed in and this application only allows a single session, Clerk is redirecting to the `afterSignIn` URL instead.
(This notice only appears in development) @ https://healthy-snipe-46.clerk.accounts.dev/npm/@clerk/clerk-js@5.127.1/dist/ui-common_clerk.browser_9854dd_5.127.1.js:4
[   60342ms] [INFO] 🔒 Clerk:
The <SignIn/> component cannot render when a user is already signed in, unless the application allows multiple sessions. Since a user is signed in and this application only allows a single session, Clerk is redirecting to the `afterSignIn` URL instead.
(This notice only appears in development) @ https://healthy-snipe-46.clerk.accounts.dev/npm/@clerk/clerk-js@5.127.1/dist/ui-common_clerk.browser_9854dd_5.127.1.js:4
[   60353ms] [INFO] 🔒 Clerk:
The <SignIn/> component cannot render when a user is already signed in, unless the application allows multiple sessions. Since a user is signed in and this application only allows a single session, Clerk is redirecting to the `afterSignIn` URL instead.
(This notice only appears in development) @ https://healthy-snipe-46.clerk.accounts.dev/npm/@clerk/clerk-js@5.127.1/dist/ui-common_clerk.browser_9854dd_5.127.1.js:4
[   60364ms] [INFO] 🔒 Clerk:
The <SignIn/> component cannot render when a user is already signed in, unless the application allows multiple sessions. Since a user is signed in and this application only allows a single session, Clerk is redirecting to the `afterSignIn` URL instead.
(This notice only appears in development) @ https://healthy-snipe-46.clerk.accounts.dev/npm/@clerk/clerk-js@5.127.1/dist/ui-common_clerk.browser_9854dd_5.127.1.js:4
[   60375ms] [INFO] 🔒 Clerk:
The <SignIn/> component cannot render when a user is already signed in, unless the application allows multiple sessions. Since a user is signed in and this application only allows a single session, Clerk is redirecting to the `afterSignIn` URL instead.
(This notice only appears in development) @ https://healthy-snipe-46.clerk.accounts.dev/npm/@clerk/clerk-js@5.127.1/dist/ui-common_clerk.browser_9854dd_5.127.1.js:4
[   60386ms] [INFO] 🔒 Clerk:
The <SignIn/> component cannot render when a user is already signed in, unless the application allows multiple sessions. Since a user is signed in and this application only allows a single session, Clerk is redirecting to the `afterSignIn` URL instead.
(This notice only appears in development) @ https://healthy-snipe-46.clerk.accounts.dev/npm/@clerk/clerk-js@5.127.1/dist/ui-common_clerk.browser_9854dd_5.127.1.js:4
[   60399ms] [INFO] 🔒 Clerk:
The <SignIn/> component cannot render when a user is already signed in, unless the application allows multiple sessions. Since a user is signed in and this application only allows a single session, Clerk is redirecting to the `afterSignIn` URL instead.
(This notice only appears in development) @ https://healthy-snipe-46.clerk.accounts.dev/npm/@clerk/clerk-js@5.127.1/dist/ui-common_clerk.browser_9854dd_5.127.1.js:4
[   60411ms] [INFO] 🔒 Clerk:
The <SignIn/> component cannot render when a user is already signed in, unless the application allows multiple sessions. Since a user is signed in and this application only allows a single session, Clerk is redirecting to the `afterSignIn` URL instead.
(This notice only appears in development) @ https://healthy-snipe-46.clerk.accounts.dev/npm/@clerk/clerk-js@5.127.1/dist/ui-common_clerk.browser_9854dd_5.127.1.js:4
[   60423ms] [INFO] 🔒 Clerk:
The <SignIn/> component cannot render when a user is already signed in, unless the application allows multiple sessions. Since a user is signed in and this application only allows a single session, Clerk is redirecting to the `afterSignIn` URL instead.
(This notice only appears in development) @ https://healthy-snipe-46.clerk.accounts.dev/npm/@clerk/clerk-js@5.127.1/dist/ui-common_clerk.browser_9854dd_5.127.1.js:4
[   60437ms] [INFO] 🔒 Clerk:
The <SignIn/> component cannot render when a user is already signed in, unless the application allows multiple sessions. Since a user is signed in and this application only allows a single session, Clerk is redirecting to the `afterSignIn` URL instead.
(This notice only appears in development) @ https://healthy-snipe-46.clerk.accounts.dev/npm/@clerk/clerk-js@5.127.1/dist/ui-common_clerk.browser_9854dd_5.127.1.js:4
[   60451ms] [INFO] 🔒 Clerk:
The <SignIn/> component cannot render when a user is already signed in, unless the application allows multiple sessions. Since a user is signed in and this application only allows a single session, Clerk is redirecting to the `afterSignIn` URL instead.
(This notice only appears in development) @ https://healthy-snipe-46.clerk.accounts.dev/npm/@clerk/clerk-js@5.127.1/dist/ui-common_clerk.browser_9854dd_5.127.1.js:4
[   60466ms] [INFO] 🔒 Clerk:
The <SignIn/> component cannot render when a user is already signed in, unless the application allows multiple sessions. Since a user is signed in and this application only allows a single session, Clerk is redirecting to the `afterSignIn` URL instead.
(This notice only appears in development) @ https://healthy-snipe-46.clerk.accounts.dev/npm/@clerk/clerk-js@5.127.1/dist/ui-common_clerk.browser_9854dd_5.127.1.js:4
[   60482ms] [INFO] 🔒 Clerk:
The <SignIn/> component cannot render when a user is already signed in, unless the application allows multiple sessions. Since a user is signed in and this application only allows a single session, Clerk is redirecting to the `afterSignIn` URL instead.
(This notice only appears in development) @ https://healthy-snipe-46.clerk.accounts.dev/npm/@clerk/clerk-js@5.127.1/dist/ui-common_clerk.browser_9854dd_5.127.1.js:4
[   60493ms] [INFO] 🔒 Clerk:
The <SignIn/> component cannot render when a user is already signed in, unless the application allows multiple sessions. Since a user is signed in and this application only allows a single session, Clerk is redirecting to the `afterSignIn` URL instead.
(This notice only appears in development) @ https://healthy-snipe-46.clerk.accounts.dev/npm/@clerk/clerk-js@5.127.1/dist/ui-common_clerk.browser_9854dd_5.127.1.js:4
[   60502ms] [INFO] 🔒 Clerk:
The <SignIn/> component cannot render when a user is already signed in, unless the application allows multiple sessions. Since a user is signed in and this application only allows a single session, Clerk is redirecting to the `afterSignIn` URL instead.
(This notice only appears in development) @ https://healthy-snipe-46.clerk.accounts.dev/npm/@clerk/clerk-js@5.127.1/dist/ui-common_clerk.browser_9854dd_5.127.1.js:4
[   60516ms] [INFO] 🔒 Clerk:
The <SignIn/> component cannot render when a user is already signed in, unless the application allows multiple sessions. Since a user is signed in and this application only allows a single session, Clerk is redirecting to the `afterSignIn` URL instead.
(This notice only appears in development) @ https://healthy-snipe-46.clerk.accounts.dev/npm/@clerk/clerk-js@5.127.1/dist/ui-common_clerk.browser_9854dd_5.127.1.js:4
[   60534ms] [INFO] 🔒 Clerk:
The <SignIn/> component cannot render when a user is already signed in, unless the application allows multiple sessions. Since a user is signed in and this application only allows a single session, Clerk is redirecting to the `afterSignIn` URL instead.
(This notice only appears in development) @ https://healthy-snipe-46.clerk.accounts.dev/npm/@clerk/clerk-js@5.127.1/dist/ui-common_clerk.browser_9854dd_5.127.1.js:4
[   60546ms] [INFO] 🔒 Clerk:
The <SignIn/> component cannot render when a user is already signed in, unless the application allows multiple sessions. Since a user is signed in and this application only allows a single session, Clerk is redirecting to the `afterSignIn` URL instead.
(This notice only appears in development) @ https://healthy-snipe-46.clerk.accounts.dev/npm/@clerk/clerk-js@5.127.1/dist/ui-common_clerk.browser_9854dd_5.127.1.js:4
[   60555ms] [INFO] 🔒 Clerk:
The <SignIn/> component cannot render when a user is already signed in, unless the application allows multiple sessions. Since a user is signed in and this application only allows a single session, Clerk is redirecting to the `afterSignIn` URL instead.
(This notice only appears in development) @ https://healthy-snipe-46.clerk.accounts.dev/npm/@clerk/clerk-js@5.127.1/dist/ui-common_clerk.browser_9854dd_5.127.1.js:4
[   60566ms] [INFO] 🔒 Clerk:
The <SignIn/> component cannot render when a user is already signed in, unless the application allows multiple sessions. Since a user is signed in and this application only allows a single session, Clerk is redirecting to the `afterSignIn` URL instead.
(This notice only appears in development) @ https://healthy-snipe-46.clerk.accounts.dev/npm/@clerk/clerk-js@5.127.1/dist/ui-common_clerk.browser_9854dd_5.127.1.js:4
[   60576ms] [INFO] 🔒 Clerk:
The <SignIn/> component cannot render when a user is already signed in, unless the application allows multiple sessions. Since a user is signed in and this application only allows a single session, Clerk is redirecting to the `afterSignIn` URL instead.
(This notice only appears in development) @ https://healthy-snipe-46.clerk.accounts.dev/npm/@clerk/clerk-js@5.127.1/dist/ui-common_clerk.browser_9854dd_5.127.1.js:4
[   60584ms] [INFO] 🔒 Clerk:
The <SignIn/> component cannot render when a user is already signed in, unless the application allows multiple sessions. Since a user is signed in and this application only allows a single session, Clerk is redirecting to the `afterSignIn` URL instead.
(This notice only appears in development) @ https://healthy-snipe-46.clerk.accounts.dev/npm/@clerk/clerk-js@5.127.1/dist/ui-common_clerk.browser_9854dd_5.127.1.js:4
[   60595ms] [INFO] 🔒 Clerk:
The <SignIn/> component cannot render when a user is already signed in, unless the application allows multiple sessions. Since a user is signed in and this application only allows a single session, Clerk is redirecting to the `afterSignIn` URL instead.
(This notice only appears in development) @ https://healthy-snipe-46.clerk.accounts.dev/npm/@clerk/clerk-js@5.127.1/dist/ui-common_clerk.browser_9854dd_5.127.1.js:4
[   60608ms] [INFO] 🔒 Clerk:
The <SignIn/> component cannot render when a user is already signed in, unless the application allows multiple sessions. Since a user is signed in and this application only allows a single session, Clerk is redirecting to the `afterSignIn` URL instead.
(This notice only appears in development) @ https://healthy-snipe-46.clerk.accounts.dev/npm/@clerk/clerk-js@5.127.1/dist/ui-common_clerk.browser_9854dd_5.127.1.js:4
[   60619ms] [INFO] 🔒 Clerk:
The <SignIn/> component cannot render when a user is already signed in, unless the application allows multiple sessions. Since a user is signed in and this application only allows a single session, Clerk is redirecting to the `afterSignIn` URL instead.
(This notice only appears in development) @ https://healthy-snipe-46.clerk.accounts.dev/npm/@clerk/clerk-js@5.127.1/dist/ui-common_clerk.browser_9854dd_5.127.1.js:4
[   60628ms] [INFO] 🔒 Clerk:
The <SignIn/> component cannot render when a user is already signed in, unless the application allows multiple sessions. Since a user is signed in and this application only allows a single session, Clerk is redirecting to the `afterSignIn` URL instead.
(This notice only appears in development) @ https://healthy-snipe-46.clerk.accounts.dev/npm/@clerk/clerk-js@5.127.1/dist/ui-common_clerk.browser_9854dd_5.127.1.js:4
[   60637ms] [INFO] 🔒 Clerk:
The <SignIn/> component cannot render when a user is already signed in, unless the application allows multiple sessions. Since a user is signed in and this application only allows a single session, Clerk is redirecting to the `afterSignIn` URL instead.
(This notice only appears in development) @ https://healthy-snipe-46.clerk.accounts.dev/npm/@clerk/clerk-js@5.127.1/dist/ui-common_clerk.browser_9854dd_5.127.1.js:4
[   60649ms] [INFO] 🔒 Clerk:
The <SignIn/> component cannot render when a user is already signed in, unless the application allows multiple sessions. Since a user is signed in and this application only allows a single session, Clerk is redirecting to the `afterSignIn` URL instead.
(This notice only appears in development) @ https://healthy-snipe-46.clerk.accounts.dev/npm/@clerk/clerk-js@5.127.1/dist/ui-common_clerk.browser_9854dd_5.127.1.js:4
[   60658ms] [INFO] 🔒 Clerk:
The <SignIn/> component cannot render when a user is already signed in, unless the application allows multiple sessions. Since a user is signed in and this application only allows a single session, Clerk is redirecting to the `afterSignIn` URL instead.
(This notice only appears in development) @ https://healthy-snipe-46.clerk.accounts.dev/npm/@clerk/clerk-js@5.127.1/dist/ui-common_clerk.browser_9854dd_5.127.1.js:4
[   60666ms] [INFO] 🔒 Clerk:
The <SignIn/> component cannot render when a user is already signed in, unless the application allows multiple sessions. Since a user is signed in and this application only allows a single session, Clerk is redirecting to the `afterSignIn` URL instead.
(This notice only appears in development) @ https://healthy-snipe-46.clerk.accounts.dev/npm/@clerk/clerk-js@5.127.1/dist/ui-common_clerk.browser_9854dd_5.127.1.js:4
[   60675ms] [INFO] 🔒 Clerk:
The <SignIn/> component cannot render when a user is already signed in, unless the application allows multiple sessions. Since a user is signed in and this application only allows a single session, Clerk is redirecting to the `afterSignIn` URL instead.
(This notice only appears in development) @ https://healthy-snipe-46.clerk.accounts.dev/npm/@clerk/clerk-js@5.127.1/dist/ui-common_clerk.browser_9854dd_5.127.1.js:4
[   60681ms] [INFO] 🔒 Clerk:
The <SignIn/> component cannot render when a user is already signed in, unless the application allows multiple sessions. Since a user is signed in and this application only allows a single session, Clerk is redirecting to the `afterSignIn` URL instead.
(This notice only appears in development) @ https://healthy-snipe-46.clerk.accounts.dev/npm/@clerk/clerk-js@5.127.1/dist/ui-common_clerk.browser_9854dd_5.127.1.js:4
[   60689ms] [INFO] 🔒 Clerk:
The <SignIn/> component cannot render when a user is already signed in, unless the application allows multiple sessions. Since a user is signed in and this application only allows a single session, Clerk is redirecting to the `afterSignIn` URL instead.
(This notice only appears in development) @ https://healthy-snipe-46.clerk.accounts.dev/npm/@clerk/clerk-js@5.127.1/dist/ui-common_clerk.browser_9854dd_5.127.1.js:4
[   60697ms] [INFO] 🔒 Clerk:
The <SignIn/> component cannot render when a user is already signed in, unless the application allows multiple sessions. Since a user is signed in and this application only allows a single session, Clerk is redirecting to the `afterSignIn` URL instead.
(This notice only appears in development) @ https://healthy-snipe-46.clerk.accounts.dev/npm/@clerk/clerk-js@5.127.1/dist/ui-common_clerk.browser_9854dd_5.127.1.js:4
[   60706ms] [INFO] 🔒 Clerk:
The <SignIn/> component cannot render when a user is already signed in, unless the application allows multiple sessions. Since a user is signed in and this application only allows a single session, Clerk is redirecting to the `afterSignIn` URL instead.
(This notice only appears in development) @ https://healthy-snipe-46.clerk.accounts.dev/npm/@clerk/clerk-js@5.127.1/dist/ui-common_clerk.browser_9854dd_5.127.1.js:4
[   60715ms] [INFO] 🔒 Clerk:
The <SignIn/> component cannot render when a user is already signed in, unless the application allows multiple sessions. Since a user is signed in and this application only allows a single session, Clerk is redirecting to the `afterSignIn` URL instead.
(This notice only appears in development) @ https://healthy-snipe-46.clerk.accounts.dev/npm/@clerk/clerk-js@5.127.1/dist/ui-common_clerk.browser_9854dd_5.127.1.js:4
[   60725ms] [INFO] 🔒 Clerk:
The <SignIn/> component cannot render when a user is already signed in, unless the application allows multiple sessions. Since a user is signed in and this application only allows a single session, Clerk is redirecting to the `afterSignIn` URL instead.
(This notice only appears in development) @ https://healthy-snipe-46.clerk.accounts.dev/npm/@clerk/clerk-js@5.127.1/dist/ui-common_clerk.browser_9854dd_5.127.1.js:4
[   60732ms] [INFO] 🔒 Clerk:
The <SignIn/> component cannot render when a user is already signed in, unless the application allows multiple sessions. Since a user is signed in and this application only allows a single session, Clerk is redirecting to the `afterSignIn` URL instead.
(This notice only appears in development) @ https://healthy-snipe-46.clerk.accounts.dev/npm/@clerk/clerk-js@5.127.1/dist/ui-common_clerk.browser_9854dd_5.127.1.js:4
[   60743ms] [INFO] 🔒 Clerk:
The <SignIn/> component cannot render when a user is already signed in, unless the application allows multiple sessions. Since a user is signed in and this application only allows a single session, Clerk is redirecting to the `afterSignIn` URL instead.
(This notice only appears in development) @ https://healthy-snipe-46.clerk.accounts.dev/npm/@clerk/clerk-js@5.127.1/dist/ui-common_clerk.browser_9854dd_5.127.1.js:4
[   60762ms] [INFO] 🔒 Clerk:
The <SignIn/> component cannot render when a user is already signed in, unless the application allows multiple sessions. Since a user is signed in and this application only allows a single session, Clerk is redirecting to the `afterSignIn` URL instead.
(This notice only appears in development) @ https://healthy-snipe-46.clerk.accounts.dev/npm/@clerk/clerk-js@5.127.1/dist/ui-common_clerk.browser_9854dd_5.127.1.js:4
[   60774ms] [INFO] 🔒 Clerk:
The <SignIn/> component cannot render when a user is already signed in, unless the application allows multiple sessions. Since a user is signed in and this application only allows a single session, Clerk is redirecting to the `afterSignIn` URL instead.
(This notice only appears in development) @ https://healthy-snipe-46.clerk.accounts.dev/npm/@clerk/clerk-js@5.127.1/dist/ui-common_clerk.browser_9854dd_5.127.1.js:4
[   60784ms] [INFO] 🔒 Clerk:
The <SignIn/> component cannot render when a user is already signed in, unless the application allows multiple sessions. Since a user is signed in and this application only allows a single session, Clerk is redirecting to the `afterSignIn` URL instead.
(This notice only appears in development) @ https://healthy-snipe-46.clerk.accounts.dev/npm/@clerk/clerk-js@5.127.1/dist/ui-common_clerk.browser_9854dd_5.127.1.js:4
[   60796ms] [INFO] 🔒 Clerk:
The <SignIn/> component cannot render when a user is already signed in, unless the application allows multiple sessions. Since a user is signed in and this application only allows a single session, Clerk is redirecting to the `afterSignIn` URL instead.
(This notice only appears in development) @ https://healthy-snipe-46.clerk.accounts.dev/npm/@clerk/clerk-js@5.127.1/dist/ui-common_clerk.browser_9854dd_5.127.1.js:4
[   60806ms] [INFO] 🔒 Clerk:
The <SignIn/> component cannot render when a user is already signed in, unless the application allows multiple sessions. Since a user is signed in and this application only allows a single session, Clerk is redirecting to the `afterSignIn` URL instead.
(This notice only appears in development) @ https://healthy-snipe-46.clerk.accounts.dev/npm/@clerk/clerk-js@5.127.1/dist/ui-common_clerk.browser_9854dd_5.127.1.js:4
[   60817ms] [INFO] 🔒 Clerk:
The <SignIn/> component cannot render when a user is already signed in, unless the application allows multiple sessions. Since a user is signed in and this application only allows a single session, Clerk is redirecting to the `afterSignIn` URL instead.
(This notice only appears in development) @ https://healthy-snipe-46.clerk.accounts.dev/npm/@clerk/clerk-js@5.127.1/dist/ui-common_clerk.browser_9854dd_5.127.1.js:4
[   60828ms] [INFO] 🔒 Clerk:
The <SignIn/> component cannot render when a user is already signed in, unless the application allows multiple sessions. Since a user is signed in and this application only allows a single session, Clerk is redirecting to the `afterSignIn` URL instead.
(This notice only appears in development) @ https://healthy-snipe-46.clerk.accounts.dev/npm/@clerk/clerk-js@5.127.1/dist/ui-common_clerk.browser_9854dd_5.127.1.js:4
[   60836ms] [INFO] 🔒 Clerk:
The <SignIn/> component cannot render when a user is already signed in, unless the application allows multiple sessions. Since a user is signed in and this application only allows a single session, Clerk is redirecting to the `afterSignIn` URL instead.
(This notice only appears in development) @ https://healthy-snipe-46.clerk.accounts.dev/npm/@clerk/clerk-js@5.127.1/dist/ui-common_clerk.browser_9854dd_5.127.1.js:4
[   60847ms] [INFO] 🔒 Clerk:
The <SignIn/> component cannot render when a user is already signed in, unless the application allows multiple sessions. Since a user is signed in and this application only allows a single session, Clerk is redirecting to the `afterSignIn` URL instead.
(This notice only appears in development) @ https://healthy-snipe-46.clerk.accounts.dev/npm/@clerk/clerk-js@5.127.1/dist/ui-common_clerk.browser_9854dd_5.127.1.js:4
[   60864ms] [INFO] 🔒 Clerk:
The <SignIn/> component cannot render when a user is already signed in, unless the application allows multiple sessions. Since a user is signed in and this application only allows a single session, Clerk is redirecting to the `afterSignIn` URL instead.
(This notice only appears in development) @ https://healthy-snipe-46.clerk.accounts.dev/npm/@clerk/clerk-js@5.127.1/dist/ui-common_clerk.browser_9854dd_5.127.1.js:4
[   60871ms] [INFO] 🔒 Clerk:
The <SignIn/> component cannot render when a user is already signed in, unless the application allows multiple sessions. Since a user is signed in and this application only allows a single session, Clerk is redirecting to the `afterSignIn` URL instead.
(This notice only appears in development) @ https://healthy-snipe-46.clerk.accounts.dev/npm/@clerk/clerk-js@5.127.1/dist/ui-common_clerk.browser_9854dd_5.127.1.js:4
[   60883ms] [INFO] 🔒 Clerk:
The <SignIn/> component cannot render when a user is already signed in, unless the application allows multiple sessions. Since a user is signed in and this application only allows a single session, Clerk is redirecting to the `afterSignIn` URL instead.
(This notice only appears in development) @ https://healthy-snipe-46.clerk.accounts.dev/npm/@clerk/clerk-js@5.127.1/dist/ui-common_clerk.browser_9854dd_5.127.1.js:4
[   60897ms] [INFO] 🔒 Clerk:
The <SignIn/> component cannot render when a user is already signed in, unless the application allows multiple sessions. Since a user is signed in and this application only allows a single session, Clerk is redirecting to the `afterSignIn` URL instead.
(This notice only appears in development) @ https://healthy-snipe-46.clerk.accounts.dev/npm/@clerk/clerk-js@5.127.1/dist/ui-common_clerk.browser_9854dd_5.127.1.js:4
[   60911ms] [INFO] 🔒 Clerk:
The <SignIn/> component cannot render when a user is already signed in, unless the application allows multiple sessions. Since a user is signed in and this application only allows a single session, Clerk is redirecting to the `afterSignIn` URL instead.
(This notice only appears in development) @ https://healthy-snipe-46.clerk.accounts.dev/npm/@clerk/clerk-js@5.127.1/dist/ui-common_clerk.browser_9854dd_5.127.1.js:4
[   60923ms] [INFO] 🔒 Clerk:
The <SignIn/> component cannot render when a user is already signed in, unless the application allows multiple sessions. Since a user is signed in and this application only allows a single session, Clerk is redirecting to the `afterSignIn` URL instead.
(This notice only appears in development) @ https://healthy-snipe-46.clerk.accounts.dev/npm/@clerk/clerk-js@5.127.1/dist/ui-common_clerk.browser_9854dd_5.127.1.js:4
[   60940ms] [INFO] 🔒 Clerk:
The <SignIn/> component cannot render when a user is already signed in, unless the application allows multiple sessions. Since a user is signed in and this application only allows a single session, Clerk is redirecting to the `afterSignIn` URL instead.
(This notice only appears in development) @ https://healthy-snipe-46.clerk.accounts.dev/npm/@clerk/clerk-js@5.127.1/dist/ui-common_clerk.browser_9854dd_5.127.1.js:4
[   60950ms] [INFO] 🔒 Clerk:
The <SignIn/> component cannot render when a user is already signed in, unless the application allows multiple sessions. Since a user is signed in and this application only allows a single session, Clerk is redirecting to the `afterSignIn` URL instead.
(This notice only appears in development) @ https://healthy-snipe-46.clerk.accounts.dev/npm/@clerk/clerk-js@5.127.1/dist/ui-common_clerk.browser_9854dd_5.127.1.js:4
[   60965ms] [INFO] 🔒 Clerk:
The <SignIn/> component cannot render when a user is already signed in, unless the application allows multiple sessions. Since a user is signed in and this application only allows a single session, Clerk is redirecting to the `afterSignIn` URL instead.
(This notice only appears in development) @ https://healthy-snipe-46.clerk.accounts.dev/npm/@clerk/clerk-js@5.127.1/dist/ui-common_clerk.browser_9854dd_5.127.1.js:4
[   60976ms] [INFO] 🔒 Clerk:
The <SignIn/> component cannot render when a user is already signed in, unless the application allows multiple sessions. Since a user is signed in and this application only allows a single session, Clerk is redirecting to the `afterSignIn` URL instead.
(This notice only appears in development) @ https://healthy-snipe-46.clerk.accounts.dev/npm/@clerk/clerk-js@5.127.1/dist/ui-common_clerk.browser_9854dd_5.127.1.js:4
[   60987ms] [INFO] 🔒 Clerk:
The <SignIn/> component cannot render when a user is already signed in, unless the application allows multiple sessions. Since a user is signed in and this application only allows a single session, Clerk is redirecting to the `afterSignIn` URL instead.
(This notice only appears in development) @ https://healthy-snipe-46.clerk.accounts.dev/npm/@clerk/clerk-js@5.127.1/dist/ui-common_clerk.browser_9854dd_5.127.1.js:4
[   60999ms] [INFO] 🔒 Clerk:
The <SignIn/> component cannot render when a user is already signed in, unless the application allows multiple sessions. Since a user is signed in and this application only allows a single session, Clerk is redirecting to the `afterSignIn` URL instead.
(This notice only appears in development) @ https://healthy-snipe-46.clerk.accounts.dev/npm/@clerk/clerk-js@5.127.1/dist/ui-common_clerk.browser_9854dd_5.127.1.js:4
[   61011ms] [INFO] 🔒 Clerk:
The <SignIn/> component cannot render when a user is already signed in, unless the application allows multiple sessions. Since a user is signed in and this application only allows a single session, Clerk is redirecting to the `afterSignIn` URL instead.
(This notice only appears in development) @ https://healthy-snipe-46.clerk.accounts.dev/npm/@clerk/clerk-js@5.127.1/dist/ui-common_clerk.browser_9854dd_5.127.1.js:4
[   61020ms] [INFO] 🔒 Clerk:
The <SignIn/> component cannot render when a user is already signed in, unless the application allows multiple sessions. Since a user is signed in and this application only allows a single session, Clerk is redirecting to the `afterSignIn` URL instead.
(This notice only appears in development) @ https://healthy-snipe-46.clerk.accounts.dev/npm/@clerk/clerk-js@5.127.1/dist/ui-common_clerk.browser_9854dd_5.127.1.js:4
[   61033ms] [INFO] 🔒 Clerk:
The <SignIn/> component cannot render when a user is already signed in, unless the application allows multiple sessions. Since a user is signed in and this application only allows a single session, Clerk is redirecting to the `afterSignIn` URL instead.
(This notice only appears in development) @ https://healthy-snipe-46.clerk.accounts.dev/npm/@clerk/clerk-js@5.127.1/dist/ui-common_clerk.browser_9854dd_5.127.1.js:4
[   61045ms] [INFO] 🔒 Clerk:
The <SignIn/> component cannot render when a user is already signed in, unless the application allows multiple sessions. Since a user is signed in and this application only allows a single session, Clerk is redirecting to the `afterSignIn` URL instead.
(This notice only appears in development) @ https://healthy-snipe-46.clerk.accounts.dev/npm/@clerk/clerk-js@5.127.1/dist/ui-common_clerk.browser_9854dd_5.127.1.js:4
[   61055ms] [INFO] 🔒 Clerk:
The <SignIn/> component cannot render when a user is already signed in, unless the application allows multiple sessions. Since a user is signed in and this application only allows a single session, Clerk is redirecting to the `afterSignIn` URL instead.
(This notice only appears in development) @ https://healthy-snipe-46.clerk.accounts.dev/npm/@clerk/clerk-js@5.127.1/dist/ui-common_clerk.browser_9854dd_5.127.1.js:4
[   61065ms] [INFO] 🔒 Clerk:
The <SignIn/> component cannot render when a user is already signed in, unless the application allows multiple sessions. Since a user is signed in and this application only allows a single session, Clerk is redirecting to the `afterSignIn` URL instead.
(This notice only appears in development) @ https://healthy-snipe-46.clerk.accounts.dev/npm/@clerk/clerk-js@5.127.1/dist/ui-common_clerk.browser_9854dd_5.127.1.js:4
[   61079ms] [INFO] 🔒 Clerk:
The <SignIn/> component cannot render when a user is already signed in, unless the application allows multiple sessions. Since a user is signed in and this application only allows a single session, Clerk is redirecting to the `afterSignIn` URL instead.
(This notice only appears in development) @ https://healthy-snipe-46.clerk.accounts.dev/npm/@clerk/clerk-js@5.127.1/dist/ui-common_clerk.browser_9854dd_5.127.1.js:4
[   61091ms] [INFO] 🔒 Clerk:
The <SignIn/> component cannot render when a user is already signed in, unless the application allows multiple sessions. Since a user is signed in and this application only allows a single session, Clerk is redirecting to the `afterSignIn` URL instead.
(This notice only appears in development) @ https://healthy-snipe-46.clerk.accounts.dev/npm/@clerk/clerk-js@5.127.1/dist/ui-common_clerk.browser_9854dd_5.127.1.js:4
[   61100ms] [INFO] 🔒 Clerk:
The <SignIn/> component cannot render when a user is already signed in, unless the application allows multiple sessions. Since a user is signed in and this application only allows a single session, Clerk is redirecting to the `afterSignIn` URL instead.
(This notice only appears in development) @ https://healthy-snipe-46.clerk.accounts.dev/npm/@clerk/clerk-js@5.127.1/dist/ui-common_clerk.browser_9854dd_5.127.1.js:4
[   61112ms] [INFO] 🔒 Clerk:
The <SignIn/> component cannot render when a user is already signed in, unless the application allows multiple sessions. Since a user is signed in and this application only allows a single session, Clerk is redirecting to the `afterSignIn` URL instead.
(This notice only appears in development) @ https://healthy-snipe-46.clerk.accounts.dev/npm/@clerk/clerk-js@5.127.1/dist/ui-common_clerk.browser_9854dd_5.127.1.js:4
[   61121ms] [INFO] 🔒 Clerk:
The <SignIn/> component cannot render when a user is already signed in, unless the application allows multiple sessions. Since a user is signed in and this application only allows a single session, Clerk is redirecting to the `afterSignIn` URL instead.
(This notice only appears in development) @ https://healthy-snipe-46.clerk.accounts.dev/npm/@clerk/clerk-js@5.127.1/dist/ui-common_clerk.browser_9854dd_5.127.1.js:4
[   61134ms] [INFO] 🔒 Clerk:
The <SignIn/> component cannot render when a user is already signed in, unless the application allows multiple sessions. Since a user is signed in and this application only allows a single session, Clerk is redirecting to the `afterSignIn` URL instead.
(This notice only appears in development) @ https://healthy-snipe-46.clerk.accounts.dev/npm/@clerk/clerk-js@5.127.1/dist/ui-common_clerk.browser_9854dd_5.127.1.js:4
[   61147ms] [INFO] 🔒 Clerk:
The <SignIn/> component cannot render when a user is already signed in, unless the application allows multiple sessions. Since a user is signed in and this application only allows a single session, Clerk is redirecting to the `afterSignIn` URL instead.
(This notice only appears in development) @ https://healthy-snipe-46.clerk.accounts.dev/npm/@clerk/clerk-js@5.127.1/dist/ui-common_clerk.browser_9854dd_5.127.1.js:4
[   61159ms] [INFO] 🔒 Clerk:
The <SignIn/> component cannot render when a user is already signed in, unless the application allows multiple sessions. Since a user is signed in and this application only allows a single session, Clerk is redirecting to the `afterSignIn` URL instead.
(This notice only appears in development) @ https://healthy-snipe-46.clerk.accounts.dev/npm/@clerk/clerk-js@5.127.1/dist/ui-common_clerk.browser_9854dd_5.127.1.js:4
[   61168ms] [INFO] 🔒 Clerk:
The <SignIn/> component cannot render when a user is already signed in, unless the application allows multiple sessions. Since a user is signed in and this application only allows a single session, Clerk is redirecting to the `afterSignIn` URL instead.
(This notice only appears in development) @ https://healthy-snipe-46.clerk.accounts.dev/npm/@clerk/clerk-js@5.127.1/dist/ui-common_clerk.browser_9854dd_5.127.1.js:4
[   61182ms] [INFO] 🔒 Clerk:
The <SignIn/> component cannot render when a user is already signed in, unless the application allows multiple sessions. Since a user is signed in and this application only allows a single session, Clerk is redirecting to the `afterSignIn` URL instead.
(This notice only appears in development) @ https://healthy-snipe-46.clerk.accounts.dev/npm/@clerk/clerk-js@5.127.1/dist/ui-common_clerk.browser_9854dd_5.127.1.js:4
[   61195ms] [INFO] 🔒 Clerk:
The <SignIn/> component cannot render when a user is already signed in, unless the application allows multiple sessions. Since a user is signed in and this application only allows a single session, Clerk is redirecting to the `afterSignIn` URL instead.
(This notice only appears in development) @ https://healthy-snipe-46.clerk.accounts.dev/npm/@clerk/clerk-js@5.127.1/dist/ui-common_clerk.browser_9854dd_5.127.1.js:4
[   61205ms] [INFO] 🔒 Clerk:
The <SignIn/> component cannot render when a user is already signed in, unless the application allows multiple sessions. Since a user is signed in and this application only allows a single session, Clerk is redirecting to the `afterSignIn` URL instead.
(This notice only appears in development) @ https://healthy-snipe-46.clerk.accounts.dev/npm/@clerk/clerk-js@5.127.1/dist/ui-common_clerk.browser_9854dd_5.127.1.js:4
[   61220ms] [INFO] 🔒 Clerk:
The <SignIn/> component cannot render when a user is already signed in, unless the application allows multiple sessions. Since a user is signed in and this application only allows a single session, Clerk is redirecting to the `afterSignIn` URL instead.
(This notice only appears in development) @ https://healthy-snipe-46.clerk.accounts.dev/npm/@clerk/clerk-js@5.127.1/dist/ui-common_clerk.browser_9854dd_5.127.1.js:4
[   61234ms] [INFO] 🔒 Clerk:
The <SignIn/> component cannot render when a user is already signed in, unless the application allows multiple sessions. Since a user is signed in and this application only allows a single session, Clerk is redirecting to the `afterSignIn` URL instead.
(This notice only appears in development) @ https://healthy-snipe-46.clerk.accounts.dev/npm/@clerk/clerk-js@5.127.1/dist/ui-common_clerk.browser_9854dd_5.127.1.js:4
[   61248ms] [INFO] 🔒 Clerk:
The <SignIn/> component cannot render when a user is already signed in, unless the application allows multiple sessions. Since a user is signed in and this application only allows a single session, Clerk is redirecting to the `afterSignIn` URL instead.
(This notice only appears in development) @ https://healthy-snipe-46.clerk.accounts.dev/npm/@clerk/clerk-js@5.127.1/dist/ui-common_clerk.browser_9854dd_5.127.1.js:4
[   61261ms] [INFO] 🔒 Clerk:
The <SignIn/> component cannot render when a user is already signed in, unless the application allows multiple sessions. Since a user is signed in and this application only allows a single session, Clerk is redirecting to the `afterSignIn` URL instead.
(This notice only appears in development) @ https://healthy-snipe-46.clerk.accounts.dev/npm/@clerk/clerk-js@5.127.1/dist/ui-common_clerk.browser_9854dd_5.127.1.js:4
[   61270ms] [INFO] 🔒 Clerk:
The <SignIn/> component cannot render when a user is already signed in, unless the application allows multiple sessions. Since a user is signed in and this application only allows a single session, Clerk is redirecting to the `afterSignIn` URL instead.
(This notice only appears in development) @ https://healthy-snipe-46.clerk.accounts.dev/npm/@clerk/clerk-js@5.127.1/dist/ui-common_clerk.browser_9854dd_5.127.1.js:4
[   61283ms] [INFO] 🔒 Clerk:
The <SignIn/> component cannot render when a user is already signed in, unless the application allows multiple sessions. Since a user is signed in and this application only allows a single session, Clerk is redirecting to the `afterSignIn` URL instead.
(This notice only appears in development) @ https://healthy-snipe-46.clerk.accounts.dev/npm/@clerk/clerk-js@5.127.1/dist/ui-common_clerk.browser_9854dd_5.127.1.js:4
[   61293ms] [INFO] 🔒 Clerk:
The <SignIn/> component cannot render when a user is already signed in, unless the application allows multiple sessions. Since a user is signed in and this application only allows a single session, Clerk is redirecting to the `afterSignIn` URL instead.
(This notice only appears in development) @ https://healthy-snipe-46.clerk.accounts.dev/npm/@clerk/clerk-js@5.127.1/dist/ui-common_clerk.browser_9854dd_5.127.1.js:4
[   61303ms] [INFO] 🔒 Clerk:
The <SignIn/> component cannot render when a user is already signed in, unless the application allows multiple sessions. Since a user is signed in and this application only allows a single session, Clerk is redirecting to the `afterSignIn` URL instead.
(This notice only appears in development) @ https://healthy-snipe-46.clerk.accounts.dev/npm/@clerk/clerk-js@5.127.1/dist/ui-common_clerk.browser_9854dd_5.127.1.js:4
[   61317ms] [INFO] 🔒 Clerk:
The <SignIn/> component cannot render when a user is already signed in, unless the application allows multiple sessions. Since a user is signed in and this application only allows a single session, Clerk is redirecting to the `afterSignIn` URL instead.
(This notice only appears in development) @ https://healthy-snipe-46.clerk.accounts.dev/npm/@clerk/clerk-js@5.127.1/dist/ui-common_clerk.browser_9854dd_5.127.1.js:4
[   61327ms] [INFO] 🔒 Clerk:
The <SignIn/> component cannot render when a user is already signed in, unless the application allows multiple sessions. Since a user is signed in and this application only allows a single session, Clerk is redirecting to the `afterSignIn` URL instead.
(This notice only appears in development) @ https://healthy-snipe-46.clerk.accounts.dev/npm/@clerk/clerk-js@5.127.1/dist/ui-common_clerk.browser_9854dd_5.127.1.js:4
[   61336ms] [INFO] 🔒 Clerk:
The <SignIn/> component cannot render when a user is already signed in, unless the application allows multiple sessions. Since a user is signed in and this application only allows a single session, Clerk is redirecting to the `afterSignIn` URL instead.
(This notice only appears in development) @ https://healthy-snipe-46.clerk.accounts.dev/npm/@clerk/clerk-js@5.127.1/dist/ui-common_clerk.browser_9854dd_5.127.1.js:4
[   61350ms] [INFO] 🔒 Clerk:
The <SignIn/> component cannot render when a user is already signed in, unless the application allows multiple sessions. Since a user is signed in and this application only allows a single session, Clerk is redirecting to the `afterSignIn` URL instead.
(This notice only appears in development) @ https://healthy-snipe-46.clerk.accounts.dev/npm/@clerk/clerk-js@5.127.1/dist/ui-common_clerk.browser_9854dd_5.127.1.js:4
[   61363ms] [INFO] 🔒 Clerk:
The <SignIn/> component cannot render when a user is already signed in, unless the application allows multiple sessions. Since a user is signed in and this application only allows a single session, Clerk is redirecting to the `afterSignIn` URL instead.
(This notice only appears in development) @ https://healthy-snipe-46.clerk.accounts.dev/npm/@clerk/clerk-js@5.127.1/dist/ui-common_clerk.browser_9854dd_5.127.1.js:4
[   61374ms] [INFO] 🔒 Clerk:
The <SignIn/> component cannot render when a user is already signed in, unless the application allows multiple sessions. Since a user is signed in and this application only allows a single session, Clerk is redirecting to the `afterSignIn` URL instead.
(This notice only appears in development) @ https://healthy-snipe-46.clerk.accounts.dev/npm/@clerk/clerk-js@5.127.1/dist/ui-common_clerk.browser_9854dd_5.127.1.js:4
[   61386ms] [INFO] 🔒 Clerk:
The <SignIn/> component cannot render when a user is already signed in, unless the application allows multiple sessions. Since a user is signed in and this application only allows a single session, Clerk is redirecting to the `afterSignIn` URL instead.
(This notice only appears in development) @ https://healthy-snipe-46.clerk.accounts.dev/npm/@clerk/clerk-js@5.127.1/dist/ui-common_clerk.browser_9854dd_5.127.1.js:4
[   61391ms] [INFO] 🔒 Clerk:
The <SignIn/> component cannot render when a user is already signed in, unless the application allows multiple sessions. Since a user is signed in and this application only allows a single session, Clerk is redirecting to the `afterSignIn` URL instead.
(This notice only appears in development) @ https://healthy-snipe-46.clerk.accounts.dev/npm/@clerk/clerk-js@5.127.1/dist/ui-common_clerk.browser_9854dd_5.127.1.js:4
[   61406ms] [INFO] 🔒 Clerk:
The <SignIn/> component cannot render when a user is already signed in, unless the application allows multiple sessions. Since a user is signed in and this application only allows a single session, Clerk is redirecting to the `afterSignIn` URL instead.
(This notice only appears in development) @ https://healthy-snipe-46.clerk.accounts.dev/npm/@clerk/clerk-js@5.127.1/dist/ui-common_clerk.browser_9854dd_5.127.1.js:4
[   61416ms] [INFO] 🔒 Clerk:
The <SignIn/> component cannot render when a user is already signed in, unless the application allows multiple sessions. Since a user is signed in and this application only allows a single session, Clerk is redirecting to the `afterSignIn` URL instead.
(This notice only appears in development) @ https://healthy-snipe-46.clerk.accounts.dev/npm/@clerk/clerk-js@5.127.1/dist/ui-common_clerk.browser_9854dd_5.127.1.js:4
[   61429ms] [INFO] 🔒 Clerk:
The <SignIn/> component cannot render when a user is already signed in, unless the application allows multiple sessions. Since a user is signed in and this application only allows a single session, Clerk is redirecting to the `afterSignIn` URL instead.
(This notice only appears in development) @ https://healthy-snipe-46.clerk.accounts.dev/npm/@clerk/clerk-js@5.127.1/dist/ui-common_clerk.browser_9854dd_5.127.1.js:4
[   61442ms] [INFO] 🔒 Clerk:
The <SignIn/> component cannot render when a user is already signed in, unless the application allows multiple sessions. Since a user is signed in and this application only allows a single session, Clerk is redirecting to the `afterSignIn` URL instead.
(This notice only appears in development) @ https://healthy-snipe-46.clerk.accounts.dev/npm/@clerk/clerk-js@5.127.1/dist/ui-common_clerk.browser_9854dd_5.127.1.js:4
[   61452ms] [INFO] 🔒 Clerk:
The <SignIn/> component cannot render when a user is already signed in, unless the application allows multiple sessions. Since a user is signed in and this application only allows a single session, Clerk is redirecting to the `afterSignIn` URL instead.
(This notice only appears in development) @ https://healthy-snipe-46.clerk.accounts.dev/npm/@clerk/clerk-js@5.127.1/dist/ui-common_clerk.browser_9854dd_5.127.1.js:4
[   61466ms] [INFO] 🔒 Clerk:
The <SignIn/> component cannot render when a user is already signed in, unless the application allows multiple sessions. Since a user is signed in and this application only allows a single session, Clerk is redirecting to the `afterSignIn` URL instead.
(This notice only appears in development) @ https://healthy-snipe-46.clerk.accounts.dev/npm/@clerk/clerk-js@5.127.1/dist/ui-common_clerk.browser_9854dd_5.127.1.js:4
[   61479ms] [INFO] 🔒 Clerk:
The <SignIn/> component cannot render when a user is already signed in, unless the application allows multiple sessions. Since a user is signed in and this application only allows a single session, Clerk is redirecting to the `afterSignIn` URL instead.
(This notice only appears in development) @ https://healthy-snipe-46.clerk.accounts.dev/npm/@clerk/clerk-js@5.127.1/dist/ui-common_clerk.browser_9854dd_5.127.1.js:4
[   61490ms] [INFO] 🔒 Clerk:
The <SignIn/> component cannot render when a user is already signed in, unless the application allows multiple sessions. Since a user is signed in and this application only allows a single session, Clerk is redirecting to the `afterSignIn` URL instead.
(This notice only appears in development) @ https://healthy-snipe-46.clerk.accounts.dev/npm/@clerk/clerk-js@5.127.1/dist/ui-common_clerk.browser_9854dd_5.127.1.js:4
[   61502ms] [INFO] 🔒 Clerk:
The <SignIn/> component cannot render when a user is already signed in, unless the application allows multiple sessions. Since a user is signed in and this application only allows a single session, Clerk is redirecting to the `afterSignIn` URL instead.
(This notice only appears in development) @ https://healthy-snipe-46.clerk.accounts.dev/npm/@clerk/clerk-js@5.127.1/dist/ui-common_clerk.browser_9854dd_5.127.1.js:4
[   61516ms] [INFO] 🔒 Clerk:
The <SignIn/> component cannot render when a user is already signed in, unless the application allows multiple sessions. Since a user is signed in and this application only allows a single session, Clerk is redirecting to the `afterSignIn` URL instead.
(This notice only appears in development) @ https://healthy-snipe-46.clerk.accounts.dev/npm/@clerk/clerk-js@5.127.1/dist/ui-common_clerk.browser_9854dd_5.127.1.js:4
[   61531ms] [INFO] 🔒 Clerk:
The <SignIn/> component cannot render when a user is already signed in, unless the application allows multiple sessions. Since a user is signed in and this application only allows a single session, Clerk is redirecting to the `afterSignIn` URL instead.
(This notice only appears in development) @ https://healthy-snipe-46.clerk.accounts.dev/npm/@clerk/clerk-js@5.127.1/dist/ui-common_clerk.browser_9854dd_5.127.1.js:4
[   61542ms] [INFO] 🔒 Clerk:
The <SignIn/> component cannot render when a user is already signed in, unless the application allows multiple sessions. Since a user is signed in and this application only allows a single session, Clerk is redirecting to the `afterSignIn` URL instead.
(This notice only appears in development) @ https://healthy-snipe-46.clerk.accounts.dev/npm/@clerk/clerk-js@5.127.1/dist/ui-common_clerk.browser_9854dd_5.127.1.js:4
[   61553ms] [INFO] 🔒 Clerk:
The <SignIn/> component cannot render when a user is already signed in, unless the application allows multiple sessions. Since a user is signed in and this application only allows a single session, Clerk is redirecting to the `afterSignIn` URL instead.
(This notice only appears in development) @ https://healthy-snipe-46.clerk.accounts.dev/npm/@clerk/clerk-js@5.127.1/dist/ui-common_clerk.browser_9854dd_5.127.1.js:4
[   61567ms] [INFO] 🔒 Clerk:
The <SignIn/> component cannot render when a user is already signed in, unless the application allows multiple sessions. Since a user is signed in and this application only allows a single session, Clerk is redirecting to the `afterSignIn` URL instead.
(This notice only appears in development) @ https://healthy-snipe-46.clerk.accounts.dev/npm/@clerk/clerk-js@5.127.1/dist/ui-common_clerk.browser_9854dd_5.127.1.js:4
[   61583ms] [INFO] 🔒 Clerk:
The <SignIn/> component cannot render when a user is already signed in, unless the application allows multiple sessions. Since a user is signed in and this application only allows a single session, Clerk is redirecting to the `afterSignIn` URL instead.
(This notice only appears in development) @ https://healthy-snipe-46.clerk.accounts.dev/npm/@clerk/clerk-js@5.127.1/dist/ui-common_clerk.browser_9854dd_5.127.1.js:4
[   61596ms] [INFO] 🔒 Clerk:
The <SignIn/> component cannot render when a user is already signed in, unless the application allows multiple sessions. Since a user is signed in and this application only allows a single session, Clerk is redirecting to the `afterSignIn` URL instead.
(This notice only appears in development) @ https://healthy-snipe-46.clerk.accounts.dev/npm/@clerk/clerk-js@5.127.1/dist/ui-common_clerk.browser_9854dd_5.127.1.js:4
[   61606ms] [INFO] 🔒 Clerk:
The <SignIn/> component cannot render when a user is already signed in, unless the application allows multiple sessions. Since a user is signed in and this application only allows a single session, Clerk is redirecting to the `afterSignIn` URL instead.
(This notice only appears in development) @ https://healthy-snipe-46.clerk.accounts.dev/npm/@clerk/clerk-js@5.127.1/dist/ui-common_clerk.browser_9854dd_5.127.1.js:4
[   61619ms] [INFO] 🔒 Clerk:
The <SignIn/> component cannot render when a user is already signed in, unless the application allows multiple sessions. Since a user is signed in and this application only allows a single session, Clerk is redirecting to the `afterSignIn` URL instead.
(This notice only appears in development) @ https://healthy-snipe-46.clerk.accounts.dev/npm/@clerk/clerk-js@5.127.1/dist/ui-common_clerk.browser_9854dd_5.127.1.js:4
[   61632ms] [INFO] 🔒 Clerk:
The <SignIn/> component cannot render when a user is already signed in, unless the application allows multiple sessions. Since a user is signed in and this application only allows a single session, Clerk is redirecting to the `afterSignIn` URL instead.
(This notice only appears in development) @ https://healthy-snipe-46.clerk.accounts.dev/npm/@clerk/clerk-js@5.127.1/dist/ui-common_clerk.browser_9854dd_5.127.1.js:4
[   61645ms] [INFO] 🔒 Clerk:
The <SignIn/> component cannot render when a user is already signed in, unless the application allows multiple sessions. Since a user is signed in and this application only allows a single session, Clerk is redirecting to the `afterSignIn` URL instead.
(This notice only appears in development) @ https://healthy-snipe-46.clerk.accounts.dev/npm/@clerk/clerk-js@5.127.1/dist/ui-common_clerk.browser_9854dd_5.127.1.js:4
[   61656ms] [INFO] 🔒 Clerk:
The <SignIn/> component cannot render when a user is already signed in, unless the application allows multiple sessions. Since a user is signed in and this application only allows a single session, Clerk is redirecting to the `afterSignIn` URL instead.
(This notice only appears in development) @ https://healthy-snipe-46.clerk.accounts.dev/npm/@clerk/clerk-js@5.127.1/dist/ui-common_clerk.browser_9854dd_5.127.1.js:4
[   61668ms] [INFO] 🔒 Clerk:
The <SignIn/> component cannot render when a user is already signed in, unless the application allows multiple sessions. Since a user is signed in and this application only allows a single session, Clerk is redirecting to the `afterSignIn` URL instead.
(This notice only appears in development) @ https://healthy-snipe-46.clerk.accounts.dev/npm/@clerk/clerk-js@5.127.1/dist/ui-common_clerk.browser_9854dd_5.127.1.js:4
[   61681ms] [INFO] 🔒 Clerk:
The <SignIn/> component cannot render when a user is already signed in, unless the application allows multiple sessions. Since a user is signed in and this application only allows a single session, Clerk is redirecting to the `afterSignIn` URL instead.
(This notice only appears in development) @ https://healthy-snipe-46.clerk.accounts.dev/npm/@clerk/clerk-js@5.127.1/dist/ui-common_clerk.browser_9854dd_5.127.1.js:4
[   61693ms] [INFO] 🔒 Clerk:
The <SignIn/> component cannot render when a user is already signed in, unless the application allows multiple sessions. Since a user is signed in and this application only allows a single session, Clerk is redirecting to the `afterSignIn` URL instead.
(This notice only appears in development) @ https://healthy-snipe-46.clerk.accounts.dev/npm/@clerk/clerk-js@5.127.1/dist/ui-common_clerk.browser_9854dd_5.127.1.js:4
[   61707ms] [INFO] 🔒 Clerk:
The <SignIn/> component cannot render when a user is already signed in, unless the application allows multiple sessions. Since a user is signed in and this application only allows a single session, Clerk is redirecting to the `afterSignIn` URL instead.
(This notice only appears in development) @ https://healthy-snipe-46.clerk.accounts.dev/npm/@clerk/clerk-js@5.127.1/dist/ui-common_clerk.browser_9854dd_5.127.1.js:4
[   61721ms] [INFO] 🔒 Clerk:
The <SignIn/> component cannot render when a user is already signed in, unless the application allows multiple sessions. Since a user is signed in and this application only allows a single session, Clerk is redirecting to the `afterSignIn` URL instead.
(This notice only appears in development) @ https://healthy-snipe-46.clerk.accounts.dev/npm/@clerk/clerk-js@5.127.1/dist/ui-common_clerk.browser_9854dd_5.127.1.js:4
[   61733ms] [INFO] 🔒 Clerk:
The <SignIn/> component cannot render when a user is already signed in, unless the application allows multiple sessions. Since a user is signed in and this application only allows a single session, Clerk is redirecting to the `afterSignIn` URL instead.
(This notice only appears in development) @ https://healthy-snipe-46.clerk.accounts.dev/npm/@clerk/clerk-js@5.127.1/dist/ui-common_clerk.browser_9854dd_5.127.1.js:4
[   61747ms] [INFO] 🔒 Clerk:
The <SignIn/> component cannot render when a user is already signed in, unless the application allows multiple sessions. Since a user is signed in and this application only allows a single session, Clerk is redirecting to the `afterSignIn` URL instead.
(This notice only appears in development) @ https://healthy-snipe-46.clerk.accounts.dev/npm/@clerk/clerk-js@5.127.1/dist/ui-common_clerk.browser_9854dd_5.127.1.js:4
[   61759ms] [INFO] 🔒 Clerk:
The <SignIn/> component cannot render when a user is already signed in, unless the application allows multiple sessions. Since a user is signed in and this application only allows a single session, Clerk is redirecting to the `afterSignIn` URL instead.
(This notice only appears in development) @ https://healthy-snipe-46.clerk.accounts.dev/npm/@clerk/clerk-js@5.127.1/dist/ui-common_clerk.browser_9854dd_5.127.1.js:4
[   61770ms] [INFO] 🔒 Clerk:
The <SignIn/> component cannot render when a user is already signed in, unless the application allows multiple sessions. Since a user is signed in and this application only allows a single session, Clerk is redirecting to the `afterSignIn` URL instead.
(This notice only appears in development) @ https://healthy-snipe-46.clerk.accounts.dev/npm/@clerk/clerk-js@5.127.1/dist/ui-common_clerk.browser_9854dd_5.127.1.js:4
[   61782ms] [INFO] 🔒 Clerk:
The <SignIn/> component cannot render when a user is already signed in, unless the application allows multiple sessions. Since a user is signed in and this application only allows a single session, Clerk is redirecting to the `afterSignIn` URL instead.
(This notice only appears in development) @ https://healthy-snipe-46.clerk.accounts.dev/npm/@clerk/clerk-js@5.127.1/dist/ui-common_clerk.browser_9854dd_5.127.1.js:4
[   61795ms] [INFO] 🔒 Clerk:
The <SignIn/> component cannot render when a user is already signed in, unless the application allows multiple sessions. Since a user is signed in and this application only allows a single session, Clerk is redirecting to the `afterSignIn` URL instead.
(This notice only appears in development) @ https://healthy-snipe-46.clerk.accounts.dev/npm/@clerk/clerk-js@5.127.1/dist/ui-common_clerk.browser_9854dd_5.127.1.js:4
[   61807ms] [INFO] 🔒 Clerk:
The <SignIn/> component cannot render when a user is already signed in, unless the application allows multiple sessions. Since a user is signed in and this application only allows a single session, Clerk is redirecting to the `afterSignIn` URL instead.
(This notice only appears in development) @ https://healthy-snipe-46.clerk.accounts.dev/npm/@clerk/clerk-js@5.127.1/dist/ui-common_clerk.browser_9854dd_5.127.1.js:4
[   61879ms] [INFO] 🔒 Clerk:
The <SignIn/> component cannot render when a user is already signed in, unless the application allows multiple sessions. Since a user is signed in and this application only allows a single session, Clerk is redirecting to the `afterSignIn` URL instead.
(This notice only appears in development) @ https://healthy-snipe-46.clerk.accounts.dev/npm/@clerk/clerk-js@5.127.1/dist/ui-common_clerk.browser_9854dd_5.127.1.js:4
[   61886ms] [INFO] 🔒 Clerk:
The <SignIn/> component cannot render when a user is already signed in, unless the application allows multiple sessions. Since a user is signed in and this application only allows a single session, Clerk is redirecting to the `afterSignIn` URL instead.
(This notice only appears in development) @ https://healthy-snipe-46.clerk.accounts.dev/npm/@clerk/clerk-js@5.127.1/dist/ui-common_clerk.browser_9854dd_5.127.1.js:4
[   61912ms] [INFO] 🔒 Clerk:
The <SignIn/> component cannot render when a user is already signed in, unless the application allows multiple sessions. Since a user is signed in and this application only allows a single session, Clerk is redirecting to the `afterSignIn` URL instead.
(This notice only appears in development) @ https://healthy-snipe-46.clerk.accounts.dev/npm/@clerk/clerk-js@5.127.1/dist/ui-common_clerk.browser_9854dd_5.127.1.js:4
[   61930ms] [INFO] 🔒 Clerk:
The <SignIn/> component cannot render when a user is already signed in, unless the application allows multiple sessions. Since a user is signed in and this application only allows a single session, Clerk is redirecting to the `afterSignIn` URL instead.
(This notice only appears in development) @ https://healthy-snipe-46.clerk.accounts.dev/npm/@clerk/clerk-js@5.127.1/dist/ui-common_clerk.browser_9854dd_5.127.1.js:4
[   61934ms] [INFO] 🔒 Clerk:
The <SignIn/> component cannot render when a user is already signed in, unless the application allows multiple sessions. Since a user is signed in and this application only allows a single session, Clerk is redirecting to the `afterSignIn` URL instead.
(This notice only appears in development) @ https://healthy-snipe-46.clerk.accounts.dev/npm/@clerk/clerk-js@5.127.1/dist/ui-common_clerk.browser_9854dd_5.127.1.js:4
[   61951ms] [INFO] 🔒 Clerk:
The <SignIn/> component cannot render when a user is already signed in, unless the application allows multiple sessions. Since a user is signed in and this application only allows a single session, Clerk is redirecting to the `afterSignIn` URL instead.
(This notice only appears in development) @ https://healthy-snipe-46.clerk.accounts.dev/npm/@clerk/clerk-js@5.127.1/dist/ui-common_clerk.browser_9854dd_5.127.1.js:4
[   61966ms] [INFO] 🔒 Clerk:
The <SignIn/> component cannot render when a user is already signed in, unless the application allows multiple sessions. Since a user is signed in and this application only allows a single session, Clerk is redirecting to the `afterSignIn` URL instead.
(This notice only appears in development) @ https://healthy-snipe-46.clerk.accounts.dev/npm/@clerk/clerk-js@5.127.1/dist/ui-common_clerk.browser_9854dd_5.127.1.js:4
[   61982ms] [INFO] 🔒 Clerk:
The <SignIn/> component cannot render when a user is already signed in, unless the application allows multiple sessions. Since a user is signed in and this application only allows a single session, Clerk is redirecting to the `afterSignIn` URL instead.
(This notice only appears in development) @ https://healthy-snipe-46.clerk.accounts.dev/npm/@clerk/clerk-js@5.127.1/dist/ui-common_clerk.browser_9854dd_5.127.1.js:4
[   61997ms] [INFO] 🔒 Clerk:
The <SignIn/> component cannot render when a user is already signed in, unless the application allows multiple sessions. Since a user is signed in and this application only allows a single session, Clerk is redirecting to the `afterSignIn` URL instead.
(This notice only appears in development) @ https://healthy-snipe-46.clerk.accounts.dev/npm/@clerk/clerk-js@5.127.1/dist/ui-common_clerk.browser_9854dd_5.127.1.js:4
[   62011ms] [INFO] 🔒 Clerk:
The <SignIn/> component cannot render when a user is already signed in, unless the application allows multiple sessions. Since a user is signed in and this application only allows a single session, Clerk is redirecting to the `afterSignIn` URL instead.
(This notice only appears in development) @ https://healthy-snipe-46.clerk.accounts.dev/npm/@clerk/clerk-js@5.127.1/dist/ui-common_clerk.browser_9854dd_5.127.1.js:4
[   62028ms] [INFO] 🔒 Clerk:
The <SignIn/> component cannot render when a user is already signed in, unless the application allows multiple sessions. Since a user is signed in and this application only allows a single session, Clerk is redirecting to the `afterSignIn` URL instead.
(This notice only appears in development) @ https://healthy-snipe-46.clerk.accounts.dev/npm/@clerk/clerk-js@5.127.1/dist/ui-common_clerk.browser_9854dd_5.127.1.js:4
[   62043ms] [INFO] 🔒 Clerk:
The <SignIn/> component cannot render when a user is already signed in, unless the application allows multiple sessions. Since a user is signed in and this application only allows a single session, Clerk is redirecting to the `afterSignIn` URL instead.
(This notice only appears in development) @ https://healthy-snipe-46.clerk.accounts.dev/npm/@clerk/clerk-js@5.127.1/dist/ui-common_clerk.browser_9854dd_5.127.1.js:4
[   62064ms] [INFO] 🔒 Clerk:
The <SignIn/> component cannot render when a user is already signed in, unless the application allows multiple sessions. Since a user is signed in and this application only allows a single session, Clerk is redirecting to the `afterSignIn` URL instead.
(This notice only appears in development) @ https://healthy-snipe-46.clerk.accounts.dev/npm/@clerk/clerk-js@5.127.1/dist/ui-common_clerk.browser_9854dd_5.127.1.js:4
[   62080ms] [INFO] 🔒 Clerk:
The <SignIn/> component cannot render when a user is already signed in, unless the application allows multiple sessions. Since a user is signed in and this application only allows a single session, Clerk is redirecting to the `afterSignIn` URL instead.
(This notice only appears in development) @ https://healthy-snipe-46.clerk.accounts.dev/npm/@clerk/clerk-js@5.127.1/dist/ui-common_clerk.browser_9854dd_5.127.1.js:4
[   62097ms] [INFO] 🔒 Clerk:
The <SignIn/> component cannot render when a user is already signed in, unless the application allows multiple sessions. Since a user is signed in and this application only allows a single session, Clerk is redirecting to the `afterSignIn` URL instead.
(This notice only appears in development) @ https://healthy-snipe-46.clerk.accounts.dev/npm/@clerk/clerk-js@5.127.1/dist/ui-common_clerk.browser_9854dd_5.127.1.js:4
[   62114ms] [INFO] 🔒 Clerk:
The <SignIn/> component cannot render when a user is already signed in, unless the application allows multiple sessions. Since a user is signed in and this application only allows a single session, Clerk is redirecting to the `afterSignIn` URL instead.
(This notice only appears in development) @ https://healthy-snipe-46.clerk.accounts.dev/npm/@clerk/clerk-js@5.127.1/dist/ui-common_clerk.browser_9854dd_5.127.1.js:4
[   62128ms] [INFO] 🔒 Clerk:
The <SignIn/> component cannot render when a user is already signed in, unless the application allows multiple sessions. Since a user is signed in and this application only allows a single session, Clerk is redirecting to the `afterSignIn` URL instead.
(This notice only appears in development) @ https://healthy-snipe-46.clerk.accounts.dev/npm/@clerk/clerk-js@5.127.1/dist/ui-common_clerk.browser_9854dd_5.127.1.js:4
[   62145ms] [INFO] 🔒 Clerk:
The <SignIn/> component cannot render when a user is already signed in, unless the application allows multiple sessions. Since a user is signed in and this application only allows a single session, Clerk is redirecting to the `afterSignIn` URL instead.
(This notice only appears in development) @ https://healthy-snipe-46.clerk.accounts.dev/npm/@clerk/clerk-js@5.127.1/dist/ui-common_clerk.browser_9854dd_5.127.1.js:4
[   62160ms] [INFO] 🔒 Clerk:
The <SignIn/> component cannot render when a user is already signed in, unless the application allows multiple sessions. Since a user is signed in and this application only allows a single session, Clerk is redirecting to the `afterSignIn` URL instead.
(This notice only appears in development) @ https://healthy-snipe-46.clerk.accounts.dev/npm/@clerk/clerk-js@5.127.1/dist/ui-common_clerk.browser_9854dd_5.127.1.js:4
[   62178ms] [INFO] 🔒 Clerk:
The <SignIn/> component cannot render when a user is already signed in, unless the application allows multiple sessions. Since a user is signed in and this application only allows a single session, Clerk is redirecting to the `afterSignIn` URL instead.
(This notice only appears in development) @ https://healthy-snipe-46.clerk.accounts.dev/npm/@clerk/clerk-js@5.127.1/dist/ui-common_clerk.browser_9854dd_5.127.1.js:4
[   62194ms] [INFO] 🔒 Clerk:
The <SignIn/> component cannot render when a user is already signed in, unless the application allows multiple sessions. Since a user is signed in and this application only allows a single session, Clerk is redirecting to the `afterSignIn` URL instead.
(This notice only appears in development) @ https://healthy-snipe-46.clerk.accounts.dev/npm/@clerk/clerk-js@5.127.1/dist/ui-common_clerk.browser_9854dd_5.127.1.js:4
[   62211ms] [INFO] 🔒 Clerk:
The <SignIn/> component cannot render when a user is already signed in, unless the application allows multiple sessions. Since a user is signed in and this application only allows a single session, Clerk is redirecting to the `afterSignIn` URL instead.
(This notice only appears in development) @ https://healthy-snipe-46.clerk.accounts.dev/npm/@clerk/clerk-js@5.127.1/dist/ui-common_clerk.browser_9854dd_5.127.1.js:4
[   62231ms] [INFO] 🔒 Clerk:
The <SignIn/> component cannot render when a user is already signed in, unless the application allows multiple sessions. Since a user is signed in and this application only allows a single session, Clerk is redirecting to the `afterSignIn` URL instead.
(This notice only appears in development) @ https://healthy-snipe-46.clerk.accounts.dev/npm/@clerk/clerk-js@5.127.1/dist/ui-common_clerk.browser_9854dd_5.127.1.js:4
[   62249ms] [INFO] 🔒 Clerk:
The <SignIn/> component cannot render when a user is already signed in, unless the application allows multiple sessions. Since a user is signed in and this application only allows a single session, Clerk is redirecting to the `afterSignIn` URL instead.
(This notice only appears in development) @ https://healthy-snipe-46.clerk.accounts.dev/npm/@clerk/clerk-js@5.127.1/dist/ui-common_clerk.browser_9854dd_5.127.1.js:4
[   62254ms] [INFO] 🔒 Clerk:
The <SignIn/> component cannot render when a user is already signed in, unless the application allows multiple sessions. Since a user is signed in and this application only allows a single session, Clerk is redirecting to the `afterSignIn` URL instead.
(This notice only appears in development) @ https://healthy-snipe-46.clerk.accounts.dev/npm/@clerk/clerk-js@5.127.1/dist/ui-common_clerk.browser_9854dd_5.127.1.js:4
[   62270ms] [INFO] 🔒 Clerk:
The <SignIn/> component cannot render when a user is already signed in, unless the application allows multiple sessions. Since a user is signed in and this application only allows a single session, Clerk is redirecting to the `afterSignIn` URL instead.
(This notice only appears in development) @ https://healthy-snipe-46.clerk.accounts.dev/npm/@clerk/clerk-js@5.127.1/dist/ui-common_clerk.browser_9854dd_5.127.1.js:4
[   62290ms] [INFO] 🔒 Clerk:
The <SignIn/> component cannot render when a user is already signed in, unless the application allows multiple sessions. Since a user is signed in and this application only allows a single session, Clerk is redirecting to the `afterSignIn` URL instead.
(This notice only appears in development) @ https://healthy-snipe-46.clerk.accounts.dev/npm/@clerk/clerk-js@5.127.1/dist/ui-common_clerk.browser_9854dd_5.127.1.js:4
[   62310ms] [INFO] 🔒 Clerk:
The <SignIn/> component cannot render when a user is already signed in, unless the application allows multiple sessions. Since a user is signed in and this application only allows a single session, Clerk is redirecting to the `afterSignIn` URL instead.
(This notice only appears in development) @ https://healthy-snipe-46.clerk.accounts.dev/npm/@clerk/clerk-js@5.127.1/dist/ui-common_clerk.browser_9854dd_5.127.1.js:4
[   62328ms] [INFO] 🔒 Clerk:
The <SignIn/> component cannot render when a user is already signed in, unless the application allows multiple sessions. Since a user is signed in and this application only allows a single session, Clerk is redirecting to the `afterSignIn` URL instead.
(This notice only appears in development) @ https://healthy-snipe-46.clerk.accounts.dev/npm/@clerk/clerk-js@5.127.1/dist/ui-common_clerk.browser_9854dd_5.127.1.js:4
[   62347ms] [INFO] 🔒 Clerk:
The <SignIn/> component cannot render when a user is already signed in, unless the application allows multiple sessions. Since a user is signed in and this application only allows a single session, Clerk is redirecting to the `afterSignIn` URL instead.
(This notice only appears in development) @ https://healthy-snipe-46.clerk.accounts.dev/npm/@clerk/clerk-js@5.127.1/dist/ui-common_clerk.browser_9854dd_5.127.1.js:4
[   62366ms] [INFO] 🔒 Clerk:
The <SignIn/> component cannot render when a user is already signed in, unless the application allows multiple sessions. Since a user is signed in and this application only allows a single session, Clerk is redirecting to the `afterSignIn` URL instead.
(This notice only appears in development) @ https://healthy-snipe-46.clerk.accounts.dev/npm/@clerk/clerk-js@5.127.1/dist/ui-common_clerk.browser_9854dd_5.127.1.js:4
[   62383ms] [INFO] 🔒 Clerk:
The <SignIn/> component cannot render when a user is already signed in, unless the application allows multiple sessions. Since a user is signed in and this application only allows a single session, Clerk is redirecting to the `afterSignIn` URL instead.
(This notice only appears in development) @ https://healthy-snipe-46.clerk.accounts.dev/npm/@clerk/clerk-js@5.127.1/dist/ui-common_clerk.browser_9854dd_5.127.1.js:4
[   62400ms] [INFO] 🔒 Clerk:
The <SignIn/> component cannot render when a user is already signed in, unless the application allows multiple sessions. Since a user is signed in and this application only allows a single session, Clerk is redirecting to the `afterSignIn` URL instead.
(This notice only appears in development) @ https://healthy-snipe-46.clerk.accounts.dev/npm/@clerk/clerk-js@5.127.1/dist/ui-common_clerk.browser_9854dd_5.127.1.js:4
[   62416ms] [INFO] 🔒 Clerk:
The <SignIn/> component cannot render when a user is already signed in, unless the application allows multiple sessions. Since a user is signed in and this application only allows a single session, Clerk is redirecting to the `afterSignIn` URL instead.
(This notice only appears in development) @ https://healthy-snipe-46.clerk.accounts.dev/npm/@clerk/clerk-js@5.127.1/dist/ui-common_clerk.browser_9854dd_5.127.1.js:4
[   62431ms] [INFO] 🔒 Clerk:
The <SignIn/> component cannot render when a user is already signed in, unless the application allows multiple sessions. Since a user is signed in and this application only allows a single session, Clerk is redirecting to the `afterSignIn` URL instead.
(This notice only appears in development) @ https://healthy-snipe-46.clerk.accounts.dev/npm/@clerk/clerk-js@5.127.1/dist/ui-common_clerk.browser_9854dd_5.127.1.js:4
[   62446ms] [INFO] 🔒 Clerk:
The <SignIn/> component cannot render when a user is already signed in, unless the application allows multiple sessions. Since a user is signed in and this application only allows a single session, Clerk is redirecting to the `afterSignIn` URL instead.
(This notice only appears in development) @ https://healthy-snipe-46.clerk.accounts.dev/npm/@clerk/clerk-js@5.127.1/dist/ui-common_clerk.browser_9854dd_5.127.1.js:4
[   62464ms] [INFO] 🔒 Clerk:
The <SignIn/> component cannot render when a user is already signed in, unless the application allows multiple sessions. Since a user is signed in and this application only allows a single session, Clerk is redirecting to the `afterSignIn` URL instead.
(This notice only appears in development) @ https://healthy-snipe-46.clerk.accounts.dev/npm/@clerk/clerk-js@5.127.1/dist/ui-common_clerk.browser_9854dd_5.127.1.js:4
[   62483ms] [INFO] 🔒 Clerk:
The <SignIn/> component cannot render when a user is already signed in, unless the application allows multiple sessions. Since a user is signed in and this application only allows a single session, Clerk is redirecting to the `afterSignIn` URL instead.
(This notice only appears in development) @ https://healthy-snipe-46.clerk.accounts.dev/npm/@clerk/clerk-js@5.127.1/dist/ui-common_clerk.browser_9854dd_5.127.1.js:4
[   62497ms] [INFO] 🔒 Clerk:
The <SignIn/> component cannot render when a user is already signed in, unless the application allows multiple sessions. Since a user is signed in and this application only allows a single session, Clerk is redirecting to the `afterSignIn` URL instead.
(This notice only appears in development) @ https://healthy-snipe-46.clerk.accounts.dev/npm/@clerk/clerk-js@5.127.1/dist/ui-common_clerk.browser_9854dd_5.127.1.js:4
[   62512ms] [INFO] 🔒 Clerk:
The <SignIn/> component cannot render when a user is already signed in, unless the application allows multiple sessions. Since a user is signed in and this application only allows a single session, Clerk is redirecting to the `afterSignIn` URL instead.
(This notice only appears in development) @ https://healthy-snipe-46.clerk.accounts.dev/npm/@clerk/clerk-js@5.127.1/dist/ui-common_clerk.browser_9854dd_5.127.1.js:4
[   62526ms] [INFO] 🔒 Clerk:
The <SignIn/> component cannot render when a user is already signed in, unless the application allows multiple sessions. Since a user is signed in and this application only allows a single session, Clerk is redirecting to the `afterSignIn` URL instead.
(This notice only appears in development) @ https://healthy-snipe-46.clerk.accounts.dev/npm/@clerk/clerk-js@5.127.1/dist/ui-common_clerk.browser_9854dd_5.127.1.js:4
[   62540ms] [INFO] 🔒 Clerk:
The <SignIn/> component cannot render when a user is already signed in, unless the application allows multiple sessions. Since a user is signed in and this application only allows a single session, Clerk is redirecting to the `afterSignIn` URL instead.
(This notice only appears in development) @ https://healthy-snipe-46.clerk.accounts.dev/npm/@clerk/clerk-js@5.127.1/dist/ui-common_clerk.browser_9854dd_5.127.1.js:4
[   62559ms] [INFO] 🔒 Clerk:
The <SignIn/> component cannot render when a user is already signed in, unless the application allows multiple sessions. Since a user is signed in and this application only allows a single session, Clerk is redirecting to the `afterSignIn` URL instead.
(This notice only appears in development) @ https://healthy-snipe-46.clerk.accounts.dev/npm/@clerk/clerk-js@5.127.1/dist/ui-common_clerk.browser_9854dd_5.127.1.js:4
[   62577ms] [INFO] 🔒 Clerk:
The <SignIn/> component cannot render when a user is already signed in, unless the application allows multiple sessions. Since a user is signed in and this application only allows a single session, Clerk is redirecting to the `afterSignIn` URL instead.
(This notice only appears in development) @ https://healthy-snipe-46.clerk.accounts.dev/npm/@clerk/clerk-js@5.127.1/dist/ui-common_clerk.browser_9854dd_5.127.1.js:4
[   62581ms] [INFO] 🔒 Clerk:
The <SignIn/> component cannot render when a user is already signed in, unless the application allows multiple sessions. Since a user is signed in and this application only allows a single session, Clerk is redirecting to the `afterSignIn` URL instead.
(This notice only appears in development) @ https://healthy-snipe-46.clerk.accounts.dev/npm/@clerk/clerk-js@5.127.1/dist/ui-common_clerk.browser_9854dd_5.127.1.js:4
[   62599ms] [INFO] 🔒 Clerk:
The <SignIn/> component cannot render when a user is already signed in, unless the application allows multiple sessions. Since a user is signed in and this application only allows a single session, Clerk is redirecting to the `afterSignIn` URL instead.
(This notice only appears in development) @ https://healthy-snipe-46.clerk.accounts.dev/npm/@clerk/clerk-js@5.127.1/dist/ui-common_clerk.browser_9854dd_5.127.1.js:4
[   62619ms] [INFO] 🔒 Clerk:
The <SignIn/> component cannot render when a user is already signed in, unless the application allows multiple sessions. Since a user is signed in and this application only allows a single session, Clerk is redirecting to the `afterSignIn` URL instead.
(This notice only appears in development) @ https://healthy-snipe-46.clerk.accounts.dev/npm/@clerk/clerk-js@5.127.1/dist/ui-common_clerk.browser_9854dd_5.127.1.js:4
[   62636ms] [INFO] 🔒 Clerk:
The <SignIn/> component cannot render when a user is already signed in, unless the application allows multiple sessions. Since a user is signed in and this application only allows a single session, Clerk is redirecting to the `afterSignIn` URL instead.
(This notice only appears in development) @ https://healthy-snipe-46.clerk.accounts.dev/npm/@clerk/clerk-js@5.127.1/dist/ui-common_clerk.browser_9854dd_5.127.1.js:4
[   62651ms] [INFO] 🔒 Clerk:
The <SignIn/> component cannot render when a user is already signed in, unless the application allows multiple sessions. Since a user is signed in and this application only allows a single session, Clerk is redirecting to the `afterSignIn` URL instead.
(This notice only appears in development) @ https://healthy-snipe-46.clerk.accounts.dev/npm/@clerk/clerk-js@5.127.1/dist/ui-common_clerk.browser_9854dd_5.127.1.js:4
[   62669ms] [INFO] 🔒 Clerk:
The <SignIn/> component cannot render when a user is already signed in, unless the application allows multiple sessions. Since a user is signed in and this application only allows a single session, Clerk is redirecting to the `afterSignIn` URL instead.
(This notice only appears in development) @ https://healthy-snipe-46.clerk.accounts.dev/npm/@clerk/clerk-js@5.127.1/dist/ui-common_clerk.browser_9854dd_5.127.1.js:4
[   62686ms] [INFO] 🔒 Clerk:
The <SignIn/> component cannot render when a user is already signed in, unless the application allows multiple sessions. Since a user is signed in and this application only allows a single session, Clerk is redirecting to the `afterSignIn` URL instead.
(This notice only appears in development) @ https://healthy-snipe-46.clerk.accounts.dev/npm/@clerk/clerk-js@5.127.1/dist/ui-common_clerk.browser_9854dd_5.127.1.js:4
[   62704ms] [INFO] 🔒 Clerk:
The <SignIn/> component cannot render when a user is already signed in, unless the application allows multiple sessions. Since a user is signed in and this application only allows a single session, Clerk is redirecting to the `afterSignIn` URL instead.
(This notice only appears in development) @ https://healthy-snipe-46.clerk.accounts.dev/npm/@clerk/clerk-js@5.127.1/dist/ui-common_clerk.browser_9854dd_5.127.1.js:4
[   62726ms] [INFO] 🔒 Clerk:
The <SignIn/> component cannot render when a user is already signed in, unless the application allows multiple sessions. Since a user is signed in and this application only allows a single session, Clerk is redirecting to the `afterSignIn` URL instead.
(This notice only appears in development) @ https://healthy-snipe-46.clerk.accounts.dev/npm/@clerk/clerk-js@5.127.1/dist/ui-common_clerk.browser_9854dd_5.127.1.js:4
[   62745ms] [INFO] 🔒 Clerk:
The <SignIn/> component cannot render when a user is already signed in, unless the application allows multiple sessions. Since a user is signed in and this application only allows a single session, Clerk is redirecting to the `afterSignIn` URL instead.
(This notice only appears in development) @ https://healthy-snipe-46.clerk.accounts.dev/npm/@clerk/clerk-js@5.127.1/dist/ui-common_clerk.browser_9854dd_5.127.1.js:4
[   62765ms] [INFO] 🔒 Clerk:
The <SignIn/> component cannot render when a user is already signed in, unless the application allows multiple sessions. Since a user is signed in and this application only allows a single session, Clerk is redirecting to the `afterSignIn` URL instead.
(This notice only appears in development) @ https://healthy-snipe-46.clerk.accounts.dev/npm/@clerk/clerk-js@5.127.1/dist/ui-common_clerk.browser_9854dd_5.127.1.js:4
[   62783ms] [INFO] 🔒 Clerk:
The <SignIn/> component cannot render when a user is already signed in, unless the application allows multiple sessions. Since a user is signed in and this application only allows a single session, Clerk is redirecting to the `afterSignIn` URL instead.
(This notice only appears in development) @ https://healthy-snipe-46.clerk.accounts.dev/npm/@clerk/clerk-js@5.127.1/dist/ui-common_clerk.browser_9854dd_5.127.1.js:4
[   62798ms] [INFO] 🔒 Clerk:
The <SignIn/> component cannot render when a user is already signed in, unless the application allows multiple sessions. Since a user is signed in and this application only allows a single session, Clerk is redirecting to the `afterSignIn` URL instead.
(This notice only appears in development) @ https://healthy-snipe-46.clerk.accounts.dev/npm/@clerk/clerk-js@5.127.1/dist/ui-common_clerk.browser_9854dd_5.127.1.js:4
[   62814ms] [INFO] 🔒 Clerk:
The <SignIn/> component cannot render when a user is already signed in, unless the application allows multiple sessions. Since a user is signed in and this application only allows a single session, Clerk is redirecting to the `afterSignIn` URL instead.
(This notice only appears in development) @ https://healthy-snipe-46.clerk.accounts.dev/npm/@clerk/clerk-js@5.127.1/dist/ui-common_clerk.browser_9854dd_5.127.1.js:4
[   62829ms] [INFO] 🔒 Clerk:
The <SignIn/> component cannot render when a user is already signed in, unless the application allows multiple sessions. Since a user is signed in and this application only allows a single session, Clerk is redirecting to the `afterSignIn` URL instead.
(This notice only appears in development) @ https://healthy-snipe-46.clerk.accounts.dev/npm/@clerk/clerk-js@5.127.1/dist/ui-common_clerk.browser_9854dd_5.127.1.js:4
[   62847ms] [INFO] 🔒 Clerk:
The <SignIn/> component cannot render when a user is already signed in, unless the application allows multiple sessions. Since a user is signed in and this application only allows a single session, Clerk is redirecting to the `afterSignIn` URL instead.
(This notice only appears in development) @ https://healthy-snipe-46.clerk.accounts.dev/npm/@clerk/clerk-js@5.127.1/dist/ui-common_clerk.browser_9854dd_5.127.1.js:4
[   62864ms] [INFO] 🔒 Clerk:
The <SignIn/> component cannot render when a user is already signed in, unless the application allows multiple sessions. Since a user is signed in and this application only allows a single session, Clerk is redirecting to the `afterSignIn` URL instead.
(This notice only appears in development) @ https://healthy-snipe-46.clerk.accounts.dev/npm/@clerk/clerk-js@5.127.1/dist/ui-common_clerk.browser_9854dd_5.127.1.js:4
[   62868ms] [INFO] 🔒 Clerk:
The <SignIn/> component cannot render when a user is already signed in, unless the application allows multiple sessions. Since a user is signed in and this application only allows a single session, Clerk is redirecting to the `afterSignIn` URL instead.
(This notice only appears in development) @ https://healthy-snipe-46.clerk.accounts.dev/npm/@clerk/clerk-js@5.127.1/dist/ui-common_clerk.browser_9854dd_5.127.1.js:4
[   62888ms] [INFO] 🔒 Clerk:
The <SignIn/> component cannot render when a user is already signed in, unless the application allows multiple sessions. Since a user is signed in and this application only allows a single session, Clerk is redirecting to the `afterSignIn` URL instead.
(This notice only appears in development) @ https://healthy-snipe-46.clerk.accounts.dev/npm/@clerk/clerk-js@5.127.1/dist/ui-common_clerk.browser_9854dd_5.127.1.js:4
[   62907ms] [INFO] 🔒 Clerk:
The <SignIn/> component cannot render when a user is already signed in, unless the application allows multiple sessions. Since a user is signed in and this application only allows a single session, Clerk is redirecting to the `afterSignIn` URL instead.
(This notice only appears in development) @ https://healthy-snipe-46.clerk.accounts.dev/npm/@clerk/clerk-js@5.127.1/dist/ui-common_clerk.browser_9854dd_5.127.1.js:4
[   62924ms] [INFO] 🔒 Clerk:
The <SignIn/> component cannot render when a user is already signed in, unless the application allows multiple sessions. Since a user is signed in and this application only allows a single session, Clerk is redirecting to the `afterSignIn` URL instead.
(This notice only appears in development) @ https://healthy-snipe-46.clerk.accounts.dev/npm/@clerk/clerk-js@5.127.1/dist/ui-common_clerk.browser_9854dd_5.127.1.js:4
[   62948ms] [INFO] 🔒 Clerk:
The <SignIn/> component cannot render when a user is already signed in, unless the application allows multiple sessions. Since a user is signed in and this application only allows a single session, Clerk is redirecting to the `afterSignIn` URL instead.
(This notice only appears in development) @ https://healthy-snipe-46.clerk.accounts.dev/npm/@clerk/clerk-js@5.127.1/dist/ui-common_clerk.browser_9854dd_5.127.1.js:4
[   62965ms] [INFO] 🔒 Clerk:
The <SignIn/> component cannot render when a user is already signed in, unless the application allows multiple sessions. Since a user is signed in and this application only allows a single session, Clerk is redirecting to the `afterSignIn` URL instead.
(This notice only appears in development) @ https://healthy-snipe-46.clerk.accounts.dev/npm/@clerk/clerk-js@5.127.1/dist/ui-common_clerk.browser_9854dd_5.127.1.js:4
[   62984ms] [INFO] 🔒 Clerk:
The <SignIn/> component cannot render when a user is already signed in, unless the application allows multiple sessions. Since a user is signed in and this application only allows a single session, Clerk is redirecting to the `afterSignIn` URL instead.
(This notice only appears in development) @ https://healthy-snipe-46.clerk.accounts.dev/npm/@clerk/clerk-js@5.127.1/dist/ui-common_clerk.browser_9854dd_5.127.1.js:4
[   63000ms] [INFO] 🔒 Clerk:
The <SignIn/> component cannot render when a user is already signed in, unless the application allows multiple sessions. Since a user is signed in and this application only allows a single session, Clerk is redirecting to the `afterSignIn` URL instead.
(This notice only appears in development) @ https://healthy-snipe-46.clerk.accounts.dev/npm/@clerk/clerk-js@5.127.1/dist/ui-common_clerk.browser_9854dd_5.127.1.js:4
[   63015ms] [INFO] 🔒 Clerk:
The <SignIn/> component cannot render when a user is already signed in, unless the application allows multiple sessions. Since a user is signed in and this application only allows a single session, Clerk is redirecting to the `afterSignIn` URL instead.
(This notice only appears in development) @ https://healthy-snipe-46.clerk.accounts.dev/npm/@clerk/clerk-js@5.127.1/dist/ui-common_clerk.browser_9854dd_5.127.1.js:4
[   63036ms] [INFO] 🔒 Clerk:
The <SignIn/> component cannot render when a user is already signed in, unless the application allows multiple sessions. Since a user is signed in and this application only allows a single session, Clerk is redirecting to the `afterSignIn` URL instead.
(This notice only appears in development) @ https://healthy-snipe-46.clerk.accounts.dev/npm/@clerk/clerk-js@5.127.1/dist/ui-common_clerk.browser_9854dd_5.127.1.js:4
[   63054ms] [INFO] 🔒 Clerk:
The <SignIn/> component cannot render when a user is already signed in, unless the application allows multiple sessions. Since a user is signed in and this application only allows a single session, Clerk is redirecting to the `afterSignIn` URL instead.
(This notice only appears in development) @ https://healthy-snipe-46.clerk.accounts.dev/npm/@clerk/clerk-js@5.127.1/dist/ui-common_clerk.browser_9854dd_5.127.1.js:4
[   63072ms] [INFO] 🔒 Clerk:
The <SignIn/> component cannot render when a user is already signed in, unless the application allows multiple sessions. Since a user is signed in and this application only allows a single session, Clerk is redirecting to the `afterSignIn` URL instead.
(This notice only appears in development) @ https://healthy-snipe-46.clerk.accounts.dev/npm/@clerk/clerk-js@5.127.1/dist/ui-common_clerk.browser_9854dd_5.127.1.js:4
[   63094ms] [INFO] 🔒 Clerk:
The <SignIn/> component cannot render when a user is already signed in, unless the application allows multiple sessions. Since a user is signed in and this application only allows a single session, Clerk is redirecting to the `afterSignIn` URL instead.
(This notice only appears in development) @ https://healthy-snipe-46.clerk.accounts.dev/npm/@clerk/clerk-js@5.127.1/dist/ui-common_clerk.browser_9854dd_5.127.1.js:4
[   63110ms] [INFO] 🔒 Clerk:
The <SignIn/> component cannot render when a user is already signed in, unless the application allows multiple sessions. Since a user is signed in and this application only allows a single session, Clerk is redirecting to the `afterSignIn` URL instead.
(This notice only appears in development) @ https://healthy-snipe-46.clerk.accounts.dev/npm/@clerk/clerk-js@5.127.1/dist/ui-common_clerk.browser_9854dd_5.127.1.js:4
[   63128ms] [INFO] 🔒 Clerk:
The <SignIn/> component cannot render when a user is already signed in, unless the application allows multiple sessions. Since a user is signed in and this application only allows a single session, Clerk is redirecting to the `afterSignIn` URL instead.
(This notice only appears in development) @ https://healthy-snipe-46.clerk.accounts.dev/npm/@clerk/clerk-js@5.127.1/dist/ui-common_clerk.browser_9854dd_5.127.1.js:4
[   63148ms] [INFO] 🔒 Clerk:
The <SignIn/> component cannot render when a user is already signed in, unless the application allows multiple sessions. Since a user is signed in and this application only allows a single session, Clerk is redirecting to the `afterSignIn` URL instead.
(This notice only appears in development) @ https://healthy-snipe-46.clerk.accounts.dev/npm/@clerk/clerk-js@5.127.1/dist/ui-common_clerk.browser_9854dd_5.127.1.js:4
[   63153ms] [INFO] 🔒 Clerk:
The <SignIn/> component cannot render when a user is already signed in, unless the application allows multiple sessions. Since a user is signed in and this application only allows a single session, Clerk is redirecting to the `afterSignIn` URL instead.
(This notice only appears in development) @ https://healthy-snipe-46.clerk.accounts.dev/npm/@clerk/clerk-js@5.127.1/dist/ui-common_clerk.browser_9854dd_5.127.1.js:4
[   63168ms] [INFO] 🔒 Clerk:
The <SignIn/> component cannot render when a user is already signed in, unless the application allows multiple sessions. Since a user is signed in and this application only allows a single session, Clerk is redirecting to the `afterSignIn` URL instead.
(This notice only appears in development) @ https://healthy-snipe-46.clerk.accounts.dev/npm/@clerk/clerk-js@5.127.1/dist/ui-common_clerk.browser_9854dd_5.127.1.js:4
[   63183ms] [INFO] 🔒 Clerk:
The <SignIn/> component cannot render when a user is already signed in, unless the application allows multiple sessions. Since a user is signed in and this application only allows a single session, Clerk is redirecting to the `afterSignIn` URL instead.
(This notice only appears in development) @ https://healthy-snipe-46.clerk.accounts.dev/npm/@clerk/clerk-js@5.127.1/dist/ui-common_clerk.browser_9854dd_5.127.1.js:4
[   63200ms] [INFO] 🔒 Clerk:
The <SignIn/> component cannot render when a user is already signed in, unless the application allows multiple sessions. Since a user is signed in and this application only allows a single session, Clerk is redirecting to the `afterSignIn` URL instead.
(This notice only appears in development) @ https://healthy-snipe-46.clerk.accounts.dev/npm/@clerk/clerk-js@5.127.1/dist/ui-common_clerk.browser_9854dd_5.127.1.js:4
[   63214ms] [INFO] 🔒 Clerk:
The <SignIn/> component cannot render when a user is already signed in, unless the application allows multiple sessions. Since a user is signed in and this application only allows a single session, Clerk is redirecting to the `afterSignIn` URL instead.
(This notice only appears in development) @ https://healthy-snipe-46.clerk.accounts.dev/npm/@clerk/clerk-js@5.127.1/dist/ui-common_clerk.browser_9854dd_5.127.1.js:4
[   63230ms] [INFO] 🔒 Clerk:
The <SignIn/> component cannot render when a user is already signed in, unless the application allows multiple sessions. Since a user is signed in and this application only allows a single session, Clerk is redirecting to the `afterSignIn` URL instead.
(This notice only appears in development) @ https://healthy-snipe-46.clerk.accounts.dev/npm/@clerk/clerk-js@5.127.1/dist/ui-common_clerk.browser_9854dd_5.127.1.js:4
[   63245ms] [INFO] 🔒 Clerk:
The <SignIn/> component cannot render when a user is already signed in, unless the application allows multiple sessions. Since a user is signed in and this application only allows a single session, Clerk is redirecting to the `afterSignIn` URL instead.
(This notice only appears in development) @ https://healthy-snipe-46.clerk.accounts.dev/npm/@clerk/clerk-js@5.127.1/dist/ui-common_clerk.browser_9854dd_5.127.1.js:4
[   63264ms] [INFO] 🔒 Clerk:
The <SignIn/> component cannot render when a user is already signed in, unless the application allows multiple sessions. Since a user is signed in and this application only allows a single session, Clerk is redirecting to the `afterSignIn` URL instead.
(This notice only appears in development) @ https://healthy-snipe-46.clerk.accounts.dev/npm/@clerk/clerk-js@5.127.1/dist/ui-common_clerk.browser_9854dd_5.127.1.js:4
[   63268ms] [INFO] 🔒 Clerk:
The <SignIn/> component cannot render when a user is already signed in, unless the application allows multiple sessions. Since a user is signed in and this application only allows a single session, Clerk is redirecting to the `afterSignIn` URL instead.
(This notice only appears in development) @ https://healthy-snipe-46.clerk.accounts.dev/npm/@clerk/clerk-js@5.127.1/dist/ui-common_clerk.browser_9854dd_5.127.1.js:4
[   63284ms] [INFO] 🔒 Clerk:
The <SignIn/> component cannot render when a user is already signed in, unless the application allows multiple sessions. Since a user is signed in and this application only allows a single session, Clerk is redirecting to the `afterSignIn` URL instead.
(This notice only appears in development) @ https://healthy-snipe-46.clerk.accounts.dev/npm/@clerk/clerk-js@5.127.1/dist/ui-common_clerk.browser_9854dd_5.127.1.js:4
[   63303ms] [INFO] 🔒 Clerk:
The <SignIn/> component cannot render when a user is already signed in, unless the application allows multiple sessions. Since a user is signed in and this application only allows a single session, Clerk is redirecting to the `afterSignIn` URL instead.
(This notice only appears in development) @ https://healthy-snipe-46.clerk.accounts.dev/npm/@clerk/clerk-js@5.127.1/dist/ui-common_clerk.browser_9854dd_5.127.1.js:4
[   63319ms] [INFO] 🔒 Clerk:
The <SignIn/> component cannot render when a user is already signed in, unless the application allows multiple sessions. Since a user is signed in and this application only allows a single session, Clerk is redirecting to the `afterSignIn` URL instead.
(This notice only appears in development) @ https://healthy-snipe-46.clerk.accounts.dev/npm/@clerk/clerk-js@5.127.1/dist/ui-common_clerk.browser_9854dd_5.127.1.js:4
[   63340ms] [INFO] 🔒 Clerk:
The <SignIn/> component cannot render when a user is already signed in, unless the application allows multiple sessions. Since a user is signed in and this application only allows a single session, Clerk is redirecting to the `afterSignIn` URL instead.
(This notice only appears in development) @ https://healthy-snipe-46.clerk.accounts.dev/npm/@clerk/clerk-js@5.127.1/dist/ui-common_clerk.browser_9854dd_5.127.1.js:4
[   63347ms] [INFO] 🔒 Clerk:
The <SignIn/> component cannot render when a user is already signed in, unless the application allows multiple sessions. Since a user is signed in and this application only allows a single session, Clerk is redirecting to the `afterSignIn` URL instead.
(This notice only appears in development) @ https://healthy-snipe-46.clerk.accounts.dev/npm/@clerk/clerk-js@5.127.1/dist/ui-common_clerk.browser_9854dd_5.127.1.js:4
[   63368ms] [INFO] 🔒 Clerk:
The <SignIn/> component cannot render when a user is already signed in, unless the application allows multiple sessions. Since a user is signed in and this application only allows a single session, Clerk is redirecting to the `afterSignIn` URL instead.
(This notice only appears in development) @ https://healthy-snipe-46.clerk.accounts.dev/npm/@clerk/clerk-js@5.127.1/dist/ui-common_clerk.browser_9854dd_5.127.1.js:4
[   63374ms] [INFO] 🔒 Clerk:
The <SignIn/> component cannot render when a user is already signed in, unless the application allows multiple sessions. Since a user is signed in and this application only allows a single session, Clerk is redirecting to the `afterSignIn` URL instead.
(This notice only appears in development) @ https://healthy-snipe-46.clerk.accounts.dev/npm/@clerk/clerk-js@5.127.1/dist/ui-common_clerk.browser_9854dd_5.127.1.js:4
[   63398ms] [INFO] 🔒 Clerk:
The <SignIn/> component cannot render when a user is already signed in, unless the application allows multiple sessions. Since a user is signed in and this application only allows a single session, Clerk is redirecting to the `afterSignIn` URL instead.
(This notice only appears in development) @ https://healthy-snipe-46.clerk.accounts.dev/npm/@clerk/clerk-js@5.127.1/dist/ui-common_clerk.browser_9854dd_5.127.1.js:4
[   63416ms] [INFO] 🔒 Clerk:
The <SignIn/> component cannot render when a user is already signed in, unless the application allows multiple sessions. Since a user is signed in and this application only allows a single session, Clerk is redirecting to the `afterSignIn` URL instead.
(This notice only appears in development) @ https://healthy-snipe-46.clerk.accounts.dev/npm/@clerk/clerk-js@5.127.1/dist/ui-common_clerk.browser_9854dd_5.127.1.js:4
[   63422ms] [INFO] 🔒 Clerk:
The <SignIn/> component cannot render when a user is already signed in, unless the application allows multiple sessions. Since a user is signed in and this application only allows a single session, Clerk is redirecting to the `afterSignIn` URL instead.
(This notice only appears in development) @ https://healthy-snipe-46.clerk.accounts.dev/npm/@clerk/clerk-js@5.127.1/dist/ui-common_clerk.browser_9854dd_5.127.1.js:4
[   63441ms] [INFO] 🔒 Clerk:
The <SignIn/> component cannot render when a user is already signed in, unless the application allows multiple sessions. Since a user is signed in and this application only allows a single session, Clerk is redirecting to the `afterSignIn` URL instead.
(This notice only appears in development) @ https://healthy-snipe-46.clerk.accounts.dev/npm/@clerk/clerk-js@5.127.1/dist/ui-common_clerk.browser_9854dd_5.127.1.js:4
[   63456ms] [INFO] 🔒 Clerk:
The <SignIn/> component cannot render when a user is already signed in, unless the application allows multiple sessions. Since a user is signed in and this application only allows a single session, Clerk is redirecting to the `afterSignIn` URL instead.
(This notice only appears in development) @ https://healthy-snipe-46.clerk.accounts.dev/npm/@clerk/clerk-js@5.127.1/dist/ui-common_clerk.browser_9854dd_5.127.1.js:4
[   63477ms] [INFO] 🔒 Clerk:
The <SignIn/> component cannot render when a user is already signed in, unless the application allows multiple sessions. Since a user is signed in and this application only allows a single session, Clerk is redirecting to the `afterSignIn` URL instead.
(This notice only appears in development) @ https://healthy-snipe-46.clerk.accounts.dev/npm/@clerk/clerk-js@5.127.1/dist/ui-common_clerk.browser_9854dd_5.127.1.js:4
[   63495ms] [INFO] 🔒 Clerk:
The <SignIn/> component cannot render when a user is already signed in, unless the application allows multiple sessions. Since a user is signed in and this application only allows a single session, Clerk is redirecting to the `afterSignIn` URL instead.
(This notice only appears in development) @ https://healthy-snipe-46.clerk.accounts.dev/npm/@clerk/clerk-js@5.127.1/dist/ui-common_clerk.browser_9854dd_5.127.1.js:4
[   63513ms] [INFO] 🔒 Clerk:
The <SignIn/> component cannot render when a user is already signed in, unless the application allows multiple sessions. Since a user is signed in and this application only allows a single session, Clerk is redirecting to the `afterSignIn` URL instead.
(This notice only appears in development) @ https://healthy-snipe-46.clerk.accounts.dev/npm/@clerk/clerk-js@5.127.1/dist/ui-common_clerk.browser_9854dd_5.127.1.js:4
[   63530ms] [INFO] 🔒 Clerk:
The <SignIn/> component cannot render when a user is already signed in, unless the application allows multiple sessions. Since a user is signed in and this application only allows a single session, Clerk is redirecting to the `afterSignIn` URL instead.
(This notice only appears in development) @ https://healthy-snipe-46.clerk.accounts.dev/npm/@clerk/clerk-js@5.127.1/dist/ui-common_clerk.browser_9854dd_5.127.1.js:4
[   63545ms] [INFO] 🔒 Clerk:
The <SignIn/> component cannot render when a user is already signed in, unless the application allows multiple sessions. Since a user is signed in and this application only allows a single session, Clerk is redirecting to the `afterSignIn` URL instead.
(This notice only appears in development) @ https://healthy-snipe-46.clerk.accounts.dev/npm/@clerk/clerk-js@5.127.1/dist/ui-common_clerk.browser_9854dd_5.127.1.js:4
[   63563ms] [INFO] 🔒 Clerk:
The <SignIn/> component cannot render when a user is already signed in, unless the application allows multiple sessions. Since a user is signed in and this application only allows a single session, Clerk is redirecting to the `afterSignIn` URL instead.
(This notice only appears in development) @ https://healthy-snipe-46.clerk.accounts.dev/npm/@clerk/clerk-js@5.127.1/dist/ui-common_clerk.browser_9854dd_5.127.1.js:4
[   63580ms] [INFO] 🔒 Clerk:
The <SignIn/> component cannot render when a user is already signed in, unless the application allows multiple sessions. Since a user is signed in and this application only allows a single session, Clerk is redirecting to the `afterSignIn` URL instead.
(This notice only appears in development) @ https://healthy-snipe-46.clerk.accounts.dev/npm/@clerk/clerk-js@5.127.1/dist/ui-common_clerk.browser_9854dd_5.127.1.js:4
[   63596ms] [INFO] 🔒 Clerk:
The <SignIn/> component cannot render when a user is already signed in, unless the application allows multiple sessions. Since a user is signed in and this application only allows a single session, Clerk is redirecting to the `afterSignIn` URL instead.
(This notice only appears in development) @ https://healthy-snipe-46.clerk.accounts.dev/npm/@clerk/clerk-js@5.127.1/dist/ui-common_clerk.browser_9854dd_5.127.1.js:4
[   63613ms] [INFO] 🔒 Clerk:
The <SignIn/> component cannot render when a user is already signed in, unless the application allows multiple sessions. Since a user is signed in and this application only allows a single session, Clerk is redirecting to the `afterSignIn` URL instead.
(This notice only appears in development) @ https://healthy-snipe-46.clerk.accounts.dev/npm/@clerk/clerk-js@5.127.1/dist/ui-common_clerk.browser_9854dd_5.127.1.js:4
[   63632ms] [INFO] 🔒 Clerk:
The <SignIn/> component cannot render when a user is already signed in, unless the application allows multiple sessions. Since a user is signed in and this application only allows a single session, Clerk is redirecting to the `afterSignIn` URL instead.
(This notice only appears in development) @ https://healthy-snipe-46.clerk.accounts.dev/npm/@clerk/clerk-js@5.127.1/dist/ui-common_clerk.browser_9854dd_5.127.1.js:4
[   63638ms] [INFO] 🔒 Clerk:
The <SignIn/> component cannot render when a user is already signed in, unless the application allows multiple sessions. Since a user is signed in and this application only allows a single session, Clerk is redirecting to the `afterSignIn` URL instead.
(This notice only appears in development) @ https://healthy-snipe-46.clerk.accounts.dev/npm/@clerk/clerk-js@5.127.1/dist/ui-common_clerk.browser_9854dd_5.127.1.js:4
[   63660ms] [INFO] 🔒 Clerk:
The <SignIn/> component cannot render when a user is already signed in, unless the application allows multiple sessions. Since a user is signed in and this application only allows a single session, Clerk is redirecting to the `afterSignIn` URL instead.
(This notice only appears in development) @ https://healthy-snipe-46.clerk.accounts.dev/npm/@clerk/clerk-js@5.127.1/dist/ui-common_clerk.browser_9854dd_5.127.1.js:4
[   63664ms] [INFO] 🔒 Clerk:
The <SignIn/> component cannot render when a user is already signed in, unless the application allows multiple sessions. Since a user is signed in and this application only allows a single session, Clerk is redirecting to the `afterSignIn` URL instead.
(This notice only appears in development) @ https://healthy-snipe-46.clerk.accounts.dev/npm/@clerk/clerk-js@5.127.1/dist/ui-common_clerk.browser_9854dd_5.127.1.js:4
[   63680ms] [INFO] 🔒 Clerk:
The <SignIn/> component cannot render when a user is already signed in, unless the application allows multiple sessions. Since a user is signed in and this application only allows a single session, Clerk is redirecting to the `afterSignIn` URL instead.
(This notice only appears in development) @ https://healthy-snipe-46.clerk.accounts.dev/npm/@clerk/clerk-js@5.127.1/dist/ui-common_clerk.browser_9854dd_5.127.1.js:4
[   63685ms] [INFO] 🔒 Clerk:
The <SignIn/> component cannot render when a user is already signed in, unless the application allows multiple sessions. Since a user is signed in and this application only allows a single session, Clerk is redirecting to the `afterSignIn` URL instead.
(This notice only appears in development) @ https://healthy-snipe-46.clerk.accounts.dev/npm/@clerk/clerk-js@5.127.1/dist/ui-common_clerk.browser_9854dd_5.127.1.js:4
[   63706ms] [INFO] 🔒 Clerk:
The <SignIn/> component cannot render when a user is already signed in, unless the application allows multiple sessions. Since a user is signed in and this application only allows a single session, Clerk is redirecting to the `afterSignIn` URL instead.
(This notice only appears in development) @ https://healthy-snipe-46.clerk.accounts.dev/npm/@clerk/clerk-js@5.127.1/dist/ui-common_clerk.browser_9854dd_5.127.1.js:4
[   63723ms] [INFO] 🔒 Clerk:
The <SignIn/> component cannot render when a user is already signed in, unless the application allows multiple sessions. Since a user is signed in and this application only allows a single session, Clerk is redirecting to the `afterSignIn` URL instead.
(This notice only appears in development) @ https://healthy-snipe-46.clerk.accounts.dev/npm/@clerk/clerk-js@5.127.1/dist/ui-common_clerk.browser_9854dd_5.127.1.js:4
[   63745ms] [INFO] 🔒 Clerk:
The <SignIn/> component cannot render when a user is already signed in, unless the application allows multiple sessions. Since a user is signed in and this application only allows a single session, Clerk is redirecting to the `afterSignIn` URL instead.
(This notice only appears in development) @ https://healthy-snipe-46.clerk.accounts.dev/npm/@clerk/clerk-js@5.127.1/dist/ui-common_clerk.browser_9854dd_5.127.1.js:4
[   63765ms] [INFO] 🔒 Clerk:
The <SignIn/> component cannot render when a user is already signed in, unless the application allows multiple sessions. Since a user is signed in and this application only allows a single session, Clerk is redirecting to the `afterSignIn` URL instead.
(This notice only appears in development) @ https://healthy-snipe-46.clerk.accounts.dev/npm/@clerk/clerk-js@5.127.1/dist/ui-common_clerk.browser_9854dd_5.127.1.js:4
[   63782ms] [INFO] 🔒 Clerk:
The <SignIn/> component cannot render when a user is already signed in, unless the application allows multiple sessions. Since a user is signed in and this application only allows a single session, Clerk is redirecting to the `afterSignIn` URL instead.
(This notice only appears in development) @ https://healthy-snipe-46.clerk.accounts.dev/npm/@clerk/clerk-js@5.127.1/dist/ui-common_clerk.browser_9854dd_5.127.1.js:4
[   63800ms] [INFO] 🔒 Clerk:
The <SignIn/> component cannot render when a user is already signed in, unless the application allows multiple sessions. Since a user is signed in and this application only allows a single session, Clerk is redirecting to the `afterSignIn` URL instead.
(This notice only appears in development) @ https://healthy-snipe-46.clerk.accounts.dev/npm/@clerk/clerk-js@5.127.1/dist/ui-common_clerk.browser_9854dd_5.127.1.js:4
[   63815ms] [INFO] 🔒 Clerk:
The <SignIn/> component cannot render when a user is already signed in, unless the application allows multiple sessions. Since a user is signed in and this application only allows a single session, Clerk is redirecting to the `afterSignIn` URL instead.
(This notice only appears in development) @ https://healthy-snipe-46.clerk.accounts.dev/npm/@clerk/clerk-js@5.127.1/dist/ui-common_clerk.browser_9854dd_5.127.1.js:4
[   63832ms] [INFO] 🔒 Clerk:
The <SignIn/> component cannot render when a user is already signed in, unless the application allows multiple sessions. Since a user is signed in and this application only allows a single session, Clerk is redirecting to the `afterSignIn` URL instead.
(This notice only appears in development) @ https://healthy-snipe-46.clerk.accounts.dev/npm/@clerk/clerk-js@5.127.1/dist/ui-common_clerk.browser_9854dd_5.127.1.js:4
[   63845ms] [INFO] 🔒 Clerk:
The <SignIn/> component cannot render when a user is already signed in, unless the application allows multiple sessions. Since a user is signed in and this application only allows a single session, Clerk is redirecting to the `afterSignIn` URL instead.
(This notice only appears in development) @ https://healthy-snipe-46.clerk.accounts.dev/npm/@clerk/clerk-js@5.127.1/dist/ui-common_clerk.browser_9854dd_5.127.1.js:4
[   63863ms] [INFO] 🔒 Clerk:
The <SignIn/> component cannot render when a user is already signed in, unless the application allows multiple sessions. Since a user is signed in and this application only allows a single session, Clerk is redirecting to the `afterSignIn` URL instead.
(This notice only appears in development) @ https://healthy-snipe-46.clerk.accounts.dev/npm/@clerk/clerk-js@5.127.1/dist/ui-common_clerk.browser_9854dd_5.127.1.js:4
[   63881ms] [INFO] 🔒 Clerk:
The <SignIn/> component cannot render when a user is already signed in, unless the application allows multiple sessions. Since a user is signed in and this application only allows a single session, Clerk is redirecting to the `afterSignIn` URL instead.
(This notice only appears in development) @ https://healthy-snipe-46.clerk.accounts.dev/npm/@clerk/clerk-js@5.127.1/dist/ui-common_clerk.browser_9854dd_5.127.1.js:4
[   63899ms] [INFO] 🔒 Clerk:
The <SignIn/> component cannot render when a user is already signed in, unless the application allows multiple sessions. Since a user is signed in and this application only allows a single session, Clerk is redirecting to the `afterSignIn` URL instead.
(This notice only appears in development) @ https://healthy-snipe-46.clerk.accounts.dev/npm/@clerk/clerk-js@5.127.1/dist/ui-common_clerk.browser_9854dd_5.127.1.js:4
[   63916ms] [INFO] 🔒 Clerk:
The <SignIn/> component cannot render when a user is already signed in, unless the application allows multiple sessions. Since a user is signed in and this application only allows a single session, Clerk is redirecting to the `afterSignIn` URL instead.
(This notice only appears in development) @ https://healthy-snipe-46.clerk.accounts.dev/npm/@clerk/clerk-js@5.127.1/dist/ui-common_clerk.browser_9854dd_5.127.1.js:4
[   63935ms] [INFO] 🔒 Clerk:
The <SignIn/> component cannot render when a user is already signed in, unless the application allows multiple sessions. Since a user is signed in and this application only allows a single session, Clerk is redirecting to the `afterSignIn` URL instead.
(This notice only appears in development) @ https://healthy-snipe-46.clerk.accounts.dev/npm/@clerk/clerk-js@5.127.1/dist/ui-common_clerk.browser_9854dd_5.127.1.js:4
[   63951ms] [INFO] 🔒 Clerk:
The <SignIn/> component cannot render when a user is already signed in, unless the application allows multiple sessions. Since a user is signed in and this application only allows a single session, Clerk is redirecting to the `afterSignIn` URL instead.
(This notice only appears in development) @ https://healthy-snipe-46.clerk.accounts.dev/npm/@clerk/clerk-js@5.127.1/dist/ui-common_clerk.browser_9854dd_5.127.1.js:4
[   63971ms] [INFO] 🔒 Clerk:
The <SignIn/> component cannot render when a user is already signed in, unless the application allows multiple sessions. Since a user is signed in and this application only allows a single session, Clerk is redirecting to the `afterSignIn` URL instead.
(This notice only appears in development) @ https://healthy-snipe-46.clerk.accounts.dev/npm/@clerk/clerk-js@5.127.1/dist/ui-common_clerk.browser_9854dd_5.127.1.js:4
[   63987ms] [INFO] 🔒 Clerk:
The <SignIn/> component cannot render when a user is already signed in, unless the application allows multiple sessions. Since a user is signed in and this application only allows a single session, Clerk is redirecting to the `afterSignIn` URL instead.
(This notice only appears in development) @ https://healthy-snipe-46.clerk.accounts.dev/npm/@clerk/clerk-js@5.127.1/dist/ui-common_clerk.browser_9854dd_5.127.1.js:4
[   64007ms] [INFO] 🔒 Clerk:
The <SignIn/> component cannot render when a user is already signed in, unless the application allows multiple sessions. Since a user is signed in and this application only allows a single session, Clerk is redirecting to the `afterSignIn` URL instead.
(This notice only appears in development) @ https://healthy-snipe-46.clerk.accounts.dev/npm/@clerk/clerk-js@5.127.1/dist/ui-common_clerk.browser_9854dd_5.127.1.js:4
[   64027ms] [INFO] 🔒 Clerk:
The <SignIn/> component cannot render when a user is already signed in, unless the application allows multiple sessions. Since a user is signed in and this application only allows a single session, Clerk is redirecting to the `afterSignIn` URL instead.
(This notice only appears in development) @ https://healthy-snipe-46.clerk.accounts.dev/npm/@clerk/clerk-js@5.127.1/dist/ui-common_clerk.browser_9854dd_5.127.1.js:4
[   64047ms] [INFO] 🔒 Clerk:
The <SignIn/> component cannot render when a user is already signed in, unless the application allows multiple sessions. Since a user is signed in and this application only allows a single session, Clerk is redirecting to the `afterSignIn` URL instead.
(This notice only appears in development) @ https://healthy-snipe-46.clerk.accounts.dev/npm/@clerk/clerk-js@5.127.1/dist/ui-common_clerk.browser_9854dd_5.127.1.js:4
[   64066ms] [INFO] 🔒 Clerk:
The <SignIn/> component cannot render when a user is already signed in, unless the application allows multiple sessions. Since a user is signed in and this application only allows a single session, Clerk is redirecting to the `afterSignIn` URL instead.
(This notice only appears in development) @ https://healthy-snipe-46.clerk.accounts.dev/npm/@clerk/clerk-js@5.127.1/dist/ui-common_clerk.browser_9854dd_5.127.1.js:4
[   64087ms] [INFO] 🔒 Clerk:
The <SignIn/> component cannot render when a user is already signed in, unless the application allows multiple sessions. Since a user is signed in and this application only allows a single session, Clerk is redirecting to the `afterSignIn` URL instead.
(This notice only appears in development) @ https://healthy-snipe-46.clerk.accounts.dev/npm/@clerk/clerk-js@5.127.1/dist/ui-common_clerk.browser_9854dd_5.127.1.js:4
[   64106ms] [INFO] 🔒 Clerk:
The <SignIn/> component cannot render when a user is already signed in, unless the application allows multiple sessions. Since a user is signed in and this application only allows a single session, Clerk is redirecting to the `afterSignIn` URL instead.
(This notice only appears in development) @ https://healthy-snipe-46.clerk.accounts.dev/npm/@clerk/clerk-js@5.127.1/dist/ui-common_clerk.browser_9854dd_5.127.1.js:4
[   64131ms] [INFO] 🔒 Clerk:
The <SignIn/> component cannot render when a user is already signed in, unless the application allows multiple sessions. Since a user is signed in and this application only allows a single session, Clerk is redirecting to the `afterSignIn` URL instead.
(This notice only appears in development) @ https://healthy-snipe-46.clerk.accounts.dev/npm/@clerk/clerk-js@5.127.1/dist/ui-common_clerk.browser_9854dd_5.127.1.js:4
[   64150ms] [INFO] 🔒 Clerk:
The <SignIn/> component cannot render when a user is already signed in, unless the application allows multiple sessions. Since a user is signed in and this application only allows a single session, Clerk is redirecting to the `afterSignIn` URL instead.
(This notice only appears in development) @ https://healthy-snipe-46.clerk.accounts.dev/npm/@clerk/clerk-js@5.127.1/dist/ui-common_clerk.browser_9854dd_5.127.1.js:4
[   64168ms] [INFO] 🔒 Clerk:
The <SignIn/> component cannot render when a user is already signed in, unless the application allows multiple sessions. Since a user is signed in and this application only allows a single session, Clerk is redirecting to the `afterSignIn` URL instead.
(This notice only appears in development) @ https://healthy-snipe-46.clerk.accounts.dev/npm/@clerk/clerk-js@5.127.1/dist/ui-common_clerk.browser_9854dd_5.127.1.js:4
[   64184ms] [INFO] 🔒 Clerk:
The <SignIn/> component cannot render when a user is already signed in, unless the application allows multiple sessions. Since a user is signed in and this application only allows a single session, Clerk is redirecting to the `afterSignIn` URL instead.
(This notice only appears in development) @ https://healthy-snipe-46.clerk.accounts.dev/npm/@clerk/clerk-js@5.127.1/dist/ui-common_clerk.browser_9854dd_5.127.1.js:4
[   64199ms] [INFO] 🔒 Clerk:
The <SignIn/> component cannot render when a user is already signed in, unless the application allows multiple sessions. Since a user is signed in and this application only allows a single session, Clerk is redirecting to the `afterSignIn` URL instead.
(This notice only appears in development) @ https://healthy-snipe-46.clerk.accounts.dev/npm/@clerk/clerk-js@5.127.1/dist/ui-common_clerk.browser_9854dd_5.127.1.js:4
[   64213ms] [INFO] 🔒 Clerk:
The <SignIn/> component cannot render when a user is already signed in, unless the application allows multiple sessions. Since a user is signed in and this application only allows a single session, Clerk is redirecting to the `afterSignIn` URL instead.
(This notice only appears in development) @ https://healthy-snipe-46.clerk.accounts.dev/npm/@clerk/clerk-js@5.127.1/dist/ui-common_clerk.browser_9854dd_5.127.1.js:4
[   64228ms] [INFO] 🔒 Clerk:
The <SignIn/> component cannot render when a user is already signed in, unless the application allows multiple sessions. Since a user is signed in and this application only allows a single session, Clerk is redirecting to the `afterSignIn` URL instead.
(This notice only appears in development) @ https://healthy-snipe-46.clerk.accounts.dev/npm/@clerk/clerk-js@5.127.1/dist/ui-common_clerk.browser_9854dd_5.127.1.js:4
[   64246ms] [INFO] 🔒 Clerk:
The <SignIn/> component cannot render when a user is already signed in, unless the application allows multiple sessions. Since a user is signed in and this application only allows a single session, Clerk is redirecting to the `afterSignIn` URL instead.
(This notice only appears in development) @ https://healthy-snipe-46.clerk.accounts.dev/npm/@clerk/clerk-js@5.127.1/dist/ui-common_clerk.browser_9854dd_5.127.1.js:4
[   64273ms] [INFO] 🔒 Clerk:
The <SignIn/> component cannot render when a user is already signed in, unless the application allows multiple sessions. Since a user is signed in and this application only allows a single session, Clerk is redirecting to the `afterSignIn` URL instead.
(This notice only appears in development) @ https://healthy-snipe-46.clerk.accounts.dev/npm/@clerk/clerk-js@5.127.1/dist/ui-common_clerk.browser_9854dd_5.127.1.js:4
[   64278ms] [INFO] 🔒 Clerk:
The <SignIn/> component cannot render when a user is already signed in, unless the application allows multiple sessions. Since a user is signed in and this application only allows a single session, Clerk is redirecting to the `afterSignIn` URL instead.
(This notice only appears in development) @ https://healthy-snipe-46.clerk.accounts.dev/npm/@clerk/clerk-js@5.127.1/dist/ui-common_clerk.browser_9854dd_5.127.1.js:4
[   64292ms] [INFO] 🔒 Clerk:
The <SignIn/> component cannot render when a user is already signed in, unless the application allows multiple sessions. Since a user is signed in and this application only allows a single session, Clerk is redirecting to the `afterSignIn` URL instead.
(This notice only appears in development) @ https://healthy-snipe-46.clerk.accounts.dev/npm/@clerk/clerk-js@5.127.1/dist/ui-common_clerk.browser_9854dd_5.127.1.js:4
[   64306ms] [INFO] 🔒 Clerk:
The <SignIn/> component cannot render when a user is already signed in, unless the application allows multiple sessions. Since a user is signed in and this application only allows a single session, Clerk is redirecting to the `afterSignIn` URL instead.
(This notice only appears in development) @ https://healthy-snipe-46.clerk.accounts.dev/npm/@clerk/clerk-js@5.127.1/dist/ui-common_clerk.browser_9854dd_5.127.1.js:4
[   64328ms] [INFO] 🔒 Clerk:
The <SignIn/> component cannot render when a user is already signed in, unless the application allows multiple sessions. Since a user is signed in and this application only allows a single session, Clerk is redirecting to the `afterSignIn` URL instead.
(This notice only appears in development) @ https://healthy-snipe-46.clerk.accounts.dev/npm/@clerk/clerk-js@5.127.1/dist/ui-common_clerk.browser_9854dd_5.127.1.js:4
[   64347ms] [INFO] 🔒 Clerk:
The <SignIn/> component cannot render when a user is already signed in, unless the application allows multiple sessions. Since a user is signed in and this application only allows a single session, Clerk is redirecting to the `afterSignIn` URL instead.
(This notice only appears in development) @ https://healthy-snipe-46.clerk.accounts.dev/npm/@clerk/clerk-js@5.127.1/dist/ui-common_clerk.browser_9854dd_5.127.1.js:4
[   64366ms] [INFO] 🔒 Clerk:
The <SignIn/> component cannot render when a user is already signed in, unless the application allows multiple sessions. Since a user is signed in and this application only allows a single session, Clerk is redirecting to the `afterSignIn` URL instead.
(This notice only appears in development) @ https://healthy-snipe-46.clerk.accounts.dev/npm/@clerk/clerk-js@5.127.1/dist/ui-common_clerk.browser_9854dd_5.127.1.js:4
[   64381ms] [INFO] 🔒 Clerk:
The <SignIn/> component cannot render when a user is already signed in, unless the application allows multiple sessions. Since a user is signed in and this application only allows a single session, Clerk is redirecting to the `afterSignIn` URL instead.
(This notice only appears in development) @ https://healthy-snipe-46.clerk.accounts.dev/npm/@clerk/clerk-js@5.127.1/dist/ui-common_clerk.browser_9854dd_5.127.1.js:4
[   64395ms] [INFO] 🔒 Clerk:
The <SignIn/> component cannot render when a user is already signed in, unless the application allows multiple sessions. Since a user is signed in and this application only allows a single session, Clerk is redirecting to the `afterSignIn` URL instead.
(This notice only appears in development) @ https://healthy-snipe-46.clerk.accounts.dev/npm/@clerk/clerk-js@5.127.1/dist/ui-common_clerk.browser_9854dd_5.127.1.js:4
[   64407ms] [INFO] 🔒 Clerk:
The <SignIn/> component cannot render when a user is already signed in, unless the application allows multiple sessions. Since a user is signed in and this application only allows a single session, Clerk is redirecting to the `afterSignIn` URL instead.
(This notice only appears in development) @ https://healthy-snipe-46.clerk.accounts.dev/npm/@clerk/clerk-js@5.127.1/dist/ui-common_clerk.browser_9854dd_5.127.1.js:4
[   64421ms] [INFO] 🔒 Clerk:
The <SignIn/> component cannot render when a user is already signed in, unless the application allows multiple sessions. Since a user is signed in and this application only allows a single session, Clerk is redirecting to the `afterSignIn` URL instead.
(This notice only appears in development) @ https://healthy-snipe-46.clerk.accounts.dev/npm/@clerk/clerk-js@5.127.1/dist/ui-common_clerk.browser_9854dd_5.127.1.js:4
[   64435ms] [INFO] 🔒 Clerk:
The <SignIn/> component cannot render when a user is already signed in, unless the application allows multiple sessions. Since a user is signed in and this application only allows a single session, Clerk is redirecting to the `afterSignIn` URL instead.
(This notice only appears in development) @ https://healthy-snipe-46.clerk.accounts.dev/npm/@clerk/clerk-js@5.127.1/dist/ui-common_clerk.browser_9854dd_5.127.1.js:4
[   64451ms] [INFO] 🔒 Clerk:
The <SignIn/> component cannot render when a user is already signed in, unless the application allows multiple sessions. Since a user is signed in and this application only allows a single session, Clerk is redirecting to the `afterSignIn` URL instead.
(This notice only appears in development) @ https://healthy-snipe-46.clerk.accounts.dev/npm/@clerk/clerk-js@5.127.1/dist/ui-common_clerk.browser_9854dd_5.127.1.js:4
[   64489ms] [INFO] 🔒 Clerk:
The <SignIn/> component cannot render when a user is already signed in, unless the application allows multiple sessions. Since a user is signed in and this application only allows a single session, Clerk is redirecting to the `afterSignIn` URL instead.
(This notice only appears in development) @ https://healthy-snipe-46.clerk.accounts.dev/npm/@clerk/clerk-js@5.127.1/dist/ui-common_clerk.browser_9854dd_5.127.1.js:4
[   64515ms] [INFO] 🔒 Clerk:
The <SignIn/> component cannot render when a user is already signed in, unless the application allows multiple sessions. Since a user is signed in and this application only allows a single session, Clerk is redirecting to the `afterSignIn` URL instead.
(This notice only appears in development) @ https://healthy-snipe-46.clerk.accounts.dev/npm/@clerk/clerk-js@5.127.1/dist/ui-common_clerk.browser_9854dd_5.127.1.js:4
[   64530ms] [INFO] 🔒 Clerk:
The <SignIn/> component cannot render when a user is already signed in, unless the application allows multiple sessions. Since a user is signed in and this application only allows a single session, Clerk is redirecting to the `afterSignIn` URL instead.
(This notice only appears in development) @ https://healthy-snipe-46.clerk.accounts.dev/npm/@clerk/clerk-js@5.127.1/dist/ui-common_clerk.browser_9854dd_5.127.1.js:4
[   64550ms] [INFO] 🔒 Clerk:
The <SignIn/> component cannot render when a user is already signed in, unless the application allows multiple sessions. Since a user is signed in and this application only allows a single session, Clerk is redirecting to the `afterSignIn` URL instead.
(This notice only appears in development) @ https://healthy-snipe-46.clerk.accounts.dev/npm/@clerk/clerk-js@5.127.1/dist/ui-common_clerk.browser_9854dd_5.127.1.js:4
[   64563ms] [INFO] 🔒 Clerk:
The <SignIn/> component cannot render when a user is already signed in, unless the application allows multiple sessions. Since a user is signed in and this application only allows a single session, Clerk is redirecting to the `afterSignIn` URL instead.
(This notice only appears in development) @ https://healthy-snipe-46.clerk.accounts.dev/npm/@clerk/clerk-js@5.127.1/dist/ui-common_clerk.browser_9854dd_5.127.1.js:4
[   64573ms] [INFO] 🔒 Clerk:
The <SignIn/> component cannot render when a user is already signed in, unless the application allows multiple sessions. Since a user is signed in and this application only allows a single session, Clerk is redirecting to the `afterSignIn` URL instead.
(This notice only appears in development) @ https://healthy-snipe-46.clerk.accounts.dev/npm/@clerk/clerk-js@5.127.1/dist/ui-common_clerk.browser_9854dd_5.127.1.js:4
[   64600ms] [INFO] 🔒 Clerk:
The <SignIn/> component cannot render when a user is already signed in, unless the application allows multiple sessions. Since a user is signed in and this application only allows a single session, Clerk is redirecting to the `afterSignIn` URL instead.
(This notice only appears in development) @ https://healthy-snipe-46.clerk.accounts.dev/npm/@clerk/clerk-js@5.127.1/dist/ui-common_clerk.browser_9854dd_5.127.1.js:4
[   64620ms] [INFO] 🔒 Clerk:
The <SignIn/> component cannot render when a user is already signed in, unless the application allows multiple sessions. Since a user is signed in and this application only allows a single session, Clerk is redirecting to the `afterSignIn` URL instead.
(This notice only appears in development) @ https://healthy-snipe-46.clerk.accounts.dev/npm/@clerk/clerk-js@5.127.1/dist/ui-common_clerk.browser_9854dd_5.127.1.js:4
[   64634ms] [INFO] 🔒 Clerk:
The <SignIn/> component cannot render when a user is already signed in, unless the application allows multiple sessions. Since a user is signed in and this application only allows a single session, Clerk is redirecting to the `afterSignIn` URL instead.
(This notice only appears in development) @ https://healthy-snipe-46.clerk.accounts.dev/npm/@clerk/clerk-js@5.127.1/dist/ui-common_clerk.browser_9854dd_5.127.1.js:4
[   64645ms] [INFO] 🔒 Clerk:
The <SignIn/> component cannot render when a user is already signed in, unless the application allows multiple sessions. Since a user is signed in and this application only allows a single session, Clerk is redirecting to the `afterSignIn` URL instead.
(This notice only appears in development) @ https://healthy-snipe-46.clerk.accounts.dev/npm/@clerk/clerk-js@5.127.1/dist/ui-common_clerk.browser_9854dd_5.127.1.js:4
[   64661ms] [INFO] 🔒 Clerk:
The <SignIn/> component cannot render when a user is already signed in, unless the application allows multiple sessions. Since a user is signed in and this application only allows a single session, Clerk is redirecting to the `afterSignIn` URL instead.
(This notice only appears in development) @ https://healthy-snipe-46.clerk.accounts.dev/npm/@clerk/clerk-js@5.127.1/dist/ui-common_clerk.browser_9854dd_5.127.1.js:4
[   64676ms] [INFO] 🔒 Clerk:
The <SignIn/> component cannot render when a user is already signed in, unless the application allows multiple sessions. Since a user is signed in and this application only allows a single session, Clerk is redirecting to the `afterSignIn` URL instead.
(This notice only appears in development) @ https://healthy-snipe-46.clerk.accounts.dev/npm/@clerk/clerk-js@5.127.1/dist/ui-common_clerk.browser_9854dd_5.127.1.js:4
[   64687ms] [INFO] 🔒 Clerk:
The <SignIn/> component cannot render when a user is already signed in, unless the application allows multiple sessions. Since a user is signed in and this application only allows a single session, Clerk is redirecting to the `afterSignIn` URL instead.
(This notice only appears in development) @ https://healthy-snipe-46.clerk.accounts.dev/npm/@clerk/clerk-js@5.127.1/dist/ui-common_clerk.browser_9854dd_5.127.1.js:4
[   64699ms] [INFO] 🔒 Clerk:
The <SignIn/> component cannot render when a user is already signed in, unless the application allows multiple sessions. Since a user is signed in and this application only allows a single session, Clerk is redirecting to the `afterSignIn` URL instead.
(This notice only appears in development) @ https://healthy-snipe-46.clerk.accounts.dev/npm/@clerk/clerk-js@5.127.1/dist/ui-common_clerk.browser_9854dd_5.127.1.js:4
[   64711ms] [INFO] 🔒 Clerk:
The <SignIn/> component cannot render when a user is already signed in, unless the application allows multiple sessions. Since a user is signed in and this application only allows a single session, Clerk is redirecting to the `afterSignIn` URL instead.
(This notice only appears in development) @ https://healthy-snipe-46.clerk.accounts.dev/npm/@clerk/clerk-js@5.127.1/dist/ui-common_clerk.browser_9854dd_5.127.1.js:4
[   64724ms] [INFO] 🔒 Clerk:
The <SignIn/> component cannot render when a user is already signed in, unless the application allows multiple sessions. Since a user is signed in and this application only allows a single session, Clerk is redirecting to the `afterSignIn` URL instead.
(This notice only appears in development) @ https://healthy-snipe-46.clerk.accounts.dev/npm/@clerk/clerk-js@5.127.1/dist/ui-common_clerk.browser_9854dd_5.127.1.js:4
[   64739ms] [INFO] 🔒 Clerk:
The <SignIn/> component cannot render when a user is already signed in, unless the application allows multiple sessions. Since a user is signed in and this application only allows a single session, Clerk is redirecting to the `afterSignIn` URL instead.
(This notice only appears in development) @ https://healthy-snipe-46.clerk.accounts.dev/npm/@clerk/clerk-js@5.127.1/dist/ui-common_clerk.browser_9854dd_5.127.1.js:4
[   64751ms] [INFO] 🔒 Clerk:
The <SignIn/> component cannot render when a user is already signed in, unless the application allows multiple sessions. Since a user is signed in and this application only allows a single session, Clerk is redirecting to the `afterSignIn` URL instead.
(This notice only appears in development) @ https://healthy-snipe-46.clerk.accounts.dev/npm/@clerk/clerk-js@5.127.1/dist/ui-common_clerk.browser_9854dd_5.127.1.js:4
[   64765ms] [INFO] 🔒 Clerk:
The <SignIn/> component cannot render when a user is already signed in, unless the application allows multiple sessions. Since a user is signed in and this application only allows a single session, Clerk is redirecting to the `afterSignIn` URL instead.
(This notice only appears in development) @ https://healthy-snipe-46.clerk.accounts.dev/npm/@clerk/clerk-js@5.127.1/dist/ui-common_clerk.browser_9854dd_5.127.1.js:4
[   64777ms] [INFO] 🔒 Clerk:
The <SignIn/> component cannot render when a user is already signed in, unless the application allows multiple sessions. Since a user is signed in and this application only allows a single session, Clerk is redirecting to the `afterSignIn` URL instead.
(This notice only appears in development) @ https://healthy-snipe-46.clerk.accounts.dev/npm/@clerk/clerk-js@5.127.1/dist/ui-common_clerk.browser_9854dd_5.127.1.js:4
[   64789ms] [INFO] 🔒 Clerk:
The <SignIn/> component cannot render when a user is already signed in, unless the application allows multiple sessions. Since a user is signed in and this application only allows a single session, Clerk is redirecting to the `afterSignIn` URL instead.
(This notice only appears in development) @ https://healthy-snipe-46.clerk.accounts.dev/npm/@clerk/clerk-js@5.127.1/dist/ui-common_clerk.browser_9854dd_5.127.1.js:4
[   64801ms] [INFO] 🔒 Clerk:
The <SignIn/> component cannot render when a user is already signed in, unless the application allows multiple sessions. Since a user is signed in and this application only allows a single session, Clerk is redirecting to the `afterSignIn` URL instead.
(This notice only appears in development) @ https://healthy-snipe-46.clerk.accounts.dev/npm/@clerk/clerk-js@5.127.1/dist/ui-common_clerk.browser_9854dd_5.127.1.js:4
[   64814ms] [INFO] 🔒 Clerk:
The <SignIn/> component cannot render when a user is already signed in, unless the application allows multiple sessions. Since a user is signed in and this application only allows a single session, Clerk is redirecting to the `afterSignIn` URL instead.
(This notice only appears in development) @ https://healthy-snipe-46.clerk.accounts.dev/npm/@clerk/clerk-js@5.127.1/dist/ui-common_clerk.browser_9854dd_5.127.1.js:4
[   64827ms] [INFO] 🔒 Clerk:
The <SignIn/> component cannot render when a user is already signed in, unless the application allows multiple sessions. Since a user is signed in and this application only allows a single session, Clerk is redirecting to the `afterSignIn` URL instead.
(This notice only appears in development) @ https://healthy-snipe-46.clerk.accounts.dev/npm/@clerk/clerk-js@5.127.1/dist/ui-common_clerk.browser_9854dd_5.127.1.js:4
[   64837ms] [INFO] 🔒 Clerk:
The <SignIn/> component cannot render when a user is already signed in, unless the application allows multiple sessions. Since a user is signed in and this application only allows a single session, Clerk is redirecting to the `afterSignIn` URL instead.
(This notice only appears in development) @ https://healthy-snipe-46.clerk.accounts.dev/npm/@clerk/clerk-js@5.127.1/dist/ui-common_clerk.browser_9854dd_5.127.1.js:4
[   64851ms] [INFO] 🔒 Clerk:
The <SignIn/> component cannot render when a user is already signed in, unless the application allows multiple sessions. Since a user is signed in and this application only allows a single session, Clerk is redirecting to the `afterSignIn` URL instead.
(This notice only appears in development) @ https://healthy-snipe-46.clerk.accounts.dev/npm/@clerk/clerk-js@5.127.1/dist/ui-common_clerk.browser_9854dd_5.127.1.js:4
[   64865ms] [INFO] 🔒 Clerk:
The <SignIn/> component cannot render when a user is already signed in, unless the application allows multiple sessions. Since a user is signed in and this application only allows a single session, Clerk is redirecting to the `afterSignIn` URL instead.
(This notice only appears in development) @ https://healthy-snipe-46.clerk.accounts.dev/npm/@clerk/clerk-js@5.127.1/dist/ui-common_clerk.browser_9854dd_5.127.1.js:4
[   64877ms] [INFO] 🔒 Clerk:
The <SignIn/> component cannot render when a user is already signed in, unless the application allows multiple sessions. Since a user is signed in and this application only allows a single session, Clerk is redirecting to the `afterSignIn` URL instead.
(This notice only appears in development) @ https://healthy-snipe-46.clerk.accounts.dev/npm/@clerk/clerk-js@5.127.1/dist/ui-common_clerk.browser_9854dd_5.127.1.js:4
[   64890ms] [INFO] 🔒 Clerk:
The <SignIn/> component cannot render when a user is already signed in, unless the application allows multiple sessions. Since a user is signed in and this application only allows a single session, Clerk is redirecting to the `afterSignIn` URL instead.
(This notice only appears in development) @ https://healthy-snipe-46.clerk.accounts.dev/npm/@clerk/clerk-js@5.127.1/dist/ui-common_clerk.browser_9854dd_5.127.1.js:4
[   64902ms] [INFO] 🔒 Clerk:
The <SignIn/> component cannot render when a user is already signed in, unless the application allows multiple sessions. Since a user is signed in and this application only allows a single session, Clerk is redirecting to the `afterSignIn` URL instead.
(This notice only appears in development) @ https://healthy-snipe-46.clerk.accounts.dev/npm/@clerk/clerk-js@5.127.1/dist/ui-common_clerk.browser_9854dd_5.127.1.js:4
[   64915ms] [INFO] 🔒 Clerk:
The <SignIn/> component cannot render when a user is already signed in, unless the application allows multiple sessions. Since a user is signed in and this application only allows a single session, Clerk is redirecting to the `afterSignIn` URL instead.
(This notice only appears in development) @ https://healthy-snipe-46.clerk.accounts.dev/npm/@clerk/clerk-js@5.127.1/dist/ui-common_clerk.browser_9854dd_5.127.1.js:4
[   64929ms] [INFO] 🔒 Clerk:
The <SignIn/> component cannot render when a user is already signed in, unless the application allows multiple sessions. Since a user is signed in and this application only allows a single session, Clerk is redirecting to the `afterSignIn` URL instead.
(This notice only appears in development) @ https://healthy-snipe-46.clerk.accounts.dev/npm/@clerk/clerk-js@5.127.1/dist/ui-common_clerk.browser_9854dd_5.127.1.js:4
[   64940ms] [INFO] 🔒 Clerk:
The <SignIn/> component cannot render when a user is already signed in, unless the application allows multiple sessions. Since a user is signed in and this application only allows a single session, Clerk is redirecting to the `afterSignIn` URL instead.
(This notice only appears in development) @ https://healthy-snipe-46.clerk.accounts.dev/npm/@clerk/clerk-js@5.127.1/dist/ui-common_clerk.browser_9854dd_5.127.1.js:4
[   64952ms] [INFO] 🔒 Clerk:
The <SignIn/> component cannot render when a user is already signed in, unless the application allows multiple sessions. Since a user is signed in and this application only allows a single session, Clerk is redirecting to the `afterSignIn` URL instead.
(This notice only appears in development) @ https://healthy-snipe-46.clerk.accounts.dev/npm/@clerk/clerk-js@5.127.1/dist/ui-common_clerk.browser_9854dd_5.127.1.js:4
[   64965ms] [INFO] 🔒 Clerk:
The <SignIn/> component cannot render when a user is already signed in, unless the application allows multiple sessions. Since a user is signed in and this application only allows a single session, Clerk is redirecting to the `afterSignIn` URL instead.
(This notice only appears in development) @ https://healthy-snipe-46.clerk.accounts.dev/npm/@clerk/clerk-js@5.127.1/dist/ui-common_clerk.browser_9854dd_5.127.1.js:4
[   64980ms] [INFO] 🔒 Clerk:
The <SignIn/> component cannot render when a user is already signed in, unless the application allows multiple sessions. Since a user is signed in and this application only allows a single session, Clerk is redirecting to the `afterSignIn` URL instead.
(This notice only appears in development) @ https://healthy-snipe-46.clerk.accounts.dev/npm/@clerk/clerk-js@5.127.1/dist/ui-common_clerk.browser_9854dd_5.127.1.js:4
[   64989ms] [INFO] 🔒 Clerk:
The <SignIn/> component cannot render when a user is already signed in, unless the application allows multiple sessions. Since a user is signed in and this application only allows a single session, Clerk is redirecting to the `afterSignIn` URL instead.
(This notice only appears in development) @ https://healthy-snipe-46.clerk.accounts.dev/npm/@clerk/clerk-js@5.127.1/dist/ui-common_clerk.browser_9854dd_5.127.1.js:4
[   65002ms] [INFO] 🔒 Clerk:
The <SignIn/> component cannot render when a user is already signed in, unless the application allows multiple sessions. Since a user is signed in and this application only allows a single session, Clerk is redirecting to the `afterSignIn` URL instead.
(This notice only appears in development) @ https://healthy-snipe-46.clerk.accounts.dev/npm/@clerk/clerk-js@5.127.1/dist/ui-common_clerk.browser_9854dd_5.127.1.js:4
[   65017ms] [INFO] 🔒 Clerk:
The <SignIn/> component cannot render when a user is already signed in, unless the application allows multiple sessions. Since a user is signed in and this application only allows a single session, Clerk is redirecting to the `afterSignIn` URL instead.
(This notice only appears in development) @ https://healthy-snipe-46.clerk.accounts.dev/npm/@clerk/clerk-js@5.127.1/dist/ui-common_clerk.browser_9854dd_5.127.1.js:4
[   65028ms] [INFO] 🔒 Clerk:
The <SignIn/> component cannot render when a user is already signed in, unless the application allows multiple sessions. Since a user is signed in and this application only allows a single session, Clerk is redirecting to the `afterSignIn` URL instead.
(This notice only appears in development) @ https://healthy-snipe-46.clerk.accounts.dev/npm/@clerk/clerk-js@5.127.1/dist/ui-common_clerk.browser_9854dd_5.127.1.js:4
[   65038ms] [INFO] 🔒 Clerk:
The <SignIn/> component cannot render when a user is already signed in, unless the application allows multiple sessions. Since a user is signed in and this application only allows a single session, Clerk is redirecting to the `afterSignIn` URL instead.
(This notice only appears in development) @ https://healthy-snipe-46.clerk.accounts.dev/npm/@clerk/clerk-js@5.127.1/dist/ui-common_clerk.browser_9854dd_5.127.1.js:4
[   65051ms] [INFO] 🔒 Clerk:
The <SignIn/> component cannot render when a user is already signed in, unless the application allows multiple sessions. Since a user is signed in and this application only allows a single session, Clerk is redirecting to the `afterSignIn` URL instead.
(This notice only appears in development) @ https://healthy-snipe-46.clerk.accounts.dev/npm/@clerk/clerk-js@5.127.1/dist/ui-common_clerk.browser_9854dd_5.127.1.js:4
[   65060ms] [INFO] 🔒 Clerk:
The <SignIn/> component cannot render when a user is already signed in, unless the application allows multiple sessions. Since a user is signed in and this application only allows a single session, Clerk is redirecting to the `afterSignIn` URL instead.
(This notice only appears in development) @ https://healthy-snipe-46.clerk.accounts.dev/npm/@clerk/clerk-js@5.127.1/dist/ui-common_clerk.browser_9854dd_5.127.1.js:4
[   65072ms] [INFO] 🔒 Clerk:
The <SignIn/> component cannot render when a user is already signed in, unless the application allows multiple sessions. Since a user is signed in and this application only allows a single session, Clerk is redirecting to the `afterSignIn` URL instead.
(This notice only appears in development) @ https://healthy-snipe-46.clerk.accounts.dev/npm/@clerk/clerk-js@5.127.1/dist/ui-common_clerk.browser_9854dd_5.127.1.js:4
[   65086ms] [INFO] 🔒 Clerk:
The <SignIn/> component cannot render when a user is already signed in, unless the application allows multiple sessions. Since a user is signed in and this application only allows a single session, Clerk is redirecting to the `afterSignIn` URL instead.
(This notice only appears in development) @ https://healthy-snipe-46.clerk.accounts.dev/npm/@clerk/clerk-js@5.127.1/dist/ui-common_clerk.browser_9854dd_5.127.1.js:4
[   65097ms] [INFO] 🔒 Clerk:
The <SignIn/> component cannot render when a user is already signed in, unless the application allows multiple sessions. Since a user is signed in and this application only allows a single session, Clerk is redirecting to the `afterSignIn` URL instead.
(This notice only appears in development) @ https://healthy-snipe-46.clerk.accounts.dev/npm/@clerk/clerk-js@5.127.1/dist/ui-common_clerk.browser_9854dd_5.127.1.js:4
[   65110ms] [INFO] 🔒 Clerk:
The <SignIn/> component cannot render when a user is already signed in, unless the application allows multiple sessions. Since a user is signed in and this application only allows a single session, Clerk is redirecting to the `afterSignIn` URL instead.
(This notice only appears in development) @ https://healthy-snipe-46.clerk.accounts.dev/npm/@clerk/clerk-js@5.127.1/dist/ui-common_clerk.browser_9854dd_5.127.1.js:4
[   65124ms] [INFO] 🔒 Clerk:
The <SignIn/> component cannot render when a user is already signed in, unless the application allows multiple sessions. Since a user is signed in and this application only allows a single session, Clerk is redirecting to the `afterSignIn` URL instead.
(This notice only appears in development) @ https://healthy-snipe-46.clerk.accounts.dev/npm/@clerk/clerk-js@5.127.1/dist/ui-common_clerk.browser_9854dd_5.127.1.js:4
[   65138ms] [INFO] 🔒 Clerk:
The <SignIn/> component cannot render when a user is already signed in, unless the application allows multiple sessions. Since a user is signed in and this application only allows a single session, Clerk is redirecting to the `afterSignIn` URL instead.
(This notice only appears in development) @ https://healthy-snipe-46.clerk.accounts.dev/npm/@clerk/clerk-js@5.127.1/dist/ui-common_clerk.browser_9854dd_5.127.1.js:4
[   65153ms] [INFO] 🔒 Clerk:
The <SignIn/> component cannot render when a user is already signed in, unless the application allows multiple sessions. Since a user is signed in and this application only allows a single session, Clerk is redirecting to the `afterSignIn` URL instead.
(This notice only appears in development) @ https://healthy-snipe-46.clerk.accounts.dev/npm/@clerk/clerk-js@5.127.1/dist/ui-common_clerk.browser_9854dd_5.127.1.js:4
[   65164ms] [INFO] 🔒 Clerk:
The <SignIn/> component cannot render when a user is already signed in, unless the application allows multiple sessions. Since a user is signed in and this application only allows a single session, Clerk is redirecting to the `afterSignIn` URL instead.
(This notice only appears in development) @ https://healthy-snipe-46.clerk.accounts.dev/npm/@clerk/clerk-js@5.127.1/dist/ui-common_clerk.browser_9854dd_5.127.1.js:4
[   65175ms] [INFO] 🔒 Clerk:
The <SignIn/> component cannot render when a user is already signed in, unless the application allows multiple sessions. Since a user is signed in and this application only allows a single session, Clerk is redirecting to the `afterSignIn` URL instead.
(This notice only appears in development) @ https://healthy-snipe-46.clerk.accounts.dev/npm/@clerk/clerk-js@5.127.1/dist/ui-common_clerk.browser_9854dd_5.127.1.js:4
[   65187ms] [INFO] 🔒 Clerk:
The <SignIn/> component cannot render when a user is already signed in, unless the application allows multiple sessions. Since a user is signed in and this application only allows a single session, Clerk is redirecting to the `afterSignIn` URL instead.
(This notice only appears in development) @ https://healthy-snipe-46.clerk.accounts.dev/npm/@clerk/clerk-js@5.127.1/dist/ui-common_clerk.browser_9854dd_5.127.1.js:4
[   65199ms] [INFO] 🔒 Clerk:
The <SignIn/> component cannot render when a user is already signed in, unless the application allows multiple sessions. Since a user is signed in and this application only allows a single session, Clerk is redirecting to the `afterSignIn` URL instead.
(This notice only appears in development) @ https://healthy-snipe-46.clerk.accounts.dev/npm/@clerk/clerk-js@5.127.1/dist/ui-common_clerk.browser_9854dd_5.127.1.js:4
[   65210ms] [INFO] 🔒 Clerk:
The <SignIn/> component cannot render when a user is already signed in, unless the application allows multiple sessions. Since a user is signed in and this application only allows a single session, Clerk is redirecting to the `afterSignIn` URL instead.
(This notice only appears in development) @ https://healthy-snipe-46.clerk.accounts.dev/npm/@clerk/clerk-js@5.127.1/dist/ui-common_clerk.browser_9854dd_5.127.1.js:4
[   65223ms] [INFO] 🔒 Clerk:
The <SignIn/> component cannot render when a user is already signed in, unless the application allows multiple sessions. Since a user is signed in and this application only allows a single session, Clerk is redirecting to the `afterSignIn` URL instead.
(This notice only appears in development) @ https://healthy-snipe-46.clerk.accounts.dev/npm/@clerk/clerk-js@5.127.1/dist/ui-common_clerk.browser_9854dd_5.127.1.js:4
[   65235ms] [INFO] 🔒 Clerk:
The <SignIn/> component cannot render when a user is already signed in, unless the application allows multiple sessions. Since a user is signed in and this application only allows a single session, Clerk is redirecting to the `afterSignIn` URL instead.
(This notice only appears in development) @ https://healthy-snipe-46.clerk.accounts.dev/npm/@clerk/clerk-js@5.127.1/dist/ui-common_clerk.browser_9854dd_5.127.1.js:4
[   65248ms] [INFO] 🔒 Clerk:
The <SignIn/> component cannot render when a user is already signed in, unless the application allows multiple sessions. Since a user is signed in and this application only allows a single session, Clerk is redirecting to the `afterSignIn` URL instead.
(This notice only appears in development) @ https://healthy-snipe-46.clerk.accounts.dev/npm/@clerk/clerk-js@5.127.1/dist/ui-common_clerk.browser_9854dd_5.127.1.js:4
[   65261ms] [INFO] 🔒 Clerk:
The <SignIn/> component cannot render when a user is already signed in, unless the application allows multiple sessions. Since a user is signed in and this application only allows a single session, Clerk is redirecting to the `afterSignIn` URL instead.
(This notice only appears in development) @ https://healthy-snipe-46.clerk.accounts.dev/npm/@clerk/clerk-js@5.127.1/dist/ui-common_clerk.browser_9854dd_5.127.1.js:4
[   65273ms] [INFO] 🔒 Clerk:
The <SignIn/> component cannot render when a user is already signed in, unless the application allows multiple sessions. Since a user is signed in and this application only allows a single session, Clerk is redirecting to the `afterSignIn` URL instead.
(This notice only appears in development) @ https://healthy-snipe-46.clerk.accounts.dev/npm/@clerk/clerk-js@5.127.1/dist/ui-common_clerk.browser_9854dd_5.127.1.js:4
[   65284ms] [INFO] 🔒 Clerk:
The <SignIn/> component cannot render when a user is already signed in, unless the application allows multiple sessions. Since a user is signed in and this application only allows a single session, Clerk is redirecting to the `afterSignIn` URL instead.
(This notice only appears in development) @ https://healthy-snipe-46.clerk.accounts.dev/npm/@clerk/clerk-js@5.127.1/dist/ui-common_clerk.browser_9854dd_5.127.1.js:4
[   65298ms] [INFO] 🔒 Clerk:
The <SignIn/> component cannot render when a user is already signed in, unless the application allows multiple sessions. Since a user is signed in and this application only allows a single session, Clerk is redirecting to the `afterSignIn` URL instead.
(This notice only appears in development) @ https://healthy-snipe-46.clerk.accounts.dev/npm/@clerk/clerk-js@5.127.1/dist/ui-common_clerk.browser_9854dd_5.127.1.js:4
[   65306ms] [INFO] 🔒 Clerk:
The <SignIn/> component cannot render when a user is already signed in, unless the application allows multiple sessions. Since a user is signed in and this application only allows a single session, Clerk is redirecting to the `afterSignIn` URL instead.
(This notice only appears in development) @ https://healthy-snipe-46.clerk.accounts.dev/npm/@clerk/clerk-js@5.127.1/dist/ui-common_clerk.browser_9854dd_5.127.1.js:4
[   65318ms] [INFO] 🔒 Clerk:
The <SignIn/> component cannot render when a user is already signed in, unless the application allows multiple sessions. Since a user is signed in and this application only allows a single session, Clerk is redirecting to the `afterSignIn` URL instead.
(This notice only appears in development) @ https://healthy-snipe-46.clerk.accounts.dev/npm/@clerk/clerk-js@5.127.1/dist/ui-common_clerk.browser_9854dd_5.127.1.js:4
[   65332ms] [INFO] 🔒 Clerk:
The <SignIn/> component cannot render when a user is already signed in, unless the application allows multiple sessions. Since a user is signed in and this application only allows a single session, Clerk is redirecting to the `afterSignIn` URL instead.
(This notice only appears in development) @ https://healthy-snipe-46.clerk.accounts.dev/npm/@clerk/clerk-js@5.127.1/dist/ui-common_clerk.browser_9854dd_5.127.1.js:4
[   65342ms] [INFO] 🔒 Clerk:
The <SignIn/> component cannot render when a user is already signed in, unless the application allows multiple sessions. Since a user is signed in and this application only allows a single session, Clerk is redirecting to the `afterSignIn` URL instead.
(This notice only appears in development) @ https://healthy-snipe-46.clerk.accounts.dev/npm/@clerk/clerk-js@5.127.1/dist/ui-common_clerk.browser_9854dd_5.127.1.js:4
[   65355ms] [INFO] 🔒 Clerk:
The <SignIn/> component cannot render when a user is already signed in, unless the application allows multiple sessions. Since a user is signed in and this application only allows a single session, Clerk is redirecting to the `afterSignIn` URL instead.
(This notice only appears in development) @ https://healthy-snipe-46.clerk.accounts.dev/npm/@clerk/clerk-js@5.127.1/dist/ui-common_clerk.browser_9854dd_5.127.1.js:4
[   65368ms] [INFO] 🔒 Clerk:
The <SignIn/> component cannot render when a user is already signed in, unless the application allows multiple sessions. Since a user is signed in and this application only allows a single session, Clerk is redirecting to the `afterSignIn` URL instead.
(This notice only appears in development) @ https://healthy-snipe-46.clerk.accounts.dev/npm/@clerk/clerk-js@5.127.1/dist/ui-common_clerk.browser_9854dd_5.127.1.js:4
[   65379ms] [INFO] 🔒 Clerk:
The <SignIn/> component cannot render when a user is already signed in, unless the application allows multiple sessions. Since a user is signed in and this application only allows a single session, Clerk is redirecting to the `afterSignIn` URL instead.
(This notice only appears in development) @ https://healthy-snipe-46.clerk.accounts.dev/npm/@clerk/clerk-js@5.127.1/dist/ui-common_clerk.browser_9854dd_5.127.1.js:4
[   65389ms] [INFO] 🔒 Clerk:
The <SignIn/> component cannot render when a user is already signed in, unless the application allows multiple sessions. Since a user is signed in and this application only allows a single session, Clerk is redirecting to the `afterSignIn` URL instead.
(This notice only appears in development) @ https://healthy-snipe-46.clerk.accounts.dev/npm/@clerk/clerk-js@5.127.1/dist/ui-common_clerk.browser_9854dd_5.127.1.js:4
[   65402ms] [INFO] 🔒 Clerk:
The <SignIn/> component cannot render when a user is already signed in, unless the application allows multiple sessions. Since a user is signed in and this application only allows a single session, Clerk is redirecting to the `afterSignIn` URL instead.
(This notice only appears in development) @ https://healthy-snipe-46.clerk.accounts.dev/npm/@clerk/clerk-js@5.127.1/dist/ui-common_clerk.browser_9854dd_5.127.1.js:4
[   65416ms] [INFO] 🔒 Clerk:
The <SignIn/> component cannot render when a user is already signed in, unless the application allows multiple sessions. Since a user is signed in and this application only allows a single session, Clerk is redirecting to the `afterSignIn` URL instead.
(This notice only appears in development) @ https://healthy-snipe-46.clerk.accounts.dev/npm/@clerk/clerk-js@5.127.1/dist/ui-common_clerk.browser_9854dd_5.127.1.js:4
[   65432ms] [INFO] 🔒 Clerk:
The <SignIn/> component cannot render when a user is already signed in, unless the application allows multiple sessions. Since a user is signed in and this application only allows a single session, Clerk is redirecting to the `afterSignIn` URL instead.
(This notice only appears in development) @ https://healthy-snipe-46.clerk.accounts.dev/npm/@clerk/clerk-js@5.127.1/dist/ui-common_clerk.browser_9854dd_5.127.1.js:4
[   65441ms] [INFO] 🔒 Clerk:
The <SignIn/> component cannot render when a user is already signed in, unless the application allows multiple sessions. Since a user is signed in and this application only allows a single session, Clerk is redirecting to the `afterSignIn` URL instead.
(This notice only appears in development) @ https://healthy-snipe-46.clerk.accounts.dev/npm/@clerk/clerk-js@5.127.1/dist/ui-common_clerk.browser_9854dd_5.127.1.js:4
[   65455ms] [INFO] 🔒 Clerk:
The <SignIn/> component cannot render when a user is already signed in, unless the application allows multiple sessions. Since a user is signed in and this application only allows a single session, Clerk is redirecting to the `afterSignIn` URL instead.
(This notice only appears in development) @ https://healthy-snipe-46.clerk.accounts.dev/npm/@clerk/clerk-js@5.127.1/dist/ui-common_clerk.browser_9854dd_5.127.1.js:4
[   65468ms] [INFO] 🔒 Clerk:
The <SignIn/> component cannot render when a user is already signed in, unless the application allows multiple sessions. Since a user is signed in and this application only allows a single session, Clerk is redirecting to the `afterSignIn` URL instead.
(This notice only appears in development) @ https://healthy-snipe-46.clerk.accounts.dev/npm/@clerk/clerk-js@5.127.1/dist/ui-common_clerk.browser_9854dd_5.127.1.js:4
[   65477ms] [INFO] 🔒 Clerk:
The <SignIn/> component cannot render when a user is already signed in, unless the application allows multiple sessions. Since a user is signed in and this application only allows a single session, Clerk is redirecting to the `afterSignIn` URL instead.
(This notice only appears in development) @ https://healthy-snipe-46.clerk.accounts.dev/npm/@clerk/clerk-js@5.127.1/dist/ui-common_clerk.browser_9854dd_5.127.1.js:4
[   65490ms] [INFO] 🔒 Clerk:
The <SignIn/> component cannot render when a user is already signed in, unless the application allows multiple sessions. Since a user is signed in and this application only allows a single session, Clerk is redirecting to the `afterSignIn` URL instead.
(This notice only appears in development) @ https://healthy-snipe-46.clerk.accounts.dev/npm/@clerk/clerk-js@5.127.1/dist/ui-common_clerk.browser_9854dd_5.127.1.js:4
[   65503ms] [INFO] 🔒 Clerk:
The <SignIn/> component cannot render when a user is already signed in, unless the application allows multiple sessions. Since a user is signed in and this application only allows a single session, Clerk is redirecting to the `afterSignIn` URL instead.
(This notice only appears in development) @ https://healthy-snipe-46.clerk.accounts.dev/npm/@clerk/clerk-js@5.127.1/dist/ui-common_clerk.browser_9854dd_5.127.1.js:4
[   65517ms] [INFO] 🔒 Clerk:
The <SignIn/> component cannot render when a user is already signed in, unless the application allows multiple sessions. Since a user is signed in and this application only allows a single session, Clerk is redirecting to the `afterSignIn` URL instead.
(This notice only appears in development) @ https://healthy-snipe-46.clerk.accounts.dev/npm/@clerk/clerk-js@5.127.1/dist/ui-common_clerk.browser_9854dd_5.127.1.js:4
[   65528ms] [INFO] 🔒 Clerk:
The <SignIn/> component cannot render when a user is already signed in, unless the application allows multiple sessions. Since a user is signed in and this application only allows a single session, Clerk is redirecting to the `afterSignIn` URL instead.
(This notice only appears in development) @ https://healthy-snipe-46.clerk.accounts.dev/npm/@clerk/clerk-js@5.127.1/dist/ui-common_clerk.browser_9854dd_5.127.1.js:4
[   65544ms] [INFO] 🔒 Clerk:
The <SignIn/> component cannot render when a user is already signed in, unless the application allows multiple sessions. Since a user is signed in and this application only allows a single session, Clerk is redirecting to the `afterSignIn` URL instead.
(This notice only appears in development) @ https://healthy-snipe-46.clerk.accounts.dev/npm/@clerk/clerk-js@5.127.1/dist/ui-common_clerk.browser_9854dd_5.127.1.js:4
[   65556ms] [INFO] 🔒 Clerk:
The <SignIn/> component cannot render when a user is already signed in, unless the application allows multiple sessions. Since a user is signed in and this application only allows a single session, Clerk is redirecting to the `afterSignIn` URL instead.
(This notice only appears in development) @ https://healthy-snipe-46.clerk.accounts.dev/npm/@clerk/clerk-js@5.127.1/dist/ui-common_clerk.browser_9854dd_5.127.1.js:4
[   65568ms] [INFO] 🔒 Clerk:
The <SignIn/> component cannot render when a user is already signed in, unless the application allows multiple sessions. Since a user is signed in and this application only allows a single session, Clerk is redirecting to the `afterSignIn` URL instead.
(This notice only appears in development) @ https://healthy-snipe-46.clerk.accounts.dev/npm/@clerk/clerk-js@5.127.1/dist/ui-common_clerk.browser_9854dd_5.127.1.js:4
[   65580ms] [INFO] 🔒 Clerk:
The <SignIn/> component cannot render when a user is already signed in, unless the application allows multiple sessions. Since a user is signed in and this application only allows a single session, Clerk is redirecting to the `afterSignIn` URL instead.
(This notice only appears in development) @ https://healthy-snipe-46.clerk.accounts.dev/npm/@clerk/clerk-js@5.127.1/dist/ui-common_clerk.browser_9854dd_5.127.1.js:4
[   65592ms] [INFO] 🔒 Clerk:
The <SignIn/> component cannot render when a user is already signed in, unless the application allows multiple sessions. Since a user is signed in and this application only allows a single session, Clerk is redirecting to the `afterSignIn` URL instead.
(This notice only appears in development) @ https://healthy-snipe-46.clerk.accounts.dev/npm/@clerk/clerk-js@5.127.1/dist/ui-common_clerk.browser_9854dd_5.127.1.js:4
[   65606ms] [INFO] 🔒 Clerk:
The <SignIn/> component cannot render when a user is already signed in, unless the application allows multiple sessions. Since a user is signed in and this application only allows a single session, Clerk is redirecting to the `afterSignIn` URL instead.
(This notice only appears in development) @ https://healthy-snipe-46.clerk.accounts.dev/npm/@clerk/clerk-js@5.127.1/dist/ui-common_clerk.browser_9854dd_5.127.1.js:4
[   65617ms] [INFO] 🔒 Clerk:
The <SignIn/> component cannot render when a user is already signed in, unless the application allows multiple sessions. Since a user is signed in and this application only allows a single session, Clerk is redirecting to the `afterSignIn` URL instead.
(This notice only appears in development) @ https://healthy-snipe-46.clerk.accounts.dev/npm/@clerk/clerk-js@5.127.1/dist/ui-common_clerk.browser_9854dd_5.127.1.js:4
[   65629ms] [INFO] 🔒 Clerk:
The <SignIn/> component cannot render when a user is already signed in, unless the application allows multiple sessions. Since a user is signed in and this application only allows a single session, Clerk is redirecting to the `afterSignIn` URL instead.
(This notice only appears in development) @ https://healthy-snipe-46.clerk.accounts.dev/npm/@clerk/clerk-js@5.127.1/dist/ui-common_clerk.browser_9854dd_5.127.1.js:4
[   65639ms] [INFO] 🔒 Clerk:
The <SignIn/> component cannot render when a user is already signed in, unless the application allows multiple sessions. Since a user is signed in and this application only allows a single session, Clerk is redirecting to the `afterSignIn` URL instead.
(This notice only appears in development) @ https://healthy-snipe-46.clerk.accounts.dev/npm/@clerk/clerk-js@5.127.1/dist/ui-common_clerk.browser_9854dd_5.127.1.js:4
[   65650ms] [INFO] 🔒 Clerk:
The <SignIn/> component cannot render when a user is already signed in, unless the application allows multiple sessions. Since a user is signed in and this application only allows a single session, Clerk is redirecting to the `afterSignIn` URL instead.
(This notice only appears in development) @ https://healthy-snipe-46.clerk.accounts.dev/npm/@clerk/clerk-js@5.127.1/dist/ui-common_clerk.browser_9854dd_5.127.1.js:4
[   65662ms] [INFO] 🔒 Clerk:
The <SignIn/> component cannot render when a user is already signed in, unless the application allows multiple sessions. Since a user is signed in and this application only allows a single session, Clerk is redirecting to the `afterSignIn` URL instead.
(This notice only appears in development) @ https://healthy-snipe-46.clerk.accounts.dev/npm/@clerk/clerk-js@5.127.1/dist/ui-common_clerk.browser_9854dd_5.127.1.js:4
[   65675ms] [INFO] 🔒 Clerk:
The <SignIn/> component cannot render when a user is already signed in, unless the application allows multiple sessions. Since a user is signed in and this application only allows a single session, Clerk is redirecting to the `afterSignIn` URL instead.
(This notice only appears in development) @ https://healthy-snipe-46.clerk.accounts.dev/npm/@clerk/clerk-js@5.127.1/dist/ui-common_clerk.browser_9854dd_5.127.1.js:4
[   65687ms] [INFO] 🔒 Clerk:
The <SignIn/> component cannot render when a user is already signed in, unless the application allows multiple sessions. Since a user is signed in and this application only allows a single session, Clerk is redirecting to the `afterSignIn` URL instead.
(This notice only appears in development) @ https://healthy-snipe-46.clerk.accounts.dev/npm/@clerk/clerk-js@5.127.1/dist/ui-common_clerk.browser_9854dd_5.127.1.js:4
[   65700ms] [INFO] 🔒 Clerk:
The <SignIn/> component cannot render when a user is already signed in, unless the application allows multiple sessions. Since a user is signed in and this application only allows a single session, Clerk is redirecting to the `afterSignIn` URL instead.
(This notice only appears in development) @ https://healthy-snipe-46.clerk.accounts.dev/npm/@clerk/clerk-js@5.127.1/dist/ui-common_clerk.browser_9854dd_5.127.1.js:4
[   65712ms] [INFO] 🔒 Clerk:
The <SignIn/> component cannot render when a user is already signed in, unless the application allows multiple sessions. Since a user is signed in and this application only allows a single session, Clerk is redirecting to the `afterSignIn` URL instead.
(This notice only appears in development) @ https://healthy-snipe-46.clerk.accounts.dev/npm/@clerk/clerk-js@5.127.1/dist/ui-common_clerk.browser_9854dd_5.127.1.js:4
[   65723ms] [INFO] 🔒 Clerk:
The <SignIn/> component cannot render when a user is already signed in, unless the application allows multiple sessions. Since a user is signed in and this application only allows a single session, Clerk is redirecting to the `afterSignIn` URL instead.
(This notice only appears in development) @ https://healthy-snipe-46.clerk.accounts.dev/npm/@clerk/clerk-js@5.127.1/dist/ui-common_clerk.browser_9854dd_5.127.1.js:4
[   65736ms] [INFO] 🔒 Clerk:
The <SignIn/> component cannot render when a user is already signed in, unless the application allows multiple sessions. Since a user is signed in and this application only allows a single session, Clerk is redirecting to the `afterSignIn` URL instead.
(This notice only appears in development) @ https://healthy-snipe-46.clerk.accounts.dev/npm/@clerk/clerk-js@5.127.1/dist/ui-common_clerk.browser_9854dd_5.127.1.js:4
[   65750ms] [INFO] 🔒 Clerk:
The <SignIn/> component cannot render when a user is already signed in, unless the application allows multiple sessions. Since a user is signed in and this application only allows a single session, Clerk is redirecting to the `afterSignIn` URL instead.
(This notice only appears in development) @ https://healthy-snipe-46.clerk.accounts.dev/npm/@clerk/clerk-js@5.127.1/dist/ui-common_clerk.browser_9854dd_5.127.1.js:4
[   65760ms] [INFO] 🔒 Clerk:
The <SignIn/> component cannot render when a user is already signed in, unless the application allows multiple sessions. Since a user is signed in and this application only allows a single session, Clerk is redirecting to the `afterSignIn` URL instead.
(This notice only appears in development) @ https://healthy-snipe-46.clerk.accounts.dev/npm/@clerk/clerk-js@5.127.1/dist/ui-common_clerk.browser_9854dd_5.127.1.js:4
[   65771ms] [INFO] 🔒 Clerk:
The <SignIn/> component cannot render when a user is already signed in, unless the application allows multiple sessions. Since a user is signed in and this application only allows a single session, Clerk is redirecting to the `afterSignIn` URL instead.
(This notice only appears in development) @ https://healthy-snipe-46.clerk.accounts.dev/npm/@clerk/clerk-js@5.127.1/dist/ui-common_clerk.browser_9854dd_5.127.1.js:4
[   65784ms] [INFO] 🔒 Clerk:
The <SignIn/> component cannot render when a user is already signed in, unless the application allows multiple sessions. Since a user is signed in and this application only allows a single session, Clerk is redirecting to the `afterSignIn` URL instead.
(This notice only appears in development) @ https://healthy-snipe-46.clerk.accounts.dev/npm/@clerk/clerk-js@5.127.1/dist/ui-common_clerk.browser_9854dd_5.127.1.js:4
[   65798ms] [INFO] 🔒 Clerk:
The <SignIn/> component cannot render when a user is already signed in, unless the application allows multiple sessions. Since a user is signed in and this application only allows a single session, Clerk is redirecting to the `afterSignIn` URL instead.
(This notice only appears in development) @ https://healthy-snipe-46.clerk.accounts.dev/npm/@clerk/clerk-js@5.127.1/dist/ui-common_clerk.browser_9854dd_5.127.1.js:4
[   65811ms] [INFO] 🔒 Clerk:
The <SignIn/> component cannot render when a user is already signed in, unless the application allows multiple sessions. Since a user is signed in and this application only allows a single session, Clerk is redirecting to the `afterSignIn` URL instead.
(This notice only appears in development) @ https://healthy-snipe-46.clerk.accounts.dev/npm/@clerk/clerk-js@5.127.1/dist/ui-common_clerk.browser_9854dd_5.127.1.js:4
[   65828ms] [INFO] 🔒 Clerk:
The <SignIn/> component cannot render when a user is already signed in, unless the application allows multiple sessions. Since a user is signed in and this application only allows a single session, Clerk is redirecting to the `afterSignIn` URL instead.
(This notice only appears in development) @ https://healthy-snipe-46.clerk.accounts.dev/npm/@clerk/clerk-js@5.127.1/dist/ui-common_clerk.browser_9854dd_5.127.1.js:4
[   65840ms] [INFO] 🔒 Clerk:
The <SignIn/> component cannot render when a user is already signed in, unless the application allows multiple sessions. Since a user is signed in and this application only allows a single session, Clerk is redirecting to the `afterSignIn` URL instead.
(This notice only appears in development) @ https://healthy-snipe-46.clerk.accounts.dev/npm/@clerk/clerk-js@5.127.1/dist/ui-common_clerk.browser_9854dd_5.127.1.js:4
[   65854ms] [INFO] 🔒 Clerk:
The <SignIn/> component cannot render when a user is already signed in, unless the application allows multiple sessions. Since a user is signed in and this application only allows a single session, Clerk is redirecting to the `afterSignIn` URL instead.
(This notice only appears in development) @ https://healthy-snipe-46.clerk.accounts.dev/npm/@clerk/clerk-js@5.127.1/dist/ui-common_clerk.browser_9854dd_5.127.1.js:4
[   65866ms] [INFO] 🔒 Clerk:
The <SignIn/> component cannot render when a user is already signed in, unless the application allows multiple sessions. Since a user is signed in and this application only allows a single session, Clerk is redirecting to the `afterSignIn` URL instead.
(This notice only appears in development) @ https://healthy-snipe-46.clerk.accounts.dev/npm/@clerk/clerk-js@5.127.1/dist/ui-common_clerk.browser_9854dd_5.127.1.js:4
[   65878ms] [INFO] 🔒 Clerk:
The <SignIn/> component cannot render when a user is already signed in, unless the application allows multiple sessions. Since a user is signed in and this application only allows a single session, Clerk is redirecting to the `afterSignIn` URL instead.
(This notice only appears in development) @ https://healthy-snipe-46.clerk.accounts.dev/npm/@clerk/clerk-js@5.127.1/dist/ui-common_clerk.browser_9854dd_5.127.1.js:4
[   65891ms] [INFO] 🔒 Clerk:
The <SignIn/> component cannot render when a user is already signed in, unless the application allows multiple sessions. Since a user is signed in and this application only allows a single session, Clerk is redirecting to the `afterSignIn` URL instead.
(This notice only appears in development) @ https://healthy-snipe-46.clerk.accounts.dev/npm/@clerk/clerk-js@5.127.1/dist/ui-common_clerk.browser_9854dd_5.127.1.js:4
[   65910ms] [INFO] 🔒 Clerk:
The <SignIn/> component cannot render when a user is already signed in, unless the application allows multiple sessions. Since a user is signed in and this application only allows a single session, Clerk is redirecting to the `afterSignIn` URL instead.
(This notice only appears in development) @ https://healthy-snipe-46.clerk.accounts.dev/npm/@clerk/clerk-js@5.127.1/dist/ui-common_clerk.browser_9854dd_5.127.1.js:4
[   65927ms] [INFO] 🔒 Clerk:
The <SignIn/> component cannot render when a user is already signed in, unless the application allows multiple sessions. Since a user is signed in and this application only allows a single session, Clerk is redirecting to the `afterSignIn` URL instead.
(This notice only appears in development) @ https://healthy-snipe-46.clerk.accounts.dev/npm/@clerk/clerk-js@5.127.1/dist/ui-common_clerk.browser_9854dd_5.127.1.js:4
[   65939ms] [INFO] 🔒 Clerk:
The <SignIn/> component cannot render when a user is already signed in, unless the application allows multiple sessions. Since a user is signed in and this application only allows a single session, Clerk is redirecting to the `afterSignIn` URL instead.
(This notice only appears in development) @ https://healthy-snipe-46.clerk.accounts.dev/npm/@clerk/clerk-js@5.127.1/dist/ui-common_clerk.browser_9854dd_5.127.1.js:4
[   65952ms] [INFO] 🔒 Clerk:
The <SignIn/> component cannot render when a user is already signed in, unless the application allows multiple sessions. Since a user is signed in and this application only allows a single session, Clerk is redirecting to the `afterSignIn` URL instead.
(This notice only appears in development) @ https://healthy-snipe-46.clerk.accounts.dev/npm/@clerk/clerk-js@5.127.1/dist/ui-common_clerk.browser_9854dd_5.127.1.js:4
[   65962ms] [INFO] 🔒 Clerk:
The <SignIn/> component cannot render when a user is already signed in, unless the application allows multiple sessions. Since a user is signed in and this application only allows a single session, Clerk is redirecting to the `afterSignIn` URL instead.
(This notice only appears in development) @ https://healthy-snipe-46.clerk.accounts.dev/npm/@clerk/clerk-js@5.127.1/dist/ui-common_clerk.browser_9854dd_5.127.1.js:4
[   65976ms] [INFO] 🔒 Clerk:
The <SignIn/> component cannot render when a user is already signed in, unless the application allows multiple sessions. Since a user is signed in and this application only allows a single session, Clerk is redirecting to the `afterSignIn` URL instead.
(This notice only appears in development) @ https://healthy-snipe-46.clerk.accounts.dev/npm/@clerk/clerk-js@5.127.1/dist/ui-common_clerk.browser_9854dd_5.127.1.js:4
[   65987ms] [INFO] 🔒 Clerk:
The <SignIn/> component cannot render when a user is already signed in, unless the application allows multiple sessions. Since a user is signed in and this application only allows a single session, Clerk is redirecting to the `afterSignIn` URL instead.
(This notice only appears in development) @ https://healthy-snipe-46.clerk.accounts.dev/npm/@clerk/clerk-js@5.127.1/dist/ui-common_clerk.browser_9854dd_5.127.1.js:4
[   65999ms] [INFO] 🔒 Clerk:
The <SignIn/> component cannot render when a user is already signed in, unless the application allows multiple sessions. Since a user is signed in and this application only allows a single session, Clerk is redirecting to the `afterSignIn` URL instead.
(This notice only appears in development) @ https://healthy-snipe-46.clerk.accounts.dev/npm/@clerk/clerk-js@5.127.1/dist/ui-common_clerk.browser_9854dd_5.127.1.js:4
[   66013ms] [INFO] 🔒 Clerk:
The <SignIn/> component cannot render when a user is already signed in, unless the application allows multiple sessions. Since a user is signed in and this application only allows a single session, Clerk is redirecting to the `afterSignIn` URL instead.
(This notice only appears in development) @ https://healthy-snipe-46.clerk.accounts.dev/npm/@clerk/clerk-js@5.127.1/dist/ui-common_clerk.browser_9854dd_5.127.1.js:4
[   66025ms] [INFO] 🔒 Clerk:
The <SignIn/> component cannot render when a user is already signed in, unless the application allows multiple sessions. Since a user is signed in and this application only allows a single session, Clerk is redirecting to the `afterSignIn` URL instead.
(This notice only appears in development) @ https://healthy-snipe-46.clerk.accounts.dev/npm/@clerk/clerk-js@5.127.1/dist/ui-common_clerk.browser_9854dd_5.127.1.js:4
[   66038ms] [INFO] 🔒 Clerk:
The <SignIn/> component cannot render when a user is already signed in, unless the application allows multiple sessions. Since a user is signed in and this application only allows a single session, Clerk is redirecting to the `afterSignIn` URL instead.
(This notice only appears in development) @ https://healthy-snipe-46.clerk.accounts.dev/npm/@clerk/clerk-js@5.127.1/dist/ui-common_clerk.browser_9854dd_5.127.1.js:4
[   66050ms] [INFO] 🔒 Clerk:
The <SignIn/> component cannot render when a user is already signed in, unless the application allows multiple sessions. Since a user is signed in and this application only allows a single session, Clerk is redirecting to the `afterSignIn` URL instead.
(This notice only appears in development) @ https://healthy-snipe-46.clerk.accounts.dev/npm/@clerk/clerk-js@5.127.1/dist/ui-common_clerk.browser_9854dd_5.127.1.js:4
[   66061ms] [INFO] 🔒 Clerk:
The <SignIn/> component cannot render when a user is already signed in, unless the application allows multiple sessions. Since a user is signed in and this application only allows a single session, Clerk is redirecting to the `afterSignIn` URL instead.
(This notice only appears in development) @ https://healthy-snipe-46.clerk.accounts.dev/npm/@clerk/clerk-js@5.127.1/dist/ui-common_clerk.browser_9854dd_5.127.1.js:4
[   66071ms] [INFO] 🔒 Clerk:
The <SignIn/> component cannot render when a user is already signed in, unless the application allows multiple sessions. Since a user is signed in and this application only allows a single session, Clerk is redirecting to the `afterSignIn` URL instead.
(This notice only appears in development) @ https://healthy-snipe-46.clerk.accounts.dev/npm/@clerk/clerk-js@5.127.1/dist/ui-common_clerk.browser_9854dd_5.127.1.js:4
[   66083ms] [INFO] 🔒 Clerk:
The <SignIn/> component cannot render when a user is already signed in, unless the application allows multiple sessions. Since a user is signed in and this application only allows a single session, Clerk is redirecting to the `afterSignIn` URL instead.
(This notice only appears in development) @ https://healthy-snipe-46.clerk.accounts.dev/npm/@clerk/clerk-js@5.127.1/dist/ui-common_clerk.browser_9854dd_5.127.1.js:4
[   66095ms] [INFO] 🔒 Clerk:
The <SignIn/> component cannot render when a user is already signed in, unless the application allows multiple sessions. Since a user is signed in and this application only allows a single session, Clerk is redirecting to the `afterSignIn` URL instead.
(This notice only appears in development) @ https://healthy-snipe-46.clerk.accounts.dev/npm/@clerk/clerk-js@5.127.1/dist/ui-common_clerk.browser_9854dd_5.127.1.js:4
[   66105ms] [INFO] 🔒 Clerk:
The <SignIn/> component cannot render when a user is already signed in, unless the application allows multiple sessions. Since a user is signed in and this application only allows a single session, Clerk is redirecting to the `afterSignIn` URL instead.
(This notice only appears in development) @ https://healthy-snipe-46.clerk.accounts.dev/npm/@clerk/clerk-js@5.127.1/dist/ui-common_clerk.browser_9854dd_5.127.1.js:4
[   66118ms] [INFO] 🔒 Clerk:
The <SignIn/> component cannot render when a user is already signed in, unless the application allows multiple sessions. Since a user is signed in and this application only allows a single session, Clerk is redirecting to the `afterSignIn` URL instead.
(This notice only appears in development) @ https://healthy-snipe-46.clerk.accounts.dev/npm/@clerk/clerk-js@5.127.1/dist/ui-common_clerk.browser_9854dd_5.127.1.js:4
[   66132ms] [INFO] 🔒 Clerk:
The <SignIn/> component cannot render when a user is already signed in, unless the application allows multiple sessions. Since a user is signed in and this application only allows a single session, Clerk is redirecting to the `afterSignIn` URL instead.
(This notice only appears in development) @ https://healthy-snipe-46.clerk.accounts.dev/npm/@clerk/clerk-js@5.127.1/dist/ui-common_clerk.browser_9854dd_5.127.1.js:4
[   66145ms] [INFO] 🔒 Clerk:
The <SignIn/> component cannot render when a user is already signed in, unless the application allows multiple sessions. Since a user is signed in and this application only allows a single session, Clerk is redirecting to the `afterSignIn` URL instead.
(This notice only appears in development) @ https://healthy-snipe-46.clerk.accounts.dev/npm/@clerk/clerk-js@5.127.1/dist/ui-common_clerk.browser_9854dd_5.127.1.js:4
[   66157ms] [INFO] 🔒 Clerk:
The <SignIn/> component cannot render when a user is already signed in, unless the application allows multiple sessions. Since a user is signed in and this application only allows a single session, Clerk is redirecting to the `afterSignIn` URL instead.
(This notice only appears in development) @ https://healthy-snipe-46.clerk.accounts.dev/npm/@clerk/clerk-js@5.127.1/dist/ui-common_clerk.browser_9854dd_5.127.1.js:4
[   66170ms] [INFO] 🔒 Clerk:
The <SignIn/> component cannot render when a user is already signed in, unless the application allows multiple sessions. Since a user is signed in and this application only allows a single session, Clerk is redirecting to the `afterSignIn` URL instead.
(This notice only appears in development) @ https://healthy-snipe-46.clerk.accounts.dev/npm/@clerk/clerk-js@5.127.1/dist/ui-common_clerk.browser_9854dd_5.127.1.js:4
[   66183ms] [INFO] 🔒 Clerk:
The <SignIn/> component cannot render when a user is already signed in, unless the application allows multiple sessions. Since a user is signed in and this application only allows a single session, Clerk is redirecting to the `afterSignIn` URL instead.
(This notice only appears in development) @ https://healthy-snipe-46.clerk.accounts.dev/npm/@clerk/clerk-js@5.127.1/dist/ui-common_clerk.browser_9854dd_5.127.1.js:4
[   66194ms] [INFO] 🔒 Clerk:
The <SignIn/> component cannot render when a user is already signed in, unless the application allows multiple sessions. Since a user is signed in and this application only allows a single session, Clerk is redirecting to the `afterSignIn` URL instead.
(This notice only appears in development) @ https://healthy-snipe-46.clerk.accounts.dev/npm/@clerk/clerk-js@5.127.1/dist/ui-common_clerk.browser_9854dd_5.127.1.js:4
[   66206ms] [INFO] 🔒 Clerk:
The <SignIn/> component cannot render when a user is already signed in, unless the application allows multiple sessions. Since a user is signed in and this application only allows a single session, Clerk is redirecting to the `afterSignIn` URL instead.
(This notice only appears in development) @ https://healthy-snipe-46.clerk.accounts.dev/npm/@clerk/clerk-js@5.127.1/dist/ui-common_clerk.browser_9854dd_5.127.1.js:4
[   66220ms] [INFO] 🔒 Clerk:
The <SignIn/> component cannot render when a user is already signed in, unless the application allows multiple sessions. Since a user is signed in and this application only allows a single session, Clerk is redirecting to the `afterSignIn` URL instead.
(This notice only appears in development) @ https://healthy-snipe-46.clerk.accounts.dev/npm/@clerk/clerk-js@5.127.1/dist/ui-common_clerk.browser_9854dd_5.127.1.js:4
[   66234ms] [INFO] 🔒 Clerk:
The <SignIn/> component cannot render when a user is already signed in, unless the application allows multiple sessions. Since a user is signed in and this application only allows a single session, Clerk is redirecting to the `afterSignIn` URL instead.
(This notice only appears in development) @ https://healthy-snipe-46.clerk.accounts.dev/npm/@clerk/clerk-js@5.127.1/dist/ui-common_clerk.browser_9854dd_5.127.1.js:4
[   66244ms] [INFO] 🔒 Clerk:
The <SignIn/> component cannot render when a user is already signed in, unless the application allows multiple sessions. Since a user is signed in and this application only allows a single session, Clerk is redirecting to the `afterSignIn` URL instead.
(This notice only appears in development) @ https://healthy-snipe-46.clerk.accounts.dev/npm/@clerk/clerk-js@5.127.1/dist/ui-common_clerk.browser_9854dd_5.127.1.js:4
[   66257ms] [INFO] 🔒 Clerk:
The <SignIn/> component cannot render when a user is already signed in, unless the application allows multiple sessions. Since a user is signed in and this application only allows a single session, Clerk is redirecting to the `afterSignIn` URL instead.
(This notice only appears in development) @ https://healthy-snipe-46.clerk.accounts.dev/npm/@clerk/clerk-js@5.127.1/dist/ui-common_clerk.browser_9854dd_5.127.1.js:4
[   66270ms] [INFO] 🔒 Clerk:
The <SignIn/> component cannot render when a user is already signed in, unless the application allows multiple sessions. Since a user is signed in and this application only allows a single session, Clerk is redirecting to the `afterSignIn` URL instead.
(This notice only appears in development) @ https://healthy-snipe-46.clerk.accounts.dev/npm/@clerk/clerk-js@5.127.1/dist/ui-common_clerk.browser_9854dd_5.127.1.js:4
[   66283ms] [INFO] 🔒 Clerk:
The <SignIn/> component cannot render when a user is already signed in, unless the application allows multiple sessions. Since a user is signed in and this application only allows a single session, Clerk is redirecting to the `afterSignIn` URL instead.
(This notice only appears in development) @ https://healthy-snipe-46.clerk.accounts.dev/npm/@clerk/clerk-js@5.127.1/dist/ui-common_clerk.browser_9854dd_5.127.1.js:4
[   66293ms] [INFO] 🔒 Clerk:
The <SignIn/> component cannot render when a user is already signed in, unless the application allows multiple sessions. Since a user is signed in and this application only allows a single session, Clerk is redirecting to the `afterSignIn` URL instead.
(This notice only appears in development) @ https://healthy-snipe-46.clerk.accounts.dev/npm/@clerk/clerk-js@5.127.1/dist/ui-common_clerk.browser_9854dd_5.127.1.js:4
[   66305ms] [INFO] 🔒 Clerk:
The <SignIn/> component cannot render when a user is already signed in, unless the application allows multiple sessions. Since a user is signed in and this application only allows a single session, Clerk is redirecting to the `afterSignIn` URL instead.
(This notice only appears in development) @ https://healthy-snipe-46.clerk.accounts.dev/npm/@clerk/clerk-js@5.127.1/dist/ui-common_clerk.browser_9854dd_5.127.1.js:4
[   66318ms] [INFO] 🔒 Clerk:
The <SignIn/> component cannot render when a user is already signed in, unless the application allows multiple sessions. Since a user is signed in and this application only allows a single session, Clerk is redirecting to the `afterSignIn` URL instead.
(This notice only appears in development) @ https://healthy-snipe-46.clerk.accounts.dev/npm/@clerk/clerk-js@5.127.1/dist/ui-common_clerk.browser_9854dd_5.127.1.js:4
[   66331ms] [INFO] 🔒 Clerk:
The <SignIn/> component cannot render when a user is already signed in, unless the application allows multiple sessions. Since a user is signed in and this application only allows a single session, Clerk is redirecting to the `afterSignIn` URL instead.
(This notice only appears in development) @ https://healthy-snipe-46.clerk.accounts.dev/npm/@clerk/clerk-js@5.127.1/dist/ui-common_clerk.browser_9854dd_5.127.1.js:4
[   66342ms] [INFO] 🔒 Clerk:
The <SignIn/> component cannot render when a user is already signed in, unless the application allows multiple sessions. Since a user is signed in and this application only allows a single session, Clerk is redirecting to the `afterSignIn` URL instead.
(This notice only appears in development) @ https://healthy-snipe-46.clerk.accounts.dev/npm/@clerk/clerk-js@5.127.1/dist/ui-common_clerk.browser_9854dd_5.127.1.js:4
[   66353ms] [INFO] 🔒 Clerk:
The <SignIn/> component cannot render when a user is already signed in, unless the application allows multiple sessions. Since a user is signed in and this application only allows a single session, Clerk is redirecting to the `afterSignIn` URL instead.
(This notice only appears in development) @ https://healthy-snipe-46.clerk.accounts.dev/npm/@clerk/clerk-js@5.127.1/dist/ui-common_clerk.browser_9854dd_5.127.1.js:4
[   66367ms] [INFO] 🔒 Clerk:
The <SignIn/> component cannot render when a user is already signed in, unless the application allows multiple sessions. Since a user is signed in and this application only allows a single session, Clerk is redirecting to the `afterSignIn` URL instead.
(This notice only appears in development) @ https://healthy-snipe-46.clerk.accounts.dev/npm/@clerk/clerk-js@5.127.1/dist/ui-common_clerk.browser_9854dd_5.127.1.js:4
[   66371ms] [INFO] 🔒 Clerk:
The <SignIn/> component cannot render when a user is already signed in, unless the application allows multiple sessions. Since a user is signed in and this application only allows a single session, Clerk is redirecting to the `afterSignIn` URL instead.
(This notice only appears in development) @ https://healthy-snipe-46.clerk.accounts.dev/npm/@clerk/clerk-js@5.127.1/dist/ui-common_clerk.browser_9854dd_5.127.1.js:4
[   66385ms] [INFO] 🔒 Clerk:
The <SignIn/> component cannot render when a user is already signed in, unless the application allows multiple sessions. Since a user is signed in and this application only allows a single session, Clerk is redirecting to the `afterSignIn` URL instead.
(This notice only appears in development) @ https://healthy-snipe-46.clerk.accounts.dev/npm/@clerk/clerk-js@5.127.1/dist/ui-common_clerk.browser_9854dd_5.127.1.js:4
[   66397ms] [INFO] 🔒 Clerk:
The <SignIn/> component cannot render when a user is already signed in, unless the application allows multiple sessions. Since a user is signed in and this application only allows a single session, Clerk is redirecting to the `afterSignIn` URL instead.
(This notice only appears in development) @ https://healthy-snipe-46.clerk.accounts.dev/npm/@clerk/clerk-js@5.127.1/dist/ui-common_clerk.browser_9854dd_5.127.1.js:4
[   66411ms] [INFO] 🔒 Clerk:
The <SignIn/> component cannot render when a user is already signed in, unless the application allows multiple sessions. Since a user is signed in and this application only allows a single session, Clerk is redirecting to the `afterSignIn` URL instead.
(This notice only appears in development) @ https://healthy-snipe-46.clerk.accounts.dev/npm/@clerk/clerk-js@5.127.1/dist/ui-common_clerk.browser_9854dd_5.127.1.js:4
[   66423ms] [INFO] 🔒 Clerk:
The <SignIn/> component cannot render when a user is already signed in, unless the application allows multiple sessions. Since a user is signed in and this application only allows a single session, Clerk is redirecting to the `afterSignIn` URL instead.
(This notice only appears in development) @ https://healthy-snipe-46.clerk.accounts.dev/npm/@clerk/clerk-js@5.127.1/dist/ui-common_clerk.browser_9854dd_5.127.1.js:4
[   66433ms] [INFO] 🔒 Clerk:
The <SignIn/> component cannot render when a user is already signed in, unless the application allows multiple sessions. Since a user is signed in and this application only allows a single session, Clerk is redirecting to the `afterSignIn` URL instead.
(This notice only appears in development) @ https://healthy-snipe-46.clerk.accounts.dev/npm/@clerk/clerk-js@5.127.1/dist/ui-common_clerk.browser_9854dd_5.127.1.js:4
[   66444ms] [INFO] 🔒 Clerk:
The <SignIn/> component cannot render when a user is already signed in, unless the application allows multiple sessions. Since a user is signed in and this application only allows a single session, Clerk is redirecting to the `afterSignIn` URL instead.
(This notice only appears in development) @ https://healthy-snipe-46.clerk.accounts.dev/npm/@clerk/clerk-js@5.127.1/dist/ui-common_clerk.browser_9854dd_5.127.1.js:4
[   66457ms] [INFO] 🔒 Clerk:
The <SignIn/> component cannot render when a user is already signed in, unless the application allows multiple sessions. Since a user is signed in and this application only allows a single session, Clerk is redirecting to the `afterSignIn` URL instead.
(This notice only appears in development) @ https://healthy-snipe-46.clerk.accounts.dev/npm/@clerk/clerk-js@5.127.1/dist/ui-common_clerk.browser_9854dd_5.127.1.js:4
[   66469ms] [INFO] 🔒 Clerk:
The <SignIn/> component cannot render when a user is already signed in, unless the application allows multiple sessions. Since a user is signed in and this application only allows a single session, Clerk is redirecting to the `afterSignIn` URL instead.
(This notice only appears in development) @ https://healthy-snipe-46.clerk.accounts.dev/npm/@clerk/clerk-js@5.127.1/dist/ui-common_clerk.browser_9854dd_5.127.1.js:4
[   66483ms] [INFO] 🔒 Clerk:
The <SignIn/> component cannot render when a user is already signed in, unless the application allows multiple sessions. Since a user is signed in and this application only allows a single session, Clerk is redirecting to the `afterSignIn` URL instead.
(This notice only appears in development) @ https://healthy-snipe-46.clerk.accounts.dev/npm/@clerk/clerk-js@5.127.1/dist/ui-common_clerk.browser_9854dd_5.127.1.js:4
[   66495ms] [INFO] 🔒 Clerk:
The <SignIn/> component cannot render when a user is already signed in, unless the application allows multiple sessions. Since a user is signed in and this application only allows a single session, Clerk is redirecting to the `afterSignIn` URL instead.
(This notice only appears in development) @ https://healthy-snipe-46.clerk.accounts.dev/npm/@clerk/clerk-js@5.127.1/dist/ui-common_clerk.browser_9854dd_5.127.1.js:4
[   66507ms] [INFO] 🔒 Clerk:
The <SignIn/> component cannot render when a user is already signed in, unless the application allows multiple sessions. Since a user is signed in and this application only allows a single session, Clerk is redirecting to the `afterSignIn` URL instead.
(This notice only appears in development) @ https://healthy-snipe-46.clerk.accounts.dev/npm/@clerk/clerk-js@5.127.1/dist/ui-common_clerk.browser_9854dd_5.127.1.js:4
[   66518ms] [INFO] 🔒 Clerk:
The <SignIn/> component cannot render when a user is already signed in, unless the application allows multiple sessions. Since a user is signed in and this application only allows a single session, Clerk is redirecting to the `afterSignIn` URL instead.
(This notice only appears in development) @ https://healthy-snipe-46.clerk.accounts.dev/npm/@clerk/clerk-js@5.127.1/dist/ui-common_clerk.browser_9854dd_5.127.1.js:4
[   66532ms] [INFO] 🔒 Clerk:
The <SignIn/> component cannot render when a user is already signed in, unless the application allows multiple sessions. Since a user is signed in and this application only allows a single session, Clerk is redirecting to the `afterSignIn` URL instead.
(This notice only appears in development) @ https://healthy-snipe-46.clerk.accounts.dev/npm/@clerk/clerk-js@5.127.1/dist/ui-common_clerk.browser_9854dd_5.127.1.js:4
[   66545ms] [INFO] 🔒 Clerk:
The <SignIn/> component cannot render when a user is already signed in, unless the application allows multiple sessions. Since a user is signed in and this application only allows a single session, Clerk is redirecting to the `afterSignIn` URL instead.
(This notice only appears in development) @ https://healthy-snipe-46.clerk.accounts.dev/npm/@clerk/clerk-js@5.127.1/dist/ui-common_clerk.browser_9854dd_5.127.1.js:4
[   66556ms] [INFO] 🔒 Clerk:
The <SignIn/> component cannot render when a user is already signed in, unless the application allows multiple sessions. Since a user is signed in and this application only allows a single session, Clerk is redirecting to the `afterSignIn` URL instead.
(This notice only appears in development) @ https://healthy-snipe-46.clerk.accounts.dev/npm/@clerk/clerk-js@5.127.1/dist/ui-common_clerk.browser_9854dd_5.127.1.js:4
[   66569ms] [INFO] 🔒 Clerk:
The <SignIn/> component cannot render when a user is already signed in, unless the application allows multiple sessions. Since a user is signed in and this application only allows a single session, Clerk is redirecting to the `afterSignIn` URL instead.
(This notice only appears in development) @ https://healthy-snipe-46.clerk.accounts.dev/npm/@clerk/clerk-js@5.127.1/dist/ui-common_clerk.browser_9854dd_5.127.1.js:4
[   66580ms] [INFO] 🔒 Clerk:
The <SignIn/> component cannot render when a user is already signed in, unless the application allows multiple sessions. Since a user is signed in and this application only allows a single session, Clerk is redirecting to the `afterSignIn` URL instead.
(This notice only appears in development) @ https://healthy-snipe-46.clerk.accounts.dev/npm/@clerk/clerk-js@5.127.1/dist/ui-common_clerk.browser_9854dd_5.127.1.js:4
[   66595ms] [INFO] 🔒 Clerk:
The <SignIn/> component cannot render when a user is already signed in, unless the application allows multiple sessions. Since a user is signed in and this application only allows a single session, Clerk is redirecting to the `afterSignIn` URL instead.
(This notice only appears in development) @ https://healthy-snipe-46.clerk.accounts.dev/npm/@clerk/clerk-js@5.127.1/dist/ui-common_clerk.browser_9854dd_5.127.1.js:4
[   66607ms] [INFO] 🔒 Clerk:
The <SignIn/> component cannot render when a user is already signed in, unless the application allows multiple sessions. Since a user is signed in and this application only allows a single session, Clerk is redirecting to the `afterSignIn` URL instead.
(This notice only appears in development) @ https://healthy-snipe-46.clerk.accounts.dev/npm/@clerk/clerk-js@5.127.1/dist/ui-common_clerk.browser_9854dd_5.127.1.js:4
[   66624ms] [INFO] 🔒 Clerk:
The <SignIn/> component cannot render when a user is already signed in, unless the application allows multiple sessions. Since a user is signed in and this application only allows a single session, Clerk is redirecting to the `afterSignIn` URL instead.
(This notice only appears in development) @ https://healthy-snipe-46.clerk.accounts.dev/npm/@clerk/clerk-js@5.127.1/dist/ui-common_clerk.browser_9854dd_5.127.1.js:4
[   66637ms] [INFO] 🔒 Clerk:
The <SignIn/> component cannot render when a user is already signed in, unless the application allows multiple sessions. Since a user is signed in and this application only allows a single session, Clerk is redirecting to the `afterSignIn` URL instead.
(This notice only appears in development) @ https://healthy-snipe-46.clerk.accounts.dev/npm/@clerk/clerk-js@5.127.1/dist/ui-common_clerk.browser_9854dd_5.127.1.js:4
[   66651ms] [INFO] 🔒 Clerk:
The <SignIn/> component cannot render when a user is already signed in, unless the application allows multiple sessions. Since a user is signed in and this application only allows a single session, Clerk is redirecting to the `afterSignIn` URL instead.
(This notice only appears in development) @ https://healthy-snipe-46.clerk.accounts.dev/npm/@clerk/clerk-js@5.127.1/dist/ui-common_clerk.browser_9854dd_5.127.1.js:4
[   66662ms] [INFO] 🔒 Clerk:
The <SignIn/> component cannot render when a user is already signed in, unless the application allows multiple sessions. Since a user is signed in and this application only allows a single session, Clerk is redirecting to the `afterSignIn` URL instead.
(This notice only appears in development) @ https://healthy-snipe-46.clerk.accounts.dev/npm/@clerk/clerk-js@5.127.1/dist/ui-common_clerk.browser_9854dd_5.127.1.js:4
[   66674ms] [INFO] 🔒 Clerk:
The <SignIn/> component cannot render when a user is already signed in, unless the application allows multiple sessions. Since a user is signed in and this application only allows a single session, Clerk is redirecting to the `afterSignIn` URL instead.
(This notice only appears in development) @ https://healthy-snipe-46.clerk.accounts.dev/npm/@clerk/clerk-js@5.127.1/dist/ui-common_clerk.browser_9854dd_5.127.1.js:4
[   66687ms] [INFO] 🔒 Clerk:
The <SignIn/> component cannot render when a user is already signed in, unless the application allows multiple sessions. Since a user is signed in and this application only allows a single session, Clerk is redirecting to the `afterSignIn` URL instead.
(This notice only appears in development) @ https://healthy-snipe-46.clerk.accounts.dev/npm/@clerk/clerk-js@5.127.1/dist/ui-common_clerk.browser_9854dd_5.127.1.js:4
[   66704ms] [INFO] 🔒 Clerk:
The <SignIn/> component cannot render when a user is already signed in, unless the application allows multiple sessions. Since a user is signed in and this application only allows a single session, Clerk is redirecting to the `afterSignIn` URL instead.
(This notice only appears in development) @ https://healthy-snipe-46.clerk.accounts.dev/npm/@clerk/clerk-js@5.127.1/dist/ui-common_clerk.browser_9854dd_5.127.1.js:4
[   66718ms] [INFO] 🔒 Clerk:
The <SignIn/> component cannot render when a user is already signed in, unless the application allows multiple sessions. Since a user is signed in and this application only allows a single session, Clerk is redirecting to the `afterSignIn` URL instead.
(This notice only appears in development) @ https://healthy-snipe-46.clerk.accounts.dev/npm/@clerk/clerk-js@5.127.1/dist/ui-common_clerk.browser_9854dd_5.127.1.js:4
[   66730ms] [INFO] 🔒 Clerk:
The <SignIn/> component cannot render when a user is already signed in, unless the application allows multiple sessions. Since a user is signed in and this application only allows a single session, Clerk is redirecting to the `afterSignIn` URL instead.
(This notice only appears in development) @ https://healthy-snipe-46.clerk.accounts.dev/npm/@clerk/clerk-js@5.127.1/dist/ui-common_clerk.browser_9854dd_5.127.1.js:4
[   66743ms] [INFO] 🔒 Clerk:
The <SignIn/> component cannot render when a user is already signed in, unless the application allows multiple sessions. Since a user is signed in and this application only allows a single session, Clerk is redirecting to the `afterSignIn` URL instead.
(This notice only appears in development) @ https://healthy-snipe-46.clerk.accounts.dev/npm/@clerk/clerk-js@5.127.1/dist/ui-common_clerk.browser_9854dd_5.127.1.js:4
[   66758ms] [INFO] 🔒 Clerk:
The <SignIn/> component cannot render when a user is already signed in, unless the application allows multiple sessions. Since a user is signed in and this application only allows a single session, Clerk is redirecting to the `afterSignIn` URL instead.
(This notice only appears in development) @ https://healthy-snipe-46.clerk.accounts.dev/npm/@clerk/clerk-js@5.127.1/dist/ui-common_clerk.browser_9854dd_5.127.1.js:4
[   66773ms] [INFO] 🔒 Clerk:
The <SignIn/> component cannot render when a user is already signed in, unless the application allows multiple sessions. Since a user is signed in and this application only allows a single session, Clerk is redirecting to the `afterSignIn` URL instead.
(This notice only appears in development) @ https://healthy-snipe-46.clerk.accounts.dev/npm/@clerk/clerk-js@5.127.1/dist/ui-common_clerk.browser_9854dd_5.127.1.js:4
[   66787ms] [INFO] 🔒 Clerk:
The <SignIn/> component cannot render when a user is already signed in, unless the application allows multiple sessions. Since a user is signed in and this application only allows a single session, Clerk is redirecting to the `afterSignIn` URL instead.
(This notice only appears in development) @ https://healthy-snipe-46.clerk.accounts.dev/npm/@clerk/clerk-js@5.127.1/dist/ui-common_clerk.browser_9854dd_5.127.1.js:4
[   66803ms] [INFO] 🔒 Clerk:
The <SignIn/> component cannot render when a user is already signed in, unless the application allows multiple sessions. Since a user is signed in and this application only allows a single session, Clerk is redirecting to the `afterSignIn` URL instead.
(This notice only appears in development) @ https://healthy-snipe-46.clerk.accounts.dev/npm/@clerk/clerk-js@5.127.1/dist/ui-common_clerk.browser_9854dd_5.127.1.js:4
[   66818ms] [INFO] 🔒 Clerk:
The <SignIn/> component cannot render when a user is already signed in, unless the application allows multiple sessions. Since a user is signed in and this application only allows a single session, Clerk is redirecting to the `afterSignIn` URL instead.
(This notice only appears in development) @ https://healthy-snipe-46.clerk.accounts.dev/npm/@clerk/clerk-js@5.127.1/dist/ui-common_clerk.browser_9854dd_5.127.1.js:4
[   66832ms] [INFO] 🔒 Clerk:
The <SignIn/> component cannot render when a user is already signed in, unless the application allows multiple sessions. Since a user is signed in and this application only allows a single session, Clerk is redirecting to the `afterSignIn` URL instead.
(This notice only appears in development) @ https://healthy-snipe-46.clerk.accounts.dev/npm/@clerk/clerk-js@5.127.1/dist/ui-common_clerk.browser_9854dd_5.127.1.js:4
[   66844ms] [INFO] 🔒 Clerk:
The <SignIn/> component cannot render when a user is already signed in, unless the application allows multiple sessions. Since a user is signed in and this application only allows a single session, Clerk is redirecting to the `afterSignIn` URL instead.
(This notice only appears in development) @ https://healthy-snipe-46.clerk.accounts.dev/npm/@clerk/clerk-js@5.127.1/dist/ui-common_clerk.browser_9854dd_5.127.1.js:4
[   66859ms] [INFO] 🔒 Clerk:
The <SignIn/> component cannot render when a user is already signed in, unless the application allows multiple sessions. Since a user is signed in and this application only allows a single session, Clerk is redirecting to the `afterSignIn` URL instead.
(This notice only appears in development) @ https://healthy-snipe-46.clerk.accounts.dev/npm/@clerk/clerk-js@5.127.1/dist/ui-common_clerk.browser_9854dd_5.127.1.js:4
[   66864ms] [INFO] 🔒 Clerk:
The <SignIn/> component cannot render when a user is already signed in, unless the application allows multiple sessions. Since a user is signed in and this application only allows a single session, Clerk is redirecting to the `afterSignIn` URL instead.
(This notice only appears in development) @ https://healthy-snipe-46.clerk.accounts.dev/npm/@clerk/clerk-js@5.127.1/dist/ui-common_clerk.browser_9854dd_5.127.1.js:4
[   66880ms] [INFO] 🔒 Clerk:
The <SignIn/> component cannot render when a user is already signed in, unless the application allows multiple sessions. Since a user is signed in and this application only allows a single session, Clerk is redirecting to the `afterSignIn` URL instead.
(This notice only appears in development) @ https://healthy-snipe-46.clerk.accounts.dev/npm/@clerk/clerk-js@5.127.1/dist/ui-common_clerk.browser_9854dd_5.127.1.js:4
[   66896ms] [INFO] 🔒 Clerk:
The <SignIn/> component cannot render when a user is already signed in, unless the application allows multiple sessions. Since a user is signed in and this application only allows a single session, Clerk is redirecting to the `afterSignIn` URL instead.
(This notice only appears in development) @ https://healthy-snipe-46.clerk.accounts.dev/npm/@clerk/clerk-js@5.127.1/dist/ui-common_clerk.browser_9854dd_5.127.1.js:4
[   66912ms] [INFO] 🔒 Clerk:
The <SignIn/> component cannot render when a user is already signed in, unless the application allows multiple sessions. Since a user is signed in and this application only allows a single session, Clerk is redirecting to the `afterSignIn` URL instead.
(This notice only appears in development) @ https://healthy-snipe-46.clerk.accounts.dev/npm/@clerk/clerk-js@5.127.1/dist/ui-common_clerk.browser_9854dd_5.127.1.js:4
[   66927ms] [INFO] 🔒 Clerk:
The <SignIn/> component cannot render when a user is already signed in, unless the application allows multiple sessions. Since a user is signed in and this application only allows a single session, Clerk is redirecting to the `afterSignIn` URL instead.
(This notice only appears in development) @ https://healthy-snipe-46.clerk.accounts.dev/npm/@clerk/clerk-js@5.127.1/dist/ui-common_clerk.browser_9854dd_5.127.1.js:4
[   66940ms] [INFO] 🔒 Clerk:
The <SignIn/> component cannot render when a user is already signed in, unless the application allows multiple sessions. Since a user is signed in and this application only allows a single session, Clerk is redirecting to the `afterSignIn` URL instead.
(This notice only appears in development) @ https://healthy-snipe-46.clerk.accounts.dev/npm/@clerk/clerk-js@5.127.1/dist/ui-common_clerk.browser_9854dd_5.127.1.js:4
[   66955ms] [INFO] 🔒 Clerk:
The <SignIn/> component cannot render when a user is already signed in, unless the application allows multiple sessions. Since a user is signed in and this application only allows a single session, Clerk is redirecting to the `afterSignIn` URL instead.
(This notice only appears in development) @ https://healthy-snipe-46.clerk.accounts.dev/npm/@clerk/clerk-js@5.127.1/dist/ui-common_clerk.browser_9854dd_5.127.1.js:4
[   66969ms] [INFO] 🔒 Clerk:
The <SignIn/> component cannot render when a user is already signed in, unless the application allows multiple sessions. Since a user is signed in and this application only allows a single session, Clerk is redirecting to the `afterSignIn` URL instead.
(This notice only appears in development) @ https://healthy-snipe-46.clerk.accounts.dev/npm/@clerk/clerk-js@5.127.1/dist/ui-common_clerk.browser_9854dd_5.127.1.js:4
[   66984ms] [INFO] 🔒 Clerk:
The <SignIn/> component cannot render when a user is already signed in, unless the application allows multiple sessions. Since a user is signed in and this application only allows a single session, Clerk is redirecting to the `afterSignIn` URL instead.
(This notice only appears in development) @ https://healthy-snipe-46.clerk.accounts.dev/npm/@clerk/clerk-js@5.127.1/dist/ui-common_clerk.browser_9854dd_5.127.1.js:4
[   66995ms] [INFO] 🔒 Clerk:
The <SignIn/> component cannot render when a user is already signed in, unless the application allows multiple sessions. Since a user is signed in and this application only allows a single session, Clerk is redirecting to the `afterSignIn` URL instead.
(This notice only appears in development) @ https://healthy-snipe-46.clerk.accounts.dev/npm/@clerk/clerk-js@5.127.1/dist/ui-common_clerk.browser_9854dd_5.127.1.js:4
[   67006ms] [INFO] 🔒 Clerk:
The <SignIn/> component cannot render when a user is already signed in, unless the application allows multiple sessions. Since a user is signed in and this application only allows a single session, Clerk is redirecting to the `afterSignIn` URL instead.
(This notice only appears in development) @ https://healthy-snipe-46.clerk.accounts.dev/npm/@clerk/clerk-js@5.127.1/dist/ui-common_clerk.browser_9854dd_5.127.1.js:4
[   67021ms] [INFO] 🔒 Clerk:
The <SignIn/> component cannot render when a user is already signed in, unless the application allows multiple sessions. Since a user is signed in and this application only allows a single session, Clerk is redirecting to the `afterSignIn` URL instead.
(This notice only appears in development) @ https://healthy-snipe-46.clerk.accounts.dev/npm/@clerk/clerk-js@5.127.1/dist/ui-common_clerk.browser_9854dd_5.127.1.js:4
[   67035ms] [INFO] 🔒 Clerk:
The <SignIn/> component cannot render when a user is already signed in, unless the application allows multiple sessions. Since a user is signed in and this application only allows a single session, Clerk is redirecting to the `afterSignIn` URL instead.
(This notice only appears in development) @ https://healthy-snipe-46.clerk.accounts.dev/npm/@clerk/clerk-js@5.127.1/dist/ui-common_clerk.browser_9854dd_5.127.1.js:4
[   67047ms] [INFO] 🔒 Clerk:
The <SignIn/> component cannot render when a user is already signed in, unless the application allows multiple sessions. Since a user is signed in and this application only allows a single session, Clerk is redirecting to the `afterSignIn` URL instead.
(This notice only appears in development) @ https://healthy-snipe-46.clerk.accounts.dev/npm/@clerk/clerk-js@5.127.1/dist/ui-common_clerk.browser_9854dd_5.127.1.js:4
[   67063ms] [INFO] 🔒 Clerk:
The <SignIn/> component cannot render when a user is already signed in, unless the application allows multiple sessions. Since a user is signed in and this application only allows a single session, Clerk is redirecting to the `afterSignIn` URL instead.
(This notice only appears in development) @ https://healthy-snipe-46.clerk.accounts.dev/npm/@clerk/clerk-js@5.127.1/dist/ui-common_clerk.browser_9854dd_5.127.1.js:4
[   67076ms] [INFO] 🔒 Clerk:
The <SignIn/> component cannot render when a user is already signed in, unless the application allows multiple sessions. Since a user is signed in and this application only allows a single session, Clerk is redirecting to the `afterSignIn` URL instead.
(This notice only appears in development) @ https://healthy-snipe-46.clerk.accounts.dev/npm/@clerk/clerk-js@5.127.1/dist/ui-common_clerk.browser_9854dd_5.127.1.js:4
[   67092ms] [INFO] 🔒 Clerk:
The <SignIn/> component cannot render when a user is already signed in, unless the application allows multiple sessions. Since a user is signed in and this application only allows a single session, Clerk is redirecting to the `afterSignIn` URL instead.
(This notice only appears in development) @ https://healthy-snipe-46.clerk.accounts.dev/npm/@clerk/clerk-js@5.127.1/dist/ui-common_clerk.browser_9854dd_5.127.1.js:4
[   67106ms] [INFO] 🔒 Clerk:
The <SignIn/> component cannot render when a user is already signed in, unless the application allows multiple sessions. Since a user is signed in and this application only allows a single session, Clerk is redirecting to the `afterSignIn` URL instead.
(This notice only appears in development) @ https://healthy-snipe-46.clerk.accounts.dev/npm/@clerk/clerk-js@5.127.1/dist/ui-common_clerk.browser_9854dd_5.127.1.js:4
[   67120ms] [INFO] 🔒 Clerk:
The <SignIn/> component cannot render when a user is already signed in, unless the application allows multiple sessions. Since a user is signed in and this application only allows a single session, Clerk is redirecting to the `afterSignIn` URL instead.
(This notice only appears in development) @ https://healthy-snipe-46.clerk.accounts.dev/npm/@clerk/clerk-js@5.127.1/dist/ui-common_clerk.browser_9854dd_5.127.1.js:4
[   67135ms] [INFO] 🔒 Clerk:
The <SignIn/> component cannot render when a user is already signed in, unless the application allows multiple sessions. Since a user is signed in and this application only allows a single session, Clerk is redirecting to the `afterSignIn` URL instead.
(This notice only appears in development) @ https://healthy-snipe-46.clerk.accounts.dev/npm/@clerk/clerk-js@5.127.1/dist/ui-common_clerk.browser_9854dd_5.127.1.js:4
[   67148ms] [INFO] 🔒 Clerk:
The <SignIn/> component cannot render when a user is already signed in, unless the application allows multiple sessions. Since a user is signed in and this application only allows a single session, Clerk is redirecting to the `afterSignIn` URL instead.
(This notice only appears in development) @ https://healthy-snipe-46.clerk.accounts.dev/npm/@clerk/clerk-js@5.127.1/dist/ui-common_clerk.browser_9854dd_5.127.1.js:4
[   67162ms] [INFO] 🔒 Clerk:
The <SignIn/> component cannot render when a user is already signed in, unless the application allows multiple sessions. Since a user is signed in and this application only allows a single session, Clerk is redirecting to the `afterSignIn` URL instead.
(This notice only appears in development) @ https://healthy-snipe-46.clerk.accounts.dev/npm/@clerk/clerk-js@5.127.1/dist/ui-common_clerk.browser_9854dd_5.127.1.js:4
[   67176ms] [INFO] 🔒 Clerk:
The <SignIn/> component cannot render when a user is already signed in, unless the application allows multiple sessions. Since a user is signed in and this application only allows a single session, Clerk is redirecting to the `afterSignIn` URL instead.
(This notice only appears in development) @ https://healthy-snipe-46.clerk.accounts.dev/npm/@clerk/clerk-js@5.127.1/dist/ui-common_clerk.browser_9854dd_5.127.1.js:4
[   67192ms] [INFO] 🔒 Clerk:
The <SignIn/> component cannot render when a user is already signed in, unless the application allows multiple sessions. Since a user is signed in and this application only allows a single session, Clerk is redirecting to the `afterSignIn` URL instead.
(This notice only appears in development) @ https://healthy-snipe-46.clerk.accounts.dev/npm/@clerk/clerk-js@5.127.1/dist/ui-common_clerk.browser_9854dd_5.127.1.js:4
[   67208ms] [INFO] 🔒 Clerk:
The <SignIn/> component cannot render when a user is already signed in, unless the application allows multiple sessions. Since a user is signed in and this application only allows a single session, Clerk is redirecting to the `afterSignIn` URL instead.
(This notice only appears in development) @ https://healthy-snipe-46.clerk.accounts.dev/npm/@clerk/clerk-js@5.127.1/dist/ui-common_clerk.browser_9854dd_5.127.1.js:4
[   67223ms] [INFO] 🔒 Clerk:
The <SignIn/> component cannot render when a user is already signed in, unless the application allows multiple sessions. Since a user is signed in and this application only allows a single session, Clerk is redirecting to the `afterSignIn` URL instead.
(This notice only appears in development) @ https://healthy-snipe-46.clerk.accounts.dev/npm/@clerk/clerk-js@5.127.1/dist/ui-common_clerk.browser_9854dd_5.127.1.js:4
[   67239ms] [INFO] 🔒 Clerk:
The <SignIn/> component cannot render when a user is already signed in, unless the application allows multiple sessions. Since a user is signed in and this application only allows a single session, Clerk is redirecting to the `afterSignIn` URL instead.
(This notice only appears in development) @ https://healthy-snipe-46.clerk.accounts.dev/npm/@clerk/clerk-js@5.127.1/dist/ui-common_clerk.browser_9854dd_5.127.1.js:4
[   67259ms] [INFO] 🔒 Clerk:
The <SignIn/> component cannot render when a user is already signed in, unless the application allows multiple sessions. Since a user is signed in and this application only allows a single session, Clerk is redirecting to the `afterSignIn` URL instead.
(This notice only appears in development) @ https://healthy-snipe-46.clerk.accounts.dev/npm/@clerk/clerk-js@5.127.1/dist/ui-common_clerk.browser_9854dd_5.127.1.js:4
[   67280ms] [INFO] 🔒 Clerk:
The <SignIn/> component cannot render when a user is already signed in, unless the application allows multiple sessions. Since a user is signed in and this application only allows a single session, Clerk is redirecting to the `afterSignIn` URL instead.
(This notice only appears in development) @ https://healthy-snipe-46.clerk.accounts.dev/npm/@clerk/clerk-js@5.127.1/dist/ui-common_clerk.browser_9854dd_5.127.1.js:4
[   67300ms] [INFO] 🔒 Clerk:
The <SignIn/> component cannot render when a user is already signed in, unless the application allows multiple sessions. Since a user is signed in and this application only allows a single session, Clerk is redirecting to the `afterSignIn` URL instead.
(This notice only appears in development) @ https://healthy-snipe-46.clerk.accounts.dev/npm/@clerk/clerk-js@5.127.1/dist/ui-common_clerk.browser_9854dd_5.127.1.js:4
[   67313ms] [INFO] 🔒 Clerk:
The <SignIn/> component cannot render when a user is already signed in, unless the application allows multiple sessions. Since a user is signed in and this application only allows a single session, Clerk is redirecting to the `afterSignIn` URL instead.
(This notice only appears in development) @ https://healthy-snipe-46.clerk.accounts.dev/npm/@clerk/clerk-js@5.127.1/dist/ui-common_clerk.browser_9854dd_5.127.1.js:4
[   67327ms] [INFO] 🔒 Clerk:
The <SignIn/> component cannot render when a user is already signed in, unless the application allows multiple sessions. Since a user is signed in and this application only allows a single session, Clerk is redirecting to the `afterSignIn` URL instead.
(This notice only appears in development) @ https://healthy-snipe-46.clerk.accounts.dev/npm/@clerk/clerk-js@5.127.1/dist/ui-common_clerk.browser_9854dd_5.127.1.js:4
[   67341ms] [INFO] 🔒 Clerk:
The <SignIn/> component cannot render when a user is already signed in, unless the application allows multiple sessions. Since a user is signed in and this application only allows a single session, Clerk is redirecting to the `afterSignIn` URL instead.
(This notice only appears in development) @ https://healthy-snipe-46.clerk.accounts.dev/npm/@clerk/clerk-js@5.127.1/dist/ui-common_clerk.browser_9854dd_5.127.1.js:4
[   67358ms] [INFO] 🔒 Clerk:
The <SignIn/> component cannot render when a user is already signed in, unless the application allows multiple sessions. Since a user is signed in and this application only allows a single session, Clerk is redirecting to the `afterSignIn` URL instead.
(This notice only appears in development) @ https://healthy-snipe-46.clerk.accounts.dev/npm/@clerk/clerk-js@5.127.1/dist/ui-common_clerk.browser_9854dd_5.127.1.js:4
[   67376ms] [INFO] 🔒 Clerk:
The <SignIn/> component cannot render when a user is already signed in, unless the application allows multiple sessions. Since a user is signed in and this application only allows a single session, Clerk is redirecting to the `afterSignIn` URL instead.
(This notice only appears in development) @ https://healthy-snipe-46.clerk.accounts.dev/npm/@clerk/clerk-js@5.127.1/dist/ui-common_clerk.browser_9854dd_5.127.1.js:4
[   67391ms] [INFO] 🔒 Clerk:
The <SignIn/> component cannot render when a user is already signed in, unless the application allows multiple sessions. Since a user is signed in and this application only allows a single session, Clerk is redirecting to the `afterSignIn` URL instead.
(This notice only appears in development) @ https://healthy-snipe-46.clerk.accounts.dev/npm/@clerk/clerk-js@5.127.1/dist/ui-common_clerk.browser_9854dd_5.127.1.js:4
[   67405ms] [INFO] 🔒 Clerk:
The <SignIn/> component cannot render when a user is already signed in, unless the application allows multiple sessions. Since a user is signed in and this application only allows a single session, Clerk is redirecting to the `afterSignIn` URL instead.
(This notice only appears in development) @ https://healthy-snipe-46.clerk.accounts.dev/npm/@clerk/clerk-js@5.127.1/dist/ui-common_clerk.browser_9854dd_5.127.1.js:4
[   67425ms] [INFO] 🔒 Clerk:
The <SignIn/> component cannot render when a user is already signed in, unless the application allows multiple sessions. Since a user is signed in and this application only allows a single session, Clerk is redirecting to the `afterSignIn` URL instead.
(This notice only appears in development) @ https://healthy-snipe-46.clerk.accounts.dev/npm/@clerk/clerk-js@5.127.1/dist/ui-common_clerk.browser_9854dd_5.127.1.js:4
[   67438ms] [INFO] 🔒 Clerk:
The <SignIn/> component cannot render when a user is already signed in, unless the application allows multiple sessions. Since a user is signed in and this application only allows a single session, Clerk is redirecting to the `afterSignIn` URL instead.
(This notice only appears in development) @ https://healthy-snipe-46.clerk.accounts.dev/npm/@clerk/clerk-js@5.127.1/dist/ui-common_clerk.browser_9854dd_5.127.1.js:4
[   67453ms] [INFO] 🔒 Clerk:
The <SignIn/> component cannot render when a user is already signed in, unless the application allows multiple sessions. Since a user is signed in and this application only allows a single session, Clerk is redirecting to the `afterSignIn` URL instead.
(This notice only appears in development) @ https://healthy-snipe-46.clerk.accounts.dev/npm/@clerk/clerk-js@5.127.1/dist/ui-common_clerk.browser_9854dd_5.127.1.js:4
[   67466ms] [INFO] 🔒 Clerk:
The <SignIn/> component cannot render when a user is already signed in, unless the application allows multiple sessions. Since a user is signed in and this application only allows a single session, Clerk is redirecting to the `afterSignIn` URL instead.
(This notice only appears in development) @ https://healthy-snipe-46.clerk.accounts.dev/npm/@clerk/clerk-js@5.127.1/dist/ui-common_clerk.browser_9854dd_5.127.1.js:4
[   67482ms] [INFO] 🔒 Clerk:
The <SignIn/> component cannot render when a user is already signed in, unless the application allows multiple sessions. Since a user is signed in and this application only allows a single session, Clerk is redirecting to the `afterSignIn` URL instead.
(This notice only appears in development) @ https://healthy-snipe-46.clerk.accounts.dev/npm/@clerk/clerk-js@5.127.1/dist/ui-common_clerk.browser_9854dd_5.127.1.js:4
[   67494ms] [INFO] 🔒 Clerk:
The <SignIn/> component cannot render when a user is already signed in, unless the application allows multiple sessions. Since a user is signed in and this application only allows a single session, Clerk is redirecting to the `afterSignIn` URL instead.
(This notice only appears in development) @ https://healthy-snipe-46.clerk.accounts.dev/npm/@clerk/clerk-js@5.127.1/dist/ui-common_clerk.browser_9854dd_5.127.1.js:4
[   67505ms] [INFO] 🔒 Clerk:
The <SignIn/> component cannot render when a user is already signed in, unless the application allows multiple sessions. Since a user is signed in and this application only allows a single session, Clerk is redirecting to the `afterSignIn` URL instead.
(This notice only appears in development) @ https://healthy-snipe-46.clerk.accounts.dev/npm/@clerk/clerk-js@5.127.1/dist/ui-common_clerk.browser_9854dd_5.127.1.js:4
[   67517ms] [INFO] 🔒 Clerk:
The <SignIn/> component cannot render when a user is already signed in, unless the application allows multiple sessions. Since a user is signed in and this application only allows a single session, Clerk is redirecting to the `afterSignIn` URL instead.
(This notice only appears in development) @ https://healthy-snipe-46.clerk.accounts.dev/npm/@clerk/clerk-js@5.127.1/dist/ui-common_clerk.browser_9854dd_5.127.1.js:4
[   67529ms] [INFO] 🔒 Clerk:
The <SignIn/> component cannot render when a user is already signed in, unless the application allows multiple sessions. Since a user is signed in and this application only allows a single session, Clerk is redirecting to the `afterSignIn` URL instead.
(This notice only appears in development) @ https://healthy-snipe-46.clerk.accounts.dev/npm/@clerk/clerk-js@5.127.1/dist/ui-common_clerk.browser_9854dd_5.127.1.js:4
[   67541ms] [INFO] 🔒 Clerk:
The <SignIn/> component cannot render when a user is already signed in, unless the application allows multiple sessions. Since a user is signed in and this application only allows a single session, Clerk is redirecting to the `afterSignIn` URL instead.
(This notice only appears in development) @ https://healthy-snipe-46.clerk.accounts.dev/npm/@clerk/clerk-js@5.127.1/dist/ui-common_clerk.browser_9854dd_5.127.1.js:4
[   67552ms] [INFO] 🔒 Clerk:
The <SignIn/> component cannot render when a user is already signed in, unless the application allows multiple sessions. Since a user is signed in and this application only allows a single session, Clerk is redirecting to the `afterSignIn` URL instead.
(This notice only appears in development) @ https://healthy-snipe-46.clerk.accounts.dev/npm/@clerk/clerk-js@5.127.1/dist/ui-common_clerk.browser_9854dd_5.127.1.js:4
[   67563ms] [INFO] 🔒 Clerk:
The <SignIn/> component cannot render when a user is already signed in, unless the application allows multiple sessions. Since a user is signed in and this application only allows a single session, Clerk is redirecting to the `afterSignIn` URL instead.
(This notice only appears in development) @ https://healthy-snipe-46.clerk.accounts.dev/npm/@clerk/clerk-js@5.127.1/dist/ui-common_clerk.browser_9854dd_5.127.1.js:4
[   67573ms] [INFO] 🔒 Clerk:
The <SignIn/> component cannot render when a user is already signed in, unless the application allows multiple sessions. Since a user is signed in and this application only allows a single session, Clerk is redirecting to the `afterSignIn` URL instead.
(This notice only appears in development) @ https://healthy-snipe-46.clerk.accounts.dev/npm/@clerk/clerk-js@5.127.1/dist/ui-common_clerk.browser_9854dd_5.127.1.js:4
[   67585ms] [INFO] 🔒 Clerk:
The <SignIn/> component cannot render when a user is already signed in, unless the application allows multiple sessions. Since a user is signed in and this application only allows a single session, Clerk is redirecting to the `afterSignIn` URL instead.
(This notice only appears in development) @ https://healthy-snipe-46.clerk.accounts.dev/npm/@clerk/clerk-js@5.127.1/dist/ui-common_clerk.browser_9854dd_5.127.1.js:4
[   67599ms] [INFO] 🔒 Clerk:
The <SignIn/> component cannot render when a user is already signed in, unless the application allows multiple sessions. Since a user is signed in and this application only allows a single session, Clerk is redirecting to the `afterSignIn` URL instead.
(This notice only appears in development) @ https://healthy-snipe-46.clerk.accounts.dev/npm/@clerk/clerk-js@5.127.1/dist/ui-common_clerk.browser_9854dd_5.127.1.js:4
[   67610ms] [INFO] 🔒 Clerk:
The <SignIn/> component cannot render when a user is already signed in, unless the application allows multiple sessions. Since a user is signed in and this application only allows a single session, Clerk is redirecting to the `afterSignIn` URL instead.
(This notice only appears in development) @ https://healthy-snipe-46.clerk.accounts.dev/npm/@clerk/clerk-js@5.127.1/dist/ui-common_clerk.browser_9854dd_5.127.1.js:4
[   67622ms] [INFO] 🔒 Clerk:
The <SignIn/> component cannot render when a user is already signed in, unless the application allows multiple sessions. Since a user is signed in and this application only allows a single session, Clerk is redirecting to the `afterSignIn` URL instead.
(This notice only appears in development) @ https://healthy-snipe-46.clerk.accounts.dev/npm/@clerk/clerk-js@5.127.1/dist/ui-common_clerk.browser_9854dd_5.127.1.js:4
[   67636ms] [INFO] 🔒 Clerk:
The <SignIn/> component cannot render when a user is already signed in, unless the application allows multiple sessions. Since a user is signed in and this application only allows a single session, Clerk is redirecting to the `afterSignIn` URL instead.
(This notice only appears in development) @ https://healthy-snipe-46.clerk.accounts.dev/npm/@clerk/clerk-js@5.127.1/dist/ui-common_clerk.browser_9854dd_5.127.1.js:4
[   67650ms] [INFO] 🔒 Clerk:
The <SignIn/> component cannot render when a user is already signed in, unless the application allows multiple sessions. Since a user is signed in and this application only allows a single session, Clerk is redirecting to the `afterSignIn` URL instead.
(This notice only appears in development) @ https://healthy-snipe-46.clerk.accounts.dev/npm/@clerk/clerk-js@5.127.1/dist/ui-common_clerk.browser_9854dd_5.127.1.js:4
[   67661ms] [INFO] 🔒 Clerk:
The <SignIn/> component cannot render when a user is already signed in, unless the application allows multiple sessions. Since a user is signed in and this application only allows a single session, Clerk is redirecting to the `afterSignIn` URL instead.
(This notice only appears in development) @ https://healthy-snipe-46.clerk.accounts.dev/npm/@clerk/clerk-js@5.127.1/dist/ui-common_clerk.browser_9854dd_5.127.1.js:4
[   67672ms] [INFO] 🔒 Clerk:
The <SignIn/> component cannot render when a user is already signed in, unless the application allows multiple sessions. Since a user is signed in and this application only allows a single session, Clerk is redirecting to the `afterSignIn` URL instead.
(This notice only appears in development) @ https://healthy-snipe-46.clerk.accounts.dev/npm/@clerk/clerk-js@5.127.1/dist/ui-common_clerk.browser_9854dd_5.127.1.js:4
[   67683ms] [INFO] 🔒 Clerk:
The <SignIn/> component cannot render when a user is already signed in, unless the application allows multiple sessions. Since a user is signed in and this application only allows a single session, Clerk is redirecting to the `afterSignIn` URL instead.
(This notice only appears in development) @ https://healthy-snipe-46.clerk.accounts.dev/npm/@clerk/clerk-js@5.127.1/dist/ui-common_clerk.browser_9854dd_5.127.1.js:4
[   67693ms] [INFO] 🔒 Clerk:
The <SignIn/> component cannot render when a user is already signed in, unless the application allows multiple sessions. Since a user is signed in and this application only allows a single session, Clerk is redirecting to the `afterSignIn` URL instead.
(This notice only appears in development) @ https://healthy-snipe-46.clerk.accounts.dev/npm/@clerk/clerk-js@5.127.1/dist/ui-common_clerk.browser_9854dd_5.127.1.js:4
[   67706ms] [INFO] 🔒 Clerk:
The <SignIn/> component cannot render when a user is already signed in, unless the application allows multiple sessions. Since a user is signed in and this application only allows a single session, Clerk is redirecting to the `afterSignIn` URL instead.
(This notice only appears in development) @ https://healthy-snipe-46.clerk.accounts.dev/npm/@clerk/clerk-js@5.127.1/dist/ui-common_clerk.browser_9854dd_5.127.1.js:4
[   67717ms] [INFO] 🔒 Clerk:
The <SignIn/> component cannot render when a user is already signed in, unless the application allows multiple sessions. Since a user is signed in and this application only allows a single session, Clerk is redirecting to the `afterSignIn` URL instead.
(This notice only appears in development) @ https://healthy-snipe-46.clerk.accounts.dev/npm/@clerk/clerk-js@5.127.1/dist/ui-common_clerk.browser_9854dd_5.127.1.js:4
[   67728ms] [INFO] 🔒 Clerk:
The <SignIn/> component cannot render when a user is already signed in, unless the application allows multiple sessions. Since a user is signed in and this application only allows a single session, Clerk is redirecting to the `afterSignIn` URL instead.
(This notice only appears in development) @ https://healthy-snipe-46.clerk.accounts.dev/npm/@clerk/clerk-js@5.127.1/dist/ui-common_clerk.browser_9854dd_5.127.1.js:4
[   67738ms] [INFO] 🔒 Clerk:
The <SignIn/> component cannot render when a user is already signed in, unless the application allows multiple sessions. Since a user is signed in and this application only allows a single session, Clerk is redirecting to the `afterSignIn` URL instead.
(This notice only appears in development) @ https://healthy-snipe-46.clerk.accounts.dev/npm/@clerk/clerk-js@5.127.1/dist/ui-common_clerk.browser_9854dd_5.127.1.js:4
[   67749ms] [INFO] 🔒 Clerk:
The <SignIn/> component cannot render when a user is already signed in, unless the application allows multiple sessions. Since a user is signed in and this application only allows a single session, Clerk is redirecting to the `afterSignIn` URL instead.
(This notice only appears in development) @ https://healthy-snipe-46.clerk.accounts.dev/npm/@clerk/clerk-js@5.127.1/dist/ui-common_clerk.browser_9854dd_5.127.1.js:4
[   67760ms] [INFO] 🔒 Clerk:
The <SignIn/> component cannot render when a user is already signed in, unless the application allows multiple sessions. Since a user is signed in and this application only allows a single session, Clerk is redirecting to the `afterSignIn` URL instead.
(This notice only appears in development) @ https://healthy-snipe-46.clerk.accounts.dev/npm/@clerk/clerk-js@5.127.1/dist/ui-common_clerk.browser_9854dd_5.127.1.js:4
[   67771ms] [INFO] 🔒 Clerk:
The <SignIn/> component cannot render when a user is already signed in, unless the application allows multiple sessions. Since a user is signed in and this application only allows a single session, Clerk is redirecting to the `afterSignIn` URL instead.
(This notice only appears in development) @ https://healthy-snipe-46.clerk.accounts.dev/npm/@clerk/clerk-js@5.127.1/dist/ui-common_clerk.browser_9854dd_5.127.1.js:4
[   67782ms] [INFO] 🔒 Clerk:
The <SignIn/> component cannot render when a user is already signed in, unless the application allows multiple sessions. Since a user is signed in and this application only allows a single session, Clerk is redirecting to the `afterSignIn` URL instead.
(This notice only appears in development) @ https://healthy-snipe-46.clerk.accounts.dev/npm/@clerk/clerk-js@5.127.1/dist/ui-common_clerk.browser_9854dd_5.127.1.js:4
[   67793ms] [INFO] 🔒 Clerk:
The <SignIn/> component cannot render when a user is already signed in, unless the application allows multiple sessions. Since a user is signed in and this application only allows a single session, Clerk is redirecting to the `afterSignIn` URL instead.
(This notice only appears in development) @ https://healthy-snipe-46.clerk.accounts.dev/npm/@clerk/clerk-js@5.127.1/dist/ui-common_clerk.browser_9854dd_5.127.1.js:4
[   67806ms] [INFO] 🔒 Clerk:
The <SignIn/> component cannot render when a user is already signed in, unless the application allows multiple sessions. Since a user is signed in and this application only allows a single session, Clerk is redirecting to the `afterSignIn` URL instead.
(This notice only appears in development) @ https://healthy-snipe-46.clerk.accounts.dev/npm/@clerk/clerk-js@5.127.1/dist/ui-common_clerk.browser_9854dd_5.127.1.js:4
[   67817ms] [INFO] 🔒 Clerk:
The <SignIn/> component cannot render when a user is already signed in, unless the application allows multiple sessions. Since a user is signed in and this application only allows a single session, Clerk is redirecting to the `afterSignIn` URL instead.
(This notice only appears in development) @ https://healthy-snipe-46.clerk.accounts.dev/npm/@clerk/clerk-js@5.127.1/dist/ui-common_clerk.browser_9854dd_5.127.1.js:4
[   67829ms] [INFO] 🔒 Clerk:
The <SignIn/> component cannot render when a user is already signed in, unless the application allows multiple sessions. Since a user is signed in and this application only allows a single session, Clerk is redirecting to the `afterSignIn` URL instead.
(This notice only appears in development) @ https://healthy-snipe-46.clerk.accounts.dev/npm/@clerk/clerk-js@5.127.1/dist/ui-common_clerk.browser_9854dd_5.127.1.js:4
[   67840ms] [INFO] 🔒 Clerk:
The <SignIn/> component cannot render when a user is already signed in, unless the application allows multiple sessions. Since a user is signed in and this application only allows a single session, Clerk is redirecting to the `afterSignIn` URL instead.
(This notice only appears in development) @ https://healthy-snipe-46.clerk.accounts.dev/npm/@clerk/clerk-js@5.127.1/dist/ui-common_clerk.browser_9854dd_5.127.1.js:4
[   67850ms] [INFO] 🔒 Clerk:
The <SignIn/> component cannot render when a user is already signed in, unless the application allows multiple sessions. Since a user is signed in and this application only allows a single session, Clerk is redirecting to the `afterSignIn` URL instead.
(This notice only appears in development) @ https://healthy-snipe-46.clerk.accounts.dev/npm/@clerk/clerk-js@5.127.1/dist/ui-common_clerk.browser_9854dd_5.127.1.js:4
[   67863ms] [INFO] 🔒 Clerk:
The <SignIn/> component cannot render when a user is already signed in, unless the application allows multiple sessions. Since a user is signed in and this application only allows a single session, Clerk is redirecting to the `afterSignIn` URL instead.
(This notice only appears in development) @ https://healthy-snipe-46.clerk.accounts.dev/npm/@clerk/clerk-js@5.127.1/dist/ui-common_clerk.browser_9854dd_5.127.1.js:4
[   67878ms] [INFO] 🔒 Clerk:
The <SignIn/> component cannot render when a user is already signed in, unless the application allows multiple sessions. Since a user is signed in and this application only allows a single session, Clerk is redirecting to the `afterSignIn` URL instead.
(This notice only appears in development) @ https://healthy-snipe-46.clerk.accounts.dev/npm/@clerk/clerk-js@5.127.1/dist/ui-common_clerk.browser_9854dd_5.127.1.js:4
[   67888ms] [INFO] 🔒 Clerk:
The <SignIn/> component cannot render when a user is already signed in, unless the application allows multiple sessions. Since a user is signed in and this application only allows a single session, Clerk is redirecting to the `afterSignIn` URL instead.
(This notice only appears in development) @ https://healthy-snipe-46.clerk.accounts.dev/npm/@clerk/clerk-js@5.127.1/dist/ui-common_clerk.browser_9854dd_5.127.1.js:4
[   67901ms] [INFO] 🔒 Clerk:
The <SignIn/> component cannot render when a user is already signed in, unless the application allows multiple sessions. Since a user is signed in and this application only allows a single session, Clerk is redirecting to the `afterSignIn` URL instead.
(This notice only appears in development) @ https://healthy-snipe-46.clerk.accounts.dev/npm/@clerk/clerk-js@5.127.1/dist/ui-common_clerk.browser_9854dd_5.127.1.js:4
[   67913ms] [INFO] 🔒 Clerk:
The <SignIn/> component cannot render when a user is already signed in, unless the application allows multiple sessions. Since a user is signed in and this application only allows a single session, Clerk is redirecting to the `afterSignIn` URL instead.
(This notice only appears in development) @ https://healthy-snipe-46.clerk.accounts.dev/npm/@clerk/clerk-js@5.127.1/dist/ui-common_clerk.browser_9854dd_5.127.1.js:4
[   67925ms] [INFO] 🔒 Clerk:
The <SignIn/> component cannot render when a user is already signed in, unless the application allows multiple sessions. Since a user is signed in and this application only allows a single session, Clerk is redirecting to the `afterSignIn` URL instead.
(This notice only appears in development) @ https://healthy-snipe-46.clerk.accounts.dev/npm/@clerk/clerk-js@5.127.1/dist/ui-common_clerk.browser_9854dd_5.127.1.js:4
[   67936ms] [INFO] 🔒 Clerk:
The <SignIn/> component cannot render when a user is already signed in, unless the application allows multiple sessions. Since a user is signed in and this application only allows a single session, Clerk is redirecting to the `afterSignIn` URL instead.
(This notice only appears in development) @ https://healthy-snipe-46.clerk.accounts.dev/npm/@clerk/clerk-js@5.127.1/dist/ui-common_clerk.browser_9854dd_5.127.1.js:4
[   67949ms] [INFO] 🔒 Clerk:
The <SignIn/> component cannot render when a user is already signed in, unless the application allows multiple sessions. Since a user is signed in and this application only allows a single session, Clerk is redirecting to the `afterSignIn` URL instead.
(This notice only appears in development) @ https://healthy-snipe-46.clerk.accounts.dev/npm/@clerk/clerk-js@5.127.1/dist/ui-common_clerk.browser_9854dd_5.127.1.js:4
[   67961ms] [INFO] 🔒 Clerk:
The <SignIn/> component cannot render when a user is already signed in, unless the application allows multiple sessions. Since a user is signed in and this application only allows a single session, Clerk is redirecting to the `afterSignIn` URL instead.
(This notice only appears in development) @ https://healthy-snipe-46.clerk.accounts.dev/npm/@clerk/clerk-js@5.127.1/dist/ui-common_clerk.browser_9854dd_5.127.1.js:4
[   67974ms] [INFO] 🔒 Clerk:
The <SignIn/> component cannot render when a user is already signed in, unless the application allows multiple sessions. Since a user is signed in and this application only allows a single session, Clerk is redirecting to the `afterSignIn` URL instead.
(This notice only appears in development) @ https://healthy-snipe-46.clerk.accounts.dev/npm/@clerk/clerk-js@5.127.1/dist/ui-common_clerk.browser_9854dd_5.127.1.js:4
[   67986ms] [INFO] 🔒 Clerk:
The <SignIn/> component cannot render when a user is already signed in, unless the application allows multiple sessions. Since a user is signed in and this application only allows a single session, Clerk is redirecting to the `afterSignIn` URL instead.
(This notice only appears in development) @ https://healthy-snipe-46.clerk.accounts.dev/npm/@clerk/clerk-js@5.127.1/dist/ui-common_clerk.browser_9854dd_5.127.1.js:4
[   67999ms] [INFO] 🔒 Clerk:
The <SignIn/> component cannot render when a user is already signed in, unless the application allows multiple sessions. Since a user is signed in and this application only allows a single session, Clerk is redirecting to the `afterSignIn` URL instead.
(This notice only appears in development) @ https://healthy-snipe-46.clerk.accounts.dev/npm/@clerk/clerk-js@5.127.1/dist/ui-common_clerk.browser_9854dd_5.127.1.js:4
[   68009ms] [INFO] 🔒 Clerk:
The <SignIn/> component cannot render when a user is already signed in, unless the application allows multiple sessions. Since a user is signed in and this application only allows a single session, Clerk is redirecting to the `afterSignIn` URL instead.
(This notice only appears in development) @ https://healthy-snipe-46.clerk.accounts.dev/npm/@clerk/clerk-js@5.127.1/dist/ui-common_clerk.browser_9854dd_5.127.1.js:4
[   68021ms] [INFO] 🔒 Clerk:
The <SignIn/> component cannot render when a user is already signed in, unless the application allows multiple sessions. Since a user is signed in and this application only allows a single session, Clerk is redirecting to the `afterSignIn` URL instead.
(This notice only appears in development) @ https://healthy-snipe-46.clerk.accounts.dev/npm/@clerk/clerk-js@5.127.1/dist/ui-common_clerk.browser_9854dd_5.127.1.js:4
[   68033ms] [INFO] 🔒 Clerk:
The <SignIn/> component cannot render when a user is already signed in, unless the application allows multiple sessions. Since a user is signed in and this application only allows a single session, Clerk is redirecting to the `afterSignIn` URL instead.
(This notice only appears in development) @ https://healthy-snipe-46.clerk.accounts.dev/npm/@clerk/clerk-js@5.127.1/dist/ui-common_clerk.browser_9854dd_5.127.1.js:4
[   68046ms] [INFO] 🔒 Clerk:
The <SignIn/> component cannot render when a user is already signed in, unless the application allows multiple sessions. Since a user is signed in and this application only allows a single session, Clerk is redirecting to the `afterSignIn` URL instead.
(This notice only appears in development) @ https://healthy-snipe-46.clerk.accounts.dev/npm/@clerk/clerk-js@5.127.1/dist/ui-common_clerk.browser_9854dd_5.127.1.js:4
[   68060ms] [INFO] 🔒 Clerk:
The <SignIn/> component cannot render when a user is already signed in, unless the application allows multiple sessions. Since a user is signed in and this application only allows a single session, Clerk is redirecting to the `afterSignIn` URL instead.
(This notice only appears in development) @ https://healthy-snipe-46.clerk.accounts.dev/npm/@clerk/clerk-js@5.127.1/dist/ui-common_clerk.browser_9854dd_5.127.1.js:4
[   68075ms] [INFO] 🔒 Clerk:
The <SignIn/> component cannot render when a user is already signed in, unless the application allows multiple sessions. Since a user is signed in and this application only allows a single session, Clerk is redirecting to the `afterSignIn` URL instead.
(This notice only appears in development) @ https://healthy-snipe-46.clerk.accounts.dev/npm/@clerk/clerk-js@5.127.1/dist/ui-common_clerk.browser_9854dd_5.127.1.js:4
[   68088ms] [INFO] 🔒 Clerk:
The <SignIn/> component cannot render when a user is already signed in, unless the application allows multiple sessions. Since a user is signed in and this application only allows a single session, Clerk is redirecting to the `afterSignIn` URL instead.
(This notice only appears in development) @ https://healthy-snipe-46.clerk.accounts.dev/npm/@clerk/clerk-js@5.127.1/dist/ui-common_clerk.browser_9854dd_5.127.1.js:4
[   68099ms] [INFO] 🔒 Clerk:
The <SignIn/> component cannot render when a user is already signed in, unless the application allows multiple sessions. Since a user is signed in and this application only allows a single session, Clerk is redirecting to the `afterSignIn` URL instead.
(This notice only appears in development) @ https://healthy-snipe-46.clerk.accounts.dev/npm/@clerk/clerk-js@5.127.1/dist/ui-common_clerk.browser_9854dd_5.127.1.js:4
[   68110ms] [INFO] 🔒 Clerk:
The <SignIn/> component cannot render when a user is already signed in, unless the application allows multiple sessions. Since a user is signed in and this application only allows a single session, Clerk is redirecting to the `afterSignIn` URL instead.
(This notice only appears in development) @ https://healthy-snipe-46.clerk.accounts.dev/npm/@clerk/clerk-js@5.127.1/dist/ui-common_clerk.browser_9854dd_5.127.1.js:4
[   68121ms] [INFO] 🔒 Clerk:
The <SignIn/> component cannot render when a user is already signed in, unless the application allows multiple sessions. Since a user is signed in and this application only allows a single session, Clerk is redirecting to the `afterSignIn` URL instead.
(This notice only appears in development) @ https://healthy-snipe-46.clerk.accounts.dev/npm/@clerk/clerk-js@5.127.1/dist/ui-common_clerk.browser_9854dd_5.127.1.js:4
[   68133ms] [INFO] 🔒 Clerk:
The <SignIn/> component cannot render when a user is already signed in, unless the application allows multiple sessions. Since a user is signed in and this application only allows a single session, Clerk is redirecting to the `afterSignIn` URL instead.
(This notice only appears in development) @ https://healthy-snipe-46.clerk.accounts.dev/npm/@clerk/clerk-js@5.127.1/dist/ui-common_clerk.browser_9854dd_5.127.1.js:4
[   68145ms] [INFO] 🔒 Clerk:
The <SignIn/> component cannot render when a user is already signed in, unless the application allows multiple sessions. Since a user is signed in and this application only allows a single session, Clerk is redirecting to the `afterSignIn` URL instead.
(This notice only appears in development) @ https://healthy-snipe-46.clerk.accounts.dev/npm/@clerk/clerk-js@5.127.1/dist/ui-common_clerk.browser_9854dd_5.127.1.js:4
[   68156ms] [INFO] 🔒 Clerk:
The <SignIn/> component cannot render when a user is already signed in, unless the application allows multiple sessions. Since a user is signed in and this application only allows a single session, Clerk is redirecting to the `afterSignIn` URL instead.
(This notice only appears in development) @ https://healthy-snipe-46.clerk.accounts.dev/npm/@clerk/clerk-js@5.127.1/dist/ui-common_clerk.browser_9854dd_5.127.1.js:4
[   68168ms] [INFO] 🔒 Clerk:
The <SignIn/> component cannot render when a user is already signed in, unless the application allows multiple sessions. Since a user is signed in and this application only allows a single session, Clerk is redirecting to the `afterSignIn` URL instead.
(This notice only appears in development) @ https://healthy-snipe-46.clerk.accounts.dev/npm/@clerk/clerk-js@5.127.1/dist/ui-common_clerk.browser_9854dd_5.127.1.js:4
[   68179ms] [INFO] 🔒 Clerk:
The <SignIn/> component cannot render when a user is already signed in, unless the application allows multiple sessions. Since a user is signed in and this application only allows a single session, Clerk is redirecting to the `afterSignIn` URL instead.
(This notice only appears in development) @ https://healthy-snipe-46.clerk.accounts.dev/npm/@clerk/clerk-js@5.127.1/dist/ui-common_clerk.browser_9854dd_5.127.1.js:4
[   68191ms] [INFO] 🔒 Clerk:
The <SignIn/> component cannot render when a user is already signed in, unless the application allows multiple sessions. Since a user is signed in and this application only allows a single session, Clerk is redirecting to the `afterSignIn` URL instead.
(This notice only appears in development) @ https://healthy-snipe-46.clerk.accounts.dev/npm/@clerk/clerk-js@5.127.1/dist/ui-common_clerk.browser_9854dd_5.127.1.js:4
[   68203ms] [INFO] 🔒 Clerk:
The <SignIn/> component cannot render when a user is already signed in, unless the application allows multiple sessions. Since a user is signed in and this application only allows a single session, Clerk is redirecting to the `afterSignIn` URL instead.
(This notice only appears in development) @ https://healthy-snipe-46.clerk.accounts.dev/npm/@clerk/clerk-js@5.127.1/dist/ui-common_clerk.browser_9854dd_5.127.1.js:4
[   68214ms] [INFO] 🔒 Clerk:
The <SignIn/> component cannot render when a user is already signed in, unless the application allows multiple sessions. Since a user is signed in and this application only allows a single session, Clerk is redirecting to the `afterSignIn` URL instead.
(This notice only appears in development) @ https://healthy-snipe-46.clerk.accounts.dev/npm/@clerk/clerk-js@5.127.1/dist/ui-common_clerk.browser_9854dd_5.127.1.js:4
[   68225ms] [INFO] 🔒 Clerk:
The <SignIn/> component cannot render when a user is already signed in, unless the application allows multiple sessions. Since a user is signed in and this application only allows a single session, Clerk is redirecting to the `afterSignIn` URL instead.
(This notice only appears in development) @ https://healthy-snipe-46.clerk.accounts.dev/npm/@clerk/clerk-js@5.127.1/dist/ui-common_clerk.browser_9854dd_5.127.1.js:4
[   68239ms] [INFO] 🔒 Clerk:
The <SignIn/> component cannot render when a user is already signed in, unless the application allows multiple sessions. Since a user is signed in and this application only allows a single session, Clerk is redirecting to the `afterSignIn` URL instead.
(This notice only appears in development) @ https://healthy-snipe-46.clerk.accounts.dev/npm/@clerk/clerk-js@5.127.1/dist/ui-common_clerk.browser_9854dd_5.127.1.js:4
[   68252ms] [INFO] 🔒 Clerk:
The <SignIn/> component cannot render when a user is already signed in, unless the application allows multiple sessions. Since a user is signed in and this application only allows a single session, Clerk is redirecting to the `afterSignIn` URL instead.
(This notice only appears in development) @ https://healthy-snipe-46.clerk.accounts.dev/npm/@clerk/clerk-js@5.127.1/dist/ui-common_clerk.browser_9854dd_5.127.1.js:4
[   68267ms] [INFO] 🔒 Clerk:
The <SignIn/> component cannot render when a user is already signed in, unless the application allows multiple sessions. Since a user is signed in and this application only allows a single session, Clerk is redirecting to the `afterSignIn` URL instead.
(This notice only appears in development) @ https://healthy-snipe-46.clerk.accounts.dev/npm/@clerk/clerk-js@5.127.1/dist/ui-common_clerk.browser_9854dd_5.127.1.js:4
[   68280ms] [INFO] 🔒 Clerk:
The <SignIn/> component cannot render when a user is already signed in, unless the application allows multiple sessions. Since a user is signed in and this application only allows a single session, Clerk is redirecting to the `afterSignIn` URL instead.
(This notice only appears in development) @ https://healthy-snipe-46.clerk.accounts.dev/npm/@clerk/clerk-js@5.127.1/dist/ui-common_clerk.browser_9854dd_5.127.1.js:4
[   68293ms] [INFO] 🔒 Clerk:
The <SignIn/> component cannot render when a user is already signed in, unless the application allows multiple sessions. Since a user is signed in and this application only allows a single session, Clerk is redirecting to the `afterSignIn` URL instead.
(This notice only appears in development) @ https://healthy-snipe-46.clerk.accounts.dev/npm/@clerk/clerk-js@5.127.1/dist/ui-common_clerk.browser_9854dd_5.127.1.js:4
[   68309ms] [INFO] 🔒 Clerk:
The <SignIn/> component cannot render when a user is already signed in, unless the application allows multiple sessions. Since a user is signed in and this application only allows a single session, Clerk is redirecting to the `afterSignIn` URL instead.
(This notice only appears in development) @ https://healthy-snipe-46.clerk.accounts.dev/npm/@clerk/clerk-js@5.127.1/dist/ui-common_clerk.browser_9854dd_5.127.1.js:4
[   68326ms] [INFO] 🔒 Clerk:
The <SignIn/> component cannot render when a user is already signed in, unless the application allows multiple sessions. Since a user is signed in and this application only allows a single session, Clerk is redirecting to the `afterSignIn` URL instead.
(This notice only appears in development) @ https://healthy-snipe-46.clerk.accounts.dev/npm/@clerk/clerk-js@5.127.1/dist/ui-common_clerk.browser_9854dd_5.127.1.js:4
[   68343ms] [INFO] 🔒 Clerk:
The <SignIn/> component cannot render when a user is already signed in, unless the application allows multiple sessions. Since a user is signed in and this application only allows a single session, Clerk is redirecting to the `afterSignIn` URL instead.
(This notice only appears in development) @ https://healthy-snipe-46.clerk.accounts.dev/npm/@clerk/clerk-js@5.127.1/dist/ui-common_clerk.browser_9854dd_5.127.1.js:4
[   68354ms] [INFO] 🔒 Clerk:
The <SignIn/> component cannot render when a user is already signed in, unless the application allows multiple sessions. Since a user is signed in and this application only allows a single session, Clerk is redirecting to the `afterSignIn` URL instead.
(This notice only appears in development) @ https://healthy-snipe-46.clerk.accounts.dev/npm/@clerk/clerk-js@5.127.1/dist/ui-common_clerk.browser_9854dd_5.127.1.js:4
[   68368ms] [INFO] 🔒 Clerk:
The <SignIn/> component cannot render when a user is already signed in, unless the application allows multiple sessions. Since a user is signed in and this application only allows a single session, Clerk is redirecting to the `afterSignIn` URL instead.
(This notice only appears in development) @ https://healthy-snipe-46.clerk.accounts.dev/npm/@clerk/clerk-js@5.127.1/dist/ui-common_clerk.browser_9854dd_5.127.1.js:4
[   68379ms] [INFO] 🔒 Clerk:
The <SignIn/> component cannot render when a user is already signed in, unless the application allows multiple sessions. Since a user is signed in and this application only allows a single session, Clerk is redirecting to the `afterSignIn` URL instead.
(This notice only appears in development) @ https://healthy-snipe-46.clerk.accounts.dev/npm/@clerk/clerk-js@5.127.1/dist/ui-common_clerk.browser_9854dd_5.127.1.js:4
[   68393ms] [INFO] 🔒 Clerk:
The <SignIn/> component cannot render when a user is already signed in, unless the application allows multiple sessions. Since a user is signed in and this application only allows a single session, Clerk is redirecting to the `afterSignIn` URL instead.
(This notice only appears in development) @ https://healthy-snipe-46.clerk.accounts.dev/npm/@clerk/clerk-js@5.127.1/dist/ui-common_clerk.browser_9854dd_5.127.1.js:4
[   68410ms] [INFO] 🔒 Clerk:
The <SignIn/> component cannot render when a user is already signed in, unless the application allows multiple sessions. Since a user is signed in and this application only allows a single session, Clerk is redirecting to the `afterSignIn` URL instead.
(This notice only appears in development) @ https://healthy-snipe-46.clerk.accounts.dev/npm/@clerk/clerk-js@5.127.1/dist/ui-common_clerk.browser_9854dd_5.127.1.js:4
[   68424ms] [INFO] 🔒 Clerk:
The <SignIn/> component cannot render when a user is already signed in, unless the application allows multiple sessions. Since a user is signed in and this application only allows a single session, Clerk is redirecting to the `afterSignIn` URL instead.
(This notice only appears in development) @ https://healthy-snipe-46.clerk.accounts.dev/npm/@clerk/clerk-js@5.127.1/dist/ui-common_clerk.browser_9854dd_5.127.1.js:4
[   68438ms] [INFO] 🔒 Clerk:
The <SignIn/> component cannot render when a user is already signed in, unless the application allows multiple sessions. Since a user is signed in and this application only allows a single session, Clerk is redirecting to the `afterSignIn` URL instead.
(This notice only appears in development) @ https://healthy-snipe-46.clerk.accounts.dev/npm/@clerk/clerk-js@5.127.1/dist/ui-common_clerk.browser_9854dd_5.127.1.js:4
[   68451ms] [INFO] 🔒 Clerk:
The <SignIn/> component cannot render when a user is already signed in, unless the application allows multiple sessions. Since a user is signed in and this application only allows a single session, Clerk is redirecting to the `afterSignIn` URL instead.
(This notice only appears in development) @ https://healthy-snipe-46.clerk.accounts.dev/npm/@clerk/clerk-js@5.127.1/dist/ui-common_clerk.browser_9854dd_5.127.1.js:4
[   68464ms] [INFO] 🔒 Clerk:
The <SignIn/> component cannot render when a user is already signed in, unless the application allows multiple sessions. Since a user is signed in and this application only allows a single session, Clerk is redirecting to the `afterSignIn` URL instead.
(This notice only appears in development) @ https://healthy-snipe-46.clerk.accounts.dev/npm/@clerk/clerk-js@5.127.1/dist/ui-common_clerk.browser_9854dd_5.127.1.js:4
[   68477ms] [INFO] 🔒 Clerk:
The <SignIn/> component cannot render when a user is already signed in, unless the application allows multiple sessions. Since a user is signed in and this application only allows a single session, Clerk is redirecting to the `afterSignIn` URL instead.
(This notice only appears in development) @ https://healthy-snipe-46.clerk.accounts.dev/npm/@clerk/clerk-js@5.127.1/dist/ui-common_clerk.browser_9854dd_5.127.1.js:4
[   68492ms] [INFO] 🔒 Clerk:
The <SignIn/> component cannot render when a user is already signed in, unless the application allows multiple sessions. Since a user is signed in and this application only allows a single session, Clerk is redirecting to the `afterSignIn` URL instead.
(This notice only appears in development) @ https://healthy-snipe-46.clerk.accounts.dev/npm/@clerk/clerk-js@5.127.1/dist/ui-common_clerk.browser_9854dd_5.127.1.js:4
[   68508ms] [INFO] 🔒 Clerk:
The <SignIn/> component cannot render when a user is already signed in, unless the application allows multiple sessions. Since a user is signed in and this application only allows a single session, Clerk is redirecting to the `afterSignIn` URL instead.
(This notice only appears in development) @ https://healthy-snipe-46.clerk.accounts.dev/npm/@clerk/clerk-js@5.127.1/dist/ui-common_clerk.browser_9854dd_5.127.1.js:4
[   68520ms] [INFO] 🔒 Clerk:
The <SignIn/> component cannot render when a user is already signed in, unless the application allows multiple sessions. Since a user is signed in and this application only allows a single session, Clerk is redirecting to the `afterSignIn` URL instead.
(This notice only appears in development) @ https://healthy-snipe-46.clerk.accounts.dev/npm/@clerk/clerk-js@5.127.1/dist/ui-common_clerk.browser_9854dd_5.127.1.js:4
[   68532ms] [INFO] 🔒 Clerk:
The <SignIn/> component cannot render when a user is already signed in, unless the application allows multiple sessions. Since a user is signed in and this application only allows a single session, Clerk is redirecting to the `afterSignIn` URL instead.
(This notice only appears in development) @ https://healthy-snipe-46.clerk.accounts.dev/npm/@clerk/clerk-js@5.127.1/dist/ui-common_clerk.browser_9854dd_5.127.1.js:4
[   68546ms] [INFO] 🔒 Clerk:
The <SignIn/> component cannot render when a user is already signed in, unless the application allows multiple sessions. Since a user is signed in and this application only allows a single session, Clerk is redirecting to the `afterSignIn` URL instead.
(This notice only appears in development) @ https://healthy-snipe-46.clerk.accounts.dev/npm/@clerk/clerk-js@5.127.1/dist/ui-common_clerk.browser_9854dd_5.127.1.js:4
[   68559ms] [INFO] 🔒 Clerk:
The <SignIn/> component cannot render when a user is already signed in, unless the application allows multiple sessions. Since a user is signed in and this application only allows a single session, Clerk is redirecting to the `afterSignIn` URL instead.
(This notice only appears in development) @ https://healthy-snipe-46.clerk.accounts.dev/npm/@clerk/clerk-js@5.127.1/dist/ui-common_clerk.browser_9854dd_5.127.1.js:4
[   68572ms] [INFO] 🔒 Clerk:
The <SignIn/> component cannot render when a user is already signed in, unless the application allows multiple sessions. Since a user is signed in and this application only allows a single session, Clerk is redirecting to the `afterSignIn` URL instead.
(This notice only appears in development) @ https://healthy-snipe-46.clerk.accounts.dev/npm/@clerk/clerk-js@5.127.1/dist/ui-common_clerk.browser_9854dd_5.127.1.js:4
[   68583ms] [INFO] 🔒 Clerk:
The <SignIn/> component cannot render when a user is already signed in, unless the application allows multiple sessions. Since a user is signed in and this application only allows a single session, Clerk is redirecting to the `afterSignIn` URL instead.
(This notice only appears in development) @ https://healthy-snipe-46.clerk.accounts.dev/npm/@clerk/clerk-js@5.127.1/dist/ui-common_clerk.browser_9854dd_5.127.1.js:4
[   68596ms] [INFO] 🔒 Clerk:
The <SignIn/> component cannot render when a user is already signed in, unless the application allows multiple sessions. Since a user is signed in and this application only allows a single session, Clerk is redirecting to the `afterSignIn` URL instead.
(This notice only appears in development) @ https://healthy-snipe-46.clerk.accounts.dev/npm/@clerk/clerk-js@5.127.1/dist/ui-common_clerk.browser_9854dd_5.127.1.js:4
[   68609ms] [INFO] 🔒 Clerk:
The <SignIn/> component cannot render when a user is already signed in, unless the application allows multiple sessions. Since a user is signed in and this application only allows a single session, Clerk is redirecting to the `afterSignIn` URL instead.
(This notice only appears in development) @ https://healthy-snipe-46.clerk.accounts.dev/npm/@clerk/clerk-js@5.127.1/dist/ui-common_clerk.browser_9854dd_5.127.1.js:4
[   68620ms] [INFO] 🔒 Clerk:
The <SignIn/> component cannot render when a user is already signed in, unless the application allows multiple sessions. Since a user is signed in and this application only allows a single session, Clerk is redirecting to the `afterSignIn` URL instead.
(This notice only appears in development) @ https://healthy-snipe-46.clerk.accounts.dev/npm/@clerk/clerk-js@5.127.1/dist/ui-common_clerk.browser_9854dd_5.127.1.js:4
[   68632ms] [INFO] 🔒 Clerk:
The <SignIn/> component cannot render when a user is already signed in, unless the application allows multiple sessions. Since a user is signed in and this application only allows a single session, Clerk is redirecting to the `afterSignIn` URL instead.
(This notice only appears in development) @ https://healthy-snipe-46.clerk.accounts.dev/npm/@clerk/clerk-js@5.127.1/dist/ui-common_clerk.browser_9854dd_5.127.1.js:4
[   68644ms] [INFO] 🔒 Clerk:
The <SignIn/> component cannot render when a user is already signed in, unless the application allows multiple sessions. Since a user is signed in and this application only allows a single session, Clerk is redirecting to the `afterSignIn` URL instead.
(This notice only appears in development) @ https://healthy-snipe-46.clerk.accounts.dev/npm/@clerk/clerk-js@5.127.1/dist/ui-common_clerk.browser_9854dd_5.127.1.js:4
[   68658ms] [INFO] 🔒 Clerk:
The <SignIn/> component cannot render when a user is already signed in, unless the application allows multiple sessions. Since a user is signed in and this application only allows a single session, Clerk is redirecting to the `afterSignIn` URL instead.
(This notice only appears in development) @ https://healthy-snipe-46.clerk.accounts.dev/npm/@clerk/clerk-js@5.127.1/dist/ui-common_clerk.browser_9854dd_5.127.1.js:4
[   68672ms] [INFO] 🔒 Clerk:
The <SignIn/> component cannot render when a user is already signed in, unless the application allows multiple sessions. Since a user is signed in and this application only allows a single session, Clerk is redirecting to the `afterSignIn` URL instead.
(This notice only appears in development) @ https://healthy-snipe-46.clerk.accounts.dev/npm/@clerk/clerk-js@5.127.1/dist/ui-common_clerk.browser_9854dd_5.127.1.js:4
[   68684ms] [INFO] 🔒 Clerk:
The <SignIn/> component cannot render when a user is already signed in, unless the application allows multiple sessions. Since a user is signed in and this application only allows a single session, Clerk is redirecting to the `afterSignIn` URL instead.
(This notice only appears in development) @ https://healthy-snipe-46.clerk.accounts.dev/npm/@clerk/clerk-js@5.127.1/dist/ui-common_clerk.browser_9854dd_5.127.1.js:4
[   68696ms] [INFO] 🔒 Clerk:
The <SignIn/> component cannot render when a user is already signed in, unless the application allows multiple sessions. Since a user is signed in and this application only allows a single session, Clerk is redirecting to the `afterSignIn` URL instead.
(This notice only appears in development) @ https://healthy-snipe-46.clerk.accounts.dev/npm/@clerk/clerk-js@5.127.1/dist/ui-common_clerk.browser_9854dd_5.127.1.js:4
[   68707ms] [INFO] 🔒 Clerk:
The <SignIn/> component cannot render when a user is already signed in, unless the application allows multiple sessions. Since a user is signed in and this application only allows a single session, Clerk is redirecting to the `afterSignIn` URL instead.
(This notice only appears in development) @ https://healthy-snipe-46.clerk.accounts.dev/npm/@clerk/clerk-js@5.127.1/dist/ui-common_clerk.browser_9854dd_5.127.1.js:4
[   68718ms] [INFO] 🔒 Clerk:
The <SignIn/> component cannot render when a user is already signed in, unless the application allows multiple sessions. Since a user is signed in and this application only allows a single session, Clerk is redirecting to the `afterSignIn` URL instead.
(This notice only appears in development) @ https://healthy-snipe-46.clerk.accounts.dev/npm/@clerk/clerk-js@5.127.1/dist/ui-common_clerk.browser_9854dd_5.127.1.js:4
[   68729ms] [INFO] 🔒 Clerk:
The <SignIn/> component cannot render when a user is already signed in, unless the application allows multiple sessions. Since a user is signed in and this application only allows a single session, Clerk is redirecting to the `afterSignIn` URL instead.
(This notice only appears in development) @ https://healthy-snipe-46.clerk.accounts.dev/npm/@clerk/clerk-js@5.127.1/dist/ui-common_clerk.browser_9854dd_5.127.1.js:4
[   68742ms] [INFO] 🔒 Clerk:
The <SignIn/> component cannot render when a user is already signed in, unless the application allows multiple sessions. Since a user is signed in and this application only allows a single session, Clerk is redirecting to the `afterSignIn` URL instead.
(This notice only appears in development) @ https://healthy-snipe-46.clerk.accounts.dev/npm/@clerk/clerk-js@5.127.1/dist/ui-common_clerk.browser_9854dd_5.127.1.js:4
[   68754ms] [INFO] 🔒 Clerk:
The <SignIn/> component cannot render when a user is already signed in, unless the application allows multiple sessions. Since a user is signed in and this application only allows a single session, Clerk is redirecting to the `afterSignIn` URL instead.
(This notice only appears in development) @ https://healthy-snipe-46.clerk.accounts.dev/npm/@clerk/clerk-js@5.127.1/dist/ui-common_clerk.browser_9854dd_5.127.1.js:4
[   68768ms] [INFO] 🔒 Clerk:
The <SignIn/> component cannot render when a user is already signed in, unless the application allows multiple sessions. Since a user is signed in and this application only allows a single session, Clerk is redirecting to the `afterSignIn` URL instead.
(This notice only appears in development) @ https://healthy-snipe-46.clerk.accounts.dev/npm/@clerk/clerk-js@5.127.1/dist/ui-common_clerk.browser_9854dd_5.127.1.js:4
[   68781ms] [INFO] 🔒 Clerk:
The <SignIn/> component cannot render when a user is already signed in, unless the application allows multiple sessions. Since a user is signed in and this application only allows a single session, Clerk is redirecting to the `afterSignIn` URL instead.
(This notice only appears in development) @ https://healthy-snipe-46.clerk.accounts.dev/npm/@clerk/clerk-js@5.127.1/dist/ui-common_clerk.browser_9854dd_5.127.1.js:4
[   68792ms] [INFO] 🔒 Clerk:
The <SignIn/> component cannot render when a user is already signed in, unless the application allows multiple sessions. Since a user is signed in and this application only allows a single session, Clerk is redirecting to the `afterSignIn` URL instead.
(This notice only appears in development) @ https://healthy-snipe-46.clerk.accounts.dev/npm/@clerk/clerk-js@5.127.1/dist/ui-common_clerk.browser_9854dd_5.127.1.js:4
[   68810ms] [INFO] 🔒 Clerk:
The <SignIn/> component cannot render when a user is already signed in, unless the application allows multiple sessions. Since a user is signed in and this application only allows a single session, Clerk is redirecting to the `afterSignIn` URL instead.
(This notice only appears in development) @ https://healthy-snipe-46.clerk.accounts.dev/npm/@clerk/clerk-js@5.127.1/dist/ui-common_clerk.browser_9854dd_5.127.1.js:4
[   68821ms] [INFO] 🔒 Clerk:
The <SignIn/> component cannot render when a user is already signed in, unless the application allows multiple sessions. Since a user is signed in and this application only allows a single session, Clerk is redirecting to the `afterSignIn` URL instead.
(This notice only appears in development) @ https://healthy-snipe-46.clerk.accounts.dev/npm/@clerk/clerk-js@5.127.1/dist/ui-common_clerk.browser_9854dd_5.127.1.js:4
[   68835ms] [INFO] 🔒 Clerk:
The <SignIn/> component cannot render when a user is already signed in, unless the application allows multiple sessions. Since a user is signed in and this application only allows a single session, Clerk is redirecting to the `afterSignIn` URL instead.
(This notice only appears in development) @ https://healthy-snipe-46.clerk.accounts.dev/npm/@clerk/clerk-js@5.127.1/dist/ui-common_clerk.browser_9854dd_5.127.1.js:4
[   68849ms] [INFO] 🔒 Clerk:
The <SignIn/> component cannot render when a user is already signed in, unless the application allows multiple sessions. Since a user is signed in and this application only allows a single session, Clerk is redirecting to the `afterSignIn` URL instead.
(This notice only appears in development) @ https://healthy-snipe-46.clerk.accounts.dev/npm/@clerk/clerk-js@5.127.1/dist/ui-common_clerk.browser_9854dd_5.127.1.js:4
[   68862ms] [INFO] 🔒 Clerk:
The <SignIn/> component cannot render when a user is already signed in, unless the application allows multiple sessions. Since a user is signed in and this application only allows a single session, Clerk is redirecting to the `afterSignIn` URL instead.
(This notice only appears in development) @ https://healthy-snipe-46.clerk.accounts.dev/npm/@clerk/clerk-js@5.127.1/dist/ui-common_clerk.browser_9854dd_5.127.1.js:4
[   68875ms] [INFO] 🔒 Clerk:
The <SignIn/> component cannot render when a user is already signed in, unless the application allows multiple sessions. Since a user is signed in and this application only allows a single session, Clerk is redirecting to the `afterSignIn` URL instead.
(This notice only appears in development) @ https://healthy-snipe-46.clerk.accounts.dev/npm/@clerk/clerk-js@5.127.1/dist/ui-common_clerk.browser_9854dd_5.127.1.js:4
[   68888ms] [INFO] 🔒 Clerk:
The <SignIn/> component cannot render when a user is already signed in, unless the application allows multiple sessions. Since a user is signed in and this application only allows a single session, Clerk is redirecting to the `afterSignIn` URL instead.
(This notice only appears in development) @ https://healthy-snipe-46.clerk.accounts.dev/npm/@clerk/clerk-js@5.127.1/dist/ui-common_clerk.browser_9854dd_5.127.1.js:4
[   68901ms] [INFO] 🔒 Clerk:
The <SignIn/> component cannot render when a user is already signed in, unless the application allows multiple sessions. Since a user is signed in and this application only allows a single session, Clerk is redirecting to the `afterSignIn` URL instead.
(This notice only appears in development) @ https://healthy-snipe-46.clerk.accounts.dev/npm/@clerk/clerk-js@5.127.1/dist/ui-common_clerk.browser_9854dd_5.127.1.js:4
[   68911ms] [INFO] 🔒 Clerk:
The <SignIn/> component cannot render when a user is already signed in, unless the application allows multiple sessions. Since a user is signed in and this application only allows a single session, Clerk is redirecting to the `afterSignIn` URL instead.
(This notice only appears in development) @ https://healthy-snipe-46.clerk.accounts.dev/npm/@clerk/clerk-js@5.127.1/dist/ui-common_clerk.browser_9854dd_5.127.1.js:4
[   68927ms] [INFO] 🔒 Clerk:
The <SignIn/> component cannot render when a user is already signed in, unless the application allows multiple sessions. Since a user is signed in and this application only allows a single session, Clerk is redirecting to the `afterSignIn` URL instead.
(This notice only appears in development) @ https://healthy-snipe-46.clerk.accounts.dev/npm/@clerk/clerk-js@5.127.1/dist/ui-common_clerk.browser_9854dd_5.127.1.js:4
[   68943ms] [INFO] 🔒 Clerk:
The <SignIn/> component cannot render when a user is already signed in, unless the application allows multiple sessions. Since a user is signed in and this application only allows a single session, Clerk is redirecting to the `afterSignIn` URL instead.
(This notice only appears in development) @ https://healthy-snipe-46.clerk.accounts.dev/npm/@clerk/clerk-js@5.127.1/dist/ui-common_clerk.browser_9854dd_5.127.1.js:4
[   68958ms] [INFO] 🔒 Clerk:
The <SignIn/> component cannot render when a user is already signed in, unless the application allows multiple sessions. Since a user is signed in and this application only allows a single session, Clerk is redirecting to the `afterSignIn` URL instead.
(This notice only appears in development) @ https://healthy-snipe-46.clerk.accounts.dev/npm/@clerk/clerk-js@5.127.1/dist/ui-common_clerk.browser_9854dd_5.127.1.js:4
[   68969ms] [INFO] 🔒 Clerk:
The <SignIn/> component cannot render when a user is already signed in, unless the application allows multiple sessions. Since a user is signed in and this application only allows a single session, Clerk is redirecting to the `afterSignIn` URL instead.
(This notice only appears in development) @ https://healthy-snipe-46.clerk.accounts.dev/npm/@clerk/clerk-js@5.127.1/dist/ui-common_clerk.browser_9854dd_5.127.1.js:4
[   68980ms] [INFO] 🔒 Clerk:
The <SignIn/> component cannot render when a user is already signed in, unless the application allows multiple sessions. Since a user is signed in and this application only allows a single session, Clerk is redirecting to the `afterSignIn` URL instead.
(This notice only appears in development) @ https://healthy-snipe-46.clerk.accounts.dev/npm/@clerk/clerk-js@5.127.1/dist/ui-common_clerk.browser_9854dd_5.127.1.js:4
[   68993ms] [INFO] 🔒 Clerk:
The <SignIn/> component cannot render when a user is already signed in, unless the application allows multiple sessions. Since a user is signed in and this application only allows a single session, Clerk is redirecting to the `afterSignIn` URL instead.
(This notice only appears in development) @ https://healthy-snipe-46.clerk.accounts.dev/npm/@clerk/clerk-js@5.127.1/dist/ui-common_clerk.browser_9854dd_5.127.1.js:4
[   69004ms] [INFO] 🔒 Clerk:
The <SignIn/> component cannot render when a user is already signed in, unless the application allows multiple sessions. Since a user is signed in and this application only allows a single session, Clerk is redirecting to the `afterSignIn` URL instead.
(This notice only appears in development) @ https://healthy-snipe-46.clerk.accounts.dev/npm/@clerk/clerk-js@5.127.1/dist/ui-common_clerk.browser_9854dd_5.127.1.js:4
[   69016ms] [INFO] 🔒 Clerk:
The <SignIn/> component cannot render when a user is already signed in, unless the application allows multiple sessions. Since a user is signed in and this application only allows a single session, Clerk is redirecting to the `afterSignIn` URL instead.
(This notice only appears in development) @ https://healthy-snipe-46.clerk.accounts.dev/npm/@clerk/clerk-js@5.127.1/dist/ui-common_clerk.browser_9854dd_5.127.1.js:4
[   69028ms] [INFO] 🔒 Clerk:
The <SignIn/> component cannot render when a user is already signed in, unless the application allows multiple sessions. Since a user is signed in and this application only allows a single session, Clerk is redirecting to the `afterSignIn` URL instead.
(This notice only appears in development) @ https://healthy-snipe-46.clerk.accounts.dev/npm/@clerk/clerk-js@5.127.1/dist/ui-common_clerk.browser_9854dd_5.127.1.js:4
[   69038ms] [INFO] 🔒 Clerk:
The <SignIn/> component cannot render when a user is already signed in, unless the application allows multiple sessions. Since a user is signed in and this application only allows a single session, Clerk is redirecting to the `afterSignIn` URL instead.
(This notice only appears in development) @ https://healthy-snipe-46.clerk.accounts.dev/npm/@clerk/clerk-js@5.127.1/dist/ui-common_clerk.browser_9854dd_5.127.1.js:4
[   69053ms] [INFO] 🔒 Clerk:
The <SignIn/> component cannot render when a user is already signed in, unless the application allows multiple sessions. Since a user is signed in and this application only allows a single session, Clerk is redirecting to the `afterSignIn` URL instead.
(This notice only appears in development) @ https://healthy-snipe-46.clerk.accounts.dev/npm/@clerk/clerk-js@5.127.1/dist/ui-common_clerk.browser_9854dd_5.127.1.js:4
[   69067ms] [INFO] 🔒 Clerk:
The <SignIn/> component cannot render when a user is already signed in, unless the application allows multiple sessions. Since a user is signed in and this application only allows a single session, Clerk is redirecting to the `afterSignIn` URL instead.
(This notice only appears in development) @ https://healthy-snipe-46.clerk.accounts.dev/npm/@clerk/clerk-js@5.127.1/dist/ui-common_clerk.browser_9854dd_5.127.1.js:4
[   69082ms] [INFO] 🔒 Clerk:
The <SignIn/> component cannot render when a user is already signed in, unless the application allows multiple sessions. Since a user is signed in and this application only allows a single session, Clerk is redirecting to the `afterSignIn` URL instead.
(This notice only appears in development) @ https://healthy-snipe-46.clerk.accounts.dev/npm/@clerk/clerk-js@5.127.1/dist/ui-common_clerk.browser_9854dd_5.127.1.js:4
[   69095ms] [INFO] 🔒 Clerk:
The <SignIn/> component cannot render when a user is already signed in, unless the application allows multiple sessions. Since a user is signed in and this application only allows a single session, Clerk is redirecting to the `afterSignIn` URL instead.
(This notice only appears in development) @ https://healthy-snipe-46.clerk.accounts.dev/npm/@clerk/clerk-js@5.127.1/dist/ui-common_clerk.browser_9854dd_5.127.1.js:4
[   69108ms] [INFO] 🔒 Clerk:
The <SignIn/> component cannot render when a user is already signed in, unless the application allows multiple sessions. Since a user is signed in and this application only allows a single session, Clerk is redirecting to the `afterSignIn` URL instead.
(This notice only appears in development) @ https://healthy-snipe-46.clerk.accounts.dev/npm/@clerk/clerk-js@5.127.1/dist/ui-common_clerk.browser_9854dd_5.127.1.js:4
[   69120ms] [INFO] 🔒 Clerk:
The <SignIn/> component cannot render when a user is already signed in, unless the application allows multiple sessions. Since a user is signed in and this application only allows a single session, Clerk is redirecting to the `afterSignIn` URL instead.
(This notice only appears in development) @ https://healthy-snipe-46.clerk.accounts.dev/npm/@clerk/clerk-js@5.127.1/dist/ui-common_clerk.browser_9854dd_5.127.1.js:4
[   69135ms] [INFO] 🔒 Clerk:
The <SignIn/> component cannot render when a user is already signed in, unless the application allows multiple sessions. Since a user is signed in and this application only allows a single session, Clerk is redirecting to the `afterSignIn` URL instead.
(This notice only appears in development) @ https://healthy-snipe-46.clerk.accounts.dev/npm/@clerk/clerk-js@5.127.1/dist/ui-common_clerk.browser_9854dd_5.127.1.js:4
[   69151ms] [INFO] 🔒 Clerk:
The <SignIn/> component cannot render when a user is already signed in, unless the application allows multiple sessions. Since a user is signed in and this application only allows a single session, Clerk is redirecting to the `afterSignIn` URL instead.
(This notice only appears in development) @ https://healthy-snipe-46.clerk.accounts.dev/npm/@clerk/clerk-js@5.127.1/dist/ui-common_clerk.browser_9854dd_5.127.1.js:4
[   69166ms] [INFO] 🔒 Clerk:
The <SignIn/> component cannot render when a user is already signed in, unless the application allows multiple sessions. Since a user is signed in and this application only allows a single session, Clerk is redirecting to the `afterSignIn` URL instead.
(This notice only appears in development) @ https://healthy-snipe-46.clerk.accounts.dev/npm/@clerk/clerk-js@5.127.1/dist/ui-common_clerk.browser_9854dd_5.127.1.js:4
[   69180ms] [INFO] 🔒 Clerk:
The <SignIn/> component cannot render when a user is already signed in, unless the application allows multiple sessions. Since a user is signed in and this application only allows a single session, Clerk is redirecting to the `afterSignIn` URL instead.
(This notice only appears in development) @ https://healthy-snipe-46.clerk.accounts.dev/npm/@clerk/clerk-js@5.127.1/dist/ui-common_clerk.browser_9854dd_5.127.1.js:4
[   69195ms] [INFO] 🔒 Clerk:
The <SignIn/> component cannot render when a user is already signed in, unless the application allows multiple sessions. Since a user is signed in and this application only allows a single session, Clerk is redirecting to the `afterSignIn` URL instead.
(This notice only appears in development) @ https://healthy-snipe-46.clerk.accounts.dev/npm/@clerk/clerk-js@5.127.1/dist/ui-common_clerk.browser_9854dd_5.127.1.js:4
[   69209ms] [INFO] 🔒 Clerk:
The <SignIn/> component cannot render when a user is already signed in, unless the application allows multiple sessions. Since a user is signed in and this application only allows a single session, Clerk is redirecting to the `afterSignIn` URL instead.
(This notice only appears in development) @ https://healthy-snipe-46.clerk.accounts.dev/npm/@clerk/clerk-js@5.127.1/dist/ui-common_clerk.browser_9854dd_5.127.1.js:4
[   69232ms] [INFO] 🔒 Clerk:
The <SignIn/> component cannot render when a user is already signed in, unless the application allows multiple sessions. Since a user is signed in and this application only allows a single session, Clerk is redirecting to the `afterSignIn` URL instead.
(This notice only appears in development) @ https://healthy-snipe-46.clerk.accounts.dev/npm/@clerk/clerk-js@5.127.1/dist/ui-common_clerk.browser_9854dd_5.127.1.js:4
[   69255ms] [INFO] 🔒 Clerk:
The <SignIn/> component cannot render when a user is already signed in, unless the application allows multiple sessions. Since a user is signed in and this application only allows a single session, Clerk is redirecting to the `afterSignIn` URL instead.
(This notice only appears in development) @ https://healthy-snipe-46.clerk.accounts.dev/npm/@clerk/clerk-js@5.127.1/dist/ui-common_clerk.browser_9854dd_5.127.1.js:4
[   69274ms] [INFO] 🔒 Clerk:
The <SignIn/> component cannot render when a user is already signed in, unless the application allows multiple sessions. Since a user is signed in and this application only allows a single session, Clerk is redirecting to the `afterSignIn` URL instead.
(This notice only appears in development) @ https://healthy-snipe-46.clerk.accounts.dev/npm/@clerk/clerk-js@5.127.1/dist/ui-common_clerk.browser_9854dd_5.127.1.js:4
[   69291ms] [INFO] 🔒 Clerk:
The <SignIn/> component cannot render when a user is already signed in, unless the application allows multiple sessions. Since a user is signed in and this application only allows a single session, Clerk is redirecting to the `afterSignIn` URL instead.
(This notice only appears in development) @ https://healthy-snipe-46.clerk.accounts.dev/npm/@clerk/clerk-js@5.127.1/dist/ui-common_clerk.browser_9854dd_5.127.1.js:4
[   69304ms] [INFO] 🔒 Clerk:
The <SignIn/> component cannot render when a user is already signed in, unless the application allows multiple sessions. Since a user is signed in and this application only allows a single session, Clerk is redirecting to the `afterSignIn` URL instead.
(This notice only appears in development) @ https://healthy-snipe-46.clerk.accounts.dev/npm/@clerk/clerk-js@5.127.1/dist/ui-common_clerk.browser_9854dd_5.127.1.js:4
[   69318ms] [INFO] 🔒 Clerk:
The <SignIn/> component cannot render when a user is already signed in, unless the application allows multiple sessions. Since a user is signed in and this application only allows a single session, Clerk is redirecting to the `afterSignIn` URL instead.
(This notice only appears in development) @ https://healthy-snipe-46.clerk.accounts.dev/npm/@clerk/clerk-js@5.127.1/dist/ui-common_clerk.browser_9854dd_5.127.1.js:4
[   69351ms] [INFO] 🔒 Clerk:
The <SignIn/> component cannot render when a user is already signed in, unless the application allows multiple sessions. Since a user is signed in and this application only allows a single session, Clerk is redirecting to the `afterSignIn` URL instead.
(This notice only appears in development) @ https://healthy-snipe-46.clerk.accounts.dev/npm/@clerk/clerk-js@5.127.1/dist/ui-common_clerk.browser_9854dd_5.127.1.js:4
[   69367ms] [INFO] 🔒 Clerk:
The <SignIn/> component cannot render when a user is already signed in, unless the application allows multiple sessions. Since a user is signed in and this application only allows a single session, Clerk is redirecting to the `afterSignIn` URL instead.
(This notice only appears in development) @ https://healthy-snipe-46.clerk.accounts.dev/npm/@clerk/clerk-js@5.127.1/dist/ui-common_clerk.browser_9854dd_5.127.1.js:4
[   69381ms] [INFO] 🔒 Clerk:
The <SignIn/> component cannot render when a user is already signed in, unless the application allows multiple sessions. Since a user is signed in and this application only allows a single session, Clerk is redirecting to the `afterSignIn` URL instead.
(This notice only appears in development) @ https://healthy-snipe-46.clerk.accounts.dev/npm/@clerk/clerk-js@5.127.1/dist/ui-common_clerk.browser_9854dd_5.127.1.js:4
[   69392ms] [INFO] 🔒 Clerk:
The <SignIn/> component cannot render when a user is already signed in, unless the application allows multiple sessions. Since a user is signed in and this application only allows a single session, Clerk is redirecting to the `afterSignIn` URL instead.
(This notice only appears in development) @ https://healthy-snipe-46.clerk.accounts.dev/npm/@clerk/clerk-js@5.127.1/dist/ui-common_clerk.browser_9854dd_5.127.1.js:4
[   69405ms] [INFO] 🔒 Clerk:
The <SignIn/> component cannot render when a user is already signed in, unless the application allows multiple sessions. Since a user is signed in and this application only allows a single session, Clerk is redirecting to the `afterSignIn` URL instead.
(This notice only appears in development) @ https://healthy-snipe-46.clerk.accounts.dev/npm/@clerk/clerk-js@5.127.1/dist/ui-common_clerk.browser_9854dd_5.127.1.js:4
[   69416ms] [INFO] 🔒 Clerk:
The <SignIn/> component cannot render when a user is already signed in, unless the application allows multiple sessions. Since a user is signed in and this application only allows a single session, Clerk is redirecting to the `afterSignIn` URL instead.
(This notice only appears in development) @ https://healthy-snipe-46.clerk.accounts.dev/npm/@clerk/clerk-js@5.127.1/dist/ui-common_clerk.browser_9854dd_5.127.1.js:4
[   69428ms] [INFO] 🔒 Clerk:
The <SignIn/> component cannot render when a user is already signed in, unless the application allows multiple sessions. Since a user is signed in and this application only allows a single session, Clerk is redirecting to the `afterSignIn` URL instead.
(This notice only appears in development) @ https://healthy-snipe-46.clerk.accounts.dev/npm/@clerk/clerk-js@5.127.1/dist/ui-common_clerk.browser_9854dd_5.127.1.js:4
[   69440ms] [INFO] 🔒 Clerk:
The <SignIn/> component cannot render when a user is already signed in, unless the application allows multiple sessions. Since a user is signed in and this application only allows a single session, Clerk is redirecting to the `afterSignIn` URL instead.
(This notice only appears in development) @ https://healthy-snipe-46.clerk.accounts.dev/npm/@clerk/clerk-js@5.127.1/dist/ui-common_clerk.browser_9854dd_5.127.1.js:4
[   69458ms] [INFO] 🔒 Clerk:
The <SignIn/> component cannot render when a user is already signed in, unless the application allows multiple sessions. Since a user is signed in and this application only allows a single session, Clerk is redirecting to the `afterSignIn` URL instead.
(This notice only appears in development) @ https://healthy-snipe-46.clerk.accounts.dev/npm/@clerk/clerk-js@5.127.1/dist/ui-common_clerk.browser_9854dd_5.127.1.js:4
[   69478ms] [INFO] 🔒 Clerk:
The <SignIn/> component cannot render when a user is already signed in, unless the application allows multiple sessions. Since a user is signed in and this application only allows a single session, Clerk is redirecting to the `afterSignIn` URL instead.
(This notice only appears in development) @ https://healthy-snipe-46.clerk.accounts.dev/npm/@clerk/clerk-js@5.127.1/dist/ui-common_clerk.browser_9854dd_5.127.1.js:4
[   69492ms] [INFO] 🔒 Clerk:
The <SignIn/> component cannot render when a user is already signed in, unless the application allows multiple sessions. Since a user is signed in and this application only allows a single session, Clerk is redirecting to the `afterSignIn` URL instead.
(This notice only appears in development) @ https://healthy-snipe-46.clerk.accounts.dev/npm/@clerk/clerk-js@5.127.1/dist/ui-common_clerk.browser_9854dd_5.127.1.js:4
[   69503ms] [INFO] 🔒 Clerk:
The <SignIn/> component cannot render when a user is already signed in, unless the application allows multiple sessions. Since a user is signed in and this application only allows a single session, Clerk is redirecting to the `afterSignIn` URL instead.
(This notice only appears in development) @ https://healthy-snipe-46.clerk.accounts.dev/npm/@clerk/clerk-js@5.127.1/dist/ui-common_clerk.browser_9854dd_5.127.1.js:4
[   69516ms] [INFO] 🔒 Clerk:
The <SignIn/> component cannot render when a user is already signed in, unless the application allows multiple sessions. Since a user is signed in and this application only allows a single session, Clerk is redirecting to the `afterSignIn` URL instead.
(This notice only appears in development) @ https://healthy-snipe-46.clerk.accounts.dev/npm/@clerk/clerk-js@5.127.1/dist/ui-common_clerk.browser_9854dd_5.127.1.js:4
[   69528ms] [INFO] 🔒 Clerk:
The <SignIn/> component cannot render when a user is already signed in, unless the application allows multiple sessions. Since a user is signed in and this application only allows a single session, Clerk is redirecting to the `afterSignIn` URL instead.
(This notice only appears in development) @ https://healthy-snipe-46.clerk.accounts.dev/npm/@clerk/clerk-js@5.127.1/dist/ui-common_clerk.browser_9854dd_5.127.1.js:4
[   69539ms] [INFO] 🔒 Clerk:
The <SignIn/> component cannot render when a user is already signed in, unless the application allows multiple sessions. Since a user is signed in and this application only allows a single session, Clerk is redirecting to the `afterSignIn` URL instead.
(This notice only appears in development) @ https://healthy-snipe-46.clerk.accounts.dev/npm/@clerk/clerk-js@5.127.1/dist/ui-common_clerk.browser_9854dd_5.127.1.js:4
[   69551ms] [INFO] 🔒 Clerk:
The <SignIn/> component cannot render when a user is already signed in, unless the application allows multiple sessions. Since a user is signed in and this application only allows a single session, Clerk is redirecting to the `afterSignIn` URL instead.
(This notice only appears in development) @ https://healthy-snipe-46.clerk.accounts.dev/npm/@clerk/clerk-js@5.127.1/dist/ui-common_clerk.browser_9854dd_5.127.1.js:4
[   69563ms] [INFO] 🔒 Clerk:
The <SignIn/> component cannot render when a user is already signed in, unless the application allows multiple sessions. Since a user is signed in and this application only allows a single session, Clerk is redirecting to the `afterSignIn` URL instead.
(This notice only appears in development) @ https://healthy-snipe-46.clerk.accounts.dev/npm/@clerk/clerk-js@5.127.1/dist/ui-common_clerk.browser_9854dd_5.127.1.js:4
[   69575ms] [INFO] 🔒 Clerk:
The <SignIn/> component cannot render when a user is already signed in, unless the application allows multiple sessions. Since a user is signed in and this application only allows a single session, Clerk is redirecting to the `afterSignIn` URL instead.
(This notice only appears in development) @ https://healthy-snipe-46.clerk.accounts.dev/npm/@clerk/clerk-js@5.127.1/dist/ui-common_clerk.browser_9854dd_5.127.1.js:4
[   69588ms] [INFO] 🔒 Clerk:
The <SignIn/> component cannot render when a user is already signed in, unless the application allows multiple sessions. Since a user is signed in and this application only allows a single session, Clerk is redirecting to the `afterSignIn` URL instead.
(This notice only appears in development) @ https://healthy-snipe-46.clerk.accounts.dev/npm/@clerk/clerk-js@5.127.1/dist/ui-common_clerk.browser_9854dd_5.127.1.js:4
[   69601ms] [INFO] 🔒 Clerk:
The <SignIn/> component cannot render when a user is already signed in, unless the application allows multiple sessions. Since a user is signed in and this application only allows a single session, Clerk is redirecting to the `afterSignIn` URL instead.
(This notice only appears in development) @ https://healthy-snipe-46.clerk.accounts.dev/npm/@clerk/clerk-js@5.127.1/dist/ui-common_clerk.browser_9854dd_5.127.1.js:4
[   69612ms] [INFO] 🔒 Clerk:
The <SignIn/> component cannot render when a user is already signed in, unless the application allows multiple sessions. Since a user is signed in and this application only allows a single session, Clerk is redirecting to the `afterSignIn` URL instead.
(This notice only appears in development) @ https://healthy-snipe-46.clerk.accounts.dev/npm/@clerk/clerk-js@5.127.1/dist/ui-common_clerk.browser_9854dd_5.127.1.js:4
[   69624ms] [INFO] 🔒 Clerk:
The <SignIn/> component cannot render when a user is already signed in, unless the application allows multiple sessions. Since a user is signed in and this application only allows a single session, Clerk is redirecting to the `afterSignIn` URL instead.
(This notice only appears in development) @ https://healthy-snipe-46.clerk.accounts.dev/npm/@clerk/clerk-js@5.127.1/dist/ui-common_clerk.browser_9854dd_5.127.1.js:4
[   69635ms] [INFO] 🔒 Clerk:
The <SignIn/> component cannot render when a user is already signed in, unless the application allows multiple sessions. Since a user is signed in and this application only allows a single session, Clerk is redirecting to the `afterSignIn` URL instead.
(This notice only appears in development) @ https://healthy-snipe-46.clerk.accounts.dev/npm/@clerk/clerk-js@5.127.1/dist/ui-common_clerk.browser_9854dd_5.127.1.js:4
[   69646ms] [INFO] 🔒 Clerk:
The <SignIn/> component cannot render when a user is already signed in, unless the application allows multiple sessions. Since a user is signed in and this application only allows a single session, Clerk is redirecting to the `afterSignIn` URL instead.
(This notice only appears in development) @ https://healthy-snipe-46.clerk.accounts.dev/npm/@clerk/clerk-js@5.127.1/dist/ui-common_clerk.browser_9854dd_5.127.1.js:4
[   69657ms] [INFO] 🔒 Clerk:
The <SignIn/> component cannot render when a user is already signed in, unless the application allows multiple sessions. Since a user is signed in and this application only allows a single session, Clerk is redirecting to the `afterSignIn` URL instead.
(This notice only appears in development) @ https://healthy-snipe-46.clerk.accounts.dev/npm/@clerk/clerk-js@5.127.1/dist/ui-common_clerk.browser_9854dd_5.127.1.js:4
[   69668ms] [INFO] 🔒 Clerk:
The <SignIn/> component cannot render when a user is already signed in, unless the application allows multiple sessions. Since a user is signed in and this application only allows a single session, Clerk is redirecting to the `afterSignIn` URL instead.
(This notice only appears in development) @ https://healthy-snipe-46.clerk.accounts.dev/npm/@clerk/clerk-js@5.127.1/dist/ui-common_clerk.browser_9854dd_5.127.1.js:4
[   69680ms] [INFO] 🔒 Clerk:
The <SignIn/> component cannot render when a user is already signed in, unless the application allows multiple sessions. Since a user is signed in and this application only allows a single session, Clerk is redirecting to the `afterSignIn` URL instead.
(This notice only appears in development) @ https://healthy-snipe-46.clerk.accounts.dev/npm/@clerk/clerk-js@5.127.1/dist/ui-common_clerk.browser_9854dd_5.127.1.js:4
[   69691ms] [INFO] 🔒 Clerk:
The <SignIn/> component cannot render when a user is already signed in, unless the application allows multiple sessions. Since a user is signed in and this application only allows a single session, Clerk is redirecting to the `afterSignIn` URL instead.
(This notice only appears in development) @ https://healthy-snipe-46.clerk.accounts.dev/npm/@clerk/clerk-js@5.127.1/dist/ui-common_clerk.browser_9854dd_5.127.1.js:4
[   69704ms] [INFO] 🔒 Clerk:
The <SignIn/> component cannot render when a user is already signed in, unless the application allows multiple sessions. Since a user is signed in and this application only allows a single session, Clerk is redirecting to the `afterSignIn` URL instead.
(This notice only appears in development) @ https://healthy-snipe-46.clerk.accounts.dev/npm/@clerk/clerk-js@5.127.1/dist/ui-common_clerk.browser_9854dd_5.127.1.js:4
[   69715ms] [INFO] 🔒 Clerk:
The <SignIn/> component cannot render when a user is already signed in, unless the application allows multiple sessions. Since a user is signed in and this application only allows a single session, Clerk is redirecting to the `afterSignIn` URL instead.
(This notice only appears in development) @ https://healthy-snipe-46.clerk.accounts.dev/npm/@clerk/clerk-js@5.127.1/dist/ui-common_clerk.browser_9854dd_5.127.1.js:4
[   69726ms] [INFO] 🔒 Clerk:
The <SignIn/> component cannot render when a user is already signed in, unless the application allows multiple sessions. Since a user is signed in and this application only allows a single session, Clerk is redirecting to the `afterSignIn` URL instead.
(This notice only appears in development) @ https://healthy-snipe-46.clerk.accounts.dev/npm/@clerk/clerk-js@5.127.1/dist/ui-common_clerk.browser_9854dd_5.127.1.js:4
[   69737ms] [INFO] 🔒 Clerk:
The <SignIn/> component cannot render when a user is already signed in, unless the application allows multiple sessions. Since a user is signed in and this application only allows a single session, Clerk is redirecting to the `afterSignIn` URL instead.
(This notice only appears in development) @ https://healthy-snipe-46.clerk.accounts.dev/npm/@clerk/clerk-js@5.127.1/dist/ui-common_clerk.browser_9854dd_5.127.1.js:4
[   69748ms] [INFO] 🔒 Clerk:
The <SignIn/> component cannot render when a user is already signed in, unless the application allows multiple sessions. Since a user is signed in and this application only allows a single session, Clerk is redirecting to the `afterSignIn` URL instead.
(This notice only appears in development) @ https://healthy-snipe-46.clerk.accounts.dev/npm/@clerk/clerk-js@5.127.1/dist/ui-common_clerk.browser_9854dd_5.127.1.js:4
[   69763ms] [INFO] 🔒 Clerk:
The <SignIn/> component cannot render when a user is already signed in, unless the application allows multiple sessions. Since a user is signed in and this application only allows a single session, Clerk is redirecting to the `afterSignIn` URL instead.
(This notice only appears in development) @ https://healthy-snipe-46.clerk.accounts.dev/npm/@clerk/clerk-js@5.127.1/dist/ui-common_clerk.browser_9854dd_5.127.1.js:4
[   69777ms] [INFO] 🔒 Clerk:
The <SignIn/> component cannot render when a user is already signed in, unless the application allows multiple sessions. Since a user is signed in and this application only allows a single session, Clerk is redirecting to the `afterSignIn` URL instead.
(This notice only appears in development) @ https://healthy-snipe-46.clerk.accounts.dev/npm/@clerk/clerk-js@5.127.1/dist/ui-common_clerk.browser_9854dd_5.127.1.js:4
[   69788ms] [INFO] 🔒 Clerk:
The <SignIn/> component cannot render when a user is already signed in, unless the application allows multiple sessions. Since a user is signed in and this application only allows a single session, Clerk is redirecting to the `afterSignIn` URL instead.
(This notice only appears in development) @ https://healthy-snipe-46.clerk.accounts.dev/npm/@clerk/clerk-js@5.127.1/dist/ui-common_clerk.browser_9854dd_5.127.1.js:4
[   69802ms] [INFO] 🔒 Clerk:
The <SignIn/> component cannot render when a user is already signed in, unless the application allows multiple sessions. Since a user is signed in and this application only allows a single session, Clerk is redirecting to the `afterSignIn` URL instead.
(This notice only appears in development) @ https://healthy-snipe-46.clerk.accounts.dev/npm/@clerk/clerk-js@5.127.1/dist/ui-common_clerk.browser_9854dd_5.127.1.js:4
[   69815ms] [INFO] 🔒 Clerk:
The <SignIn/> component cannot render when a user is already signed in, unless the application allows multiple sessions. Since a user is signed in and this application only allows a single session, Clerk is redirecting to the `afterSignIn` URL instead.
(This notice only appears in development) @ https://healthy-snipe-46.clerk.accounts.dev/npm/@clerk/clerk-js@5.127.1/dist/ui-common_clerk.browser_9854dd_5.127.1.js:4
[   69828ms] [INFO] 🔒 Clerk:
The <SignIn/> component cannot render when a user is already signed in, unless the application allows multiple sessions. Since a user is signed in and this application only allows a single session, Clerk is redirecting to the `afterSignIn` URL instead.
(This notice only appears in development) @ https://healthy-snipe-46.clerk.accounts.dev/npm/@clerk/clerk-js@5.127.1/dist/ui-common_clerk.browser_9854dd_5.127.1.js:4
[   69840ms] [INFO] 🔒 Clerk:
The <SignIn/> component cannot render when a user is already signed in, unless the application allows multiple sessions. Since a user is signed in and this application only allows a single session, Clerk is redirecting to the `afterSignIn` URL instead.
(This notice only appears in development) @ https://healthy-snipe-46.clerk.accounts.dev/npm/@clerk/clerk-js@5.127.1/dist/ui-common_clerk.browser_9854dd_5.127.1.js:4
[   69851ms] [INFO] 🔒 Clerk:
The <SignIn/> component cannot render when a user is already signed in, unless the application allows multiple sessions. Since a user is signed in and this application only allows a single session, Clerk is redirecting to the `afterSignIn` URL instead.
(This notice only appears in development) @ https://healthy-snipe-46.clerk.accounts.dev/npm/@clerk/clerk-js@5.127.1/dist/ui-common_clerk.browser_9854dd_5.127.1.js:4
[   69864ms] [INFO] 🔒 Clerk:
The <SignIn/> component cannot render when a user is already signed in, unless the application allows multiple sessions. Since a user is signed in and this application only allows a single session, Clerk is redirecting to the `afterSignIn` URL instead.
(This notice only appears in development) @ https://healthy-snipe-46.clerk.accounts.dev/npm/@clerk/clerk-js@5.127.1/dist/ui-common_clerk.browser_9854dd_5.127.1.js:4
[   69877ms] [INFO] 🔒 Clerk:
The <SignIn/> component cannot render when a user is already signed in, unless the application allows multiple sessions. Since a user is signed in and this application only allows a single session, Clerk is redirecting to the `afterSignIn` URL instead.
(This notice only appears in development) @ https://healthy-snipe-46.clerk.accounts.dev/npm/@clerk/clerk-js@5.127.1/dist/ui-common_clerk.browser_9854dd_5.127.1.js:4
[   69890ms] [INFO] 🔒 Clerk:
The <SignIn/> component cannot render when a user is already signed in, unless the application allows multiple sessions. Since a user is signed in and this application only allows a single session, Clerk is redirecting to the `afterSignIn` URL instead.
(This notice only appears in development) @ https://healthy-snipe-46.clerk.accounts.dev/npm/@clerk/clerk-js@5.127.1/dist/ui-common_clerk.browser_9854dd_5.127.1.js:4
[   69902ms] [INFO] 🔒 Clerk:
The <SignIn/> component cannot render when a user is already signed in, unless the application allows multiple sessions. Since a user is signed in and this application only allows a single session, Clerk is redirecting to the `afterSignIn` URL instead.
(This notice only appears in development) @ https://healthy-snipe-46.clerk.accounts.dev/npm/@clerk/clerk-js@5.127.1/dist/ui-common_clerk.browser_9854dd_5.127.1.js:4
[   69915ms] [INFO] 🔒 Clerk:
The <SignIn/> component cannot render when a user is already signed in, unless the application allows multiple sessions. Since a user is signed in and this application only allows a single session, Clerk is redirecting to the `afterSignIn` URL instead.
(This notice only appears in development) @ https://healthy-snipe-46.clerk.accounts.dev/npm/@clerk/clerk-js@5.127.1/dist/ui-common_clerk.browser_9854dd_5.127.1.js:4
[   69928ms] [INFO] 🔒 Clerk:
The <SignIn/> component cannot render when a user is already signed in, unless the application allows multiple sessions. Since a user is signed in and this application only allows a single session, Clerk is redirecting to the `afterSignIn` URL instead.
(This notice only appears in development) @ https://healthy-snipe-46.clerk.accounts.dev/npm/@clerk/clerk-js@5.127.1/dist/ui-common_clerk.browser_9854dd_5.127.1.js:4
[   69942ms] [INFO] 🔒 Clerk:
The <SignIn/> component cannot render when a user is already signed in, unless the application allows multiple sessions. Since a user is signed in and this application only allows a single session, Clerk is redirecting to the `afterSignIn` URL instead.
(This notice only appears in development) @ https://healthy-snipe-46.clerk.accounts.dev/npm/@clerk/clerk-js@5.127.1/dist/ui-common_clerk.browser_9854dd_5.127.1.js:4
[   69956ms] [INFO] 🔒 Clerk:
The <SignIn/> component cannot render when a user is already signed in, unless the application allows multiple sessions. Since a user is signed in and this application only allows a single session, Clerk is redirecting to the `afterSignIn` URL instead.
(This notice only appears in development) @ https://healthy-snipe-46.clerk.accounts.dev/npm/@clerk/clerk-js@5.127.1/dist/ui-common_clerk.browser_9854dd_5.127.1.js:4
[   69967ms] [INFO] 🔒 Clerk:
The <SignIn/> component cannot render when a user is already signed in, unless the application allows multiple sessions. Since a user is signed in and this application only allows a single session, Clerk is redirecting to the `afterSignIn` URL instead.
(This notice only appears in development) @ https://healthy-snipe-46.clerk.accounts.dev/npm/@clerk/clerk-js@5.127.1/dist/ui-common_clerk.browser_9854dd_5.127.1.js:4
[   69979ms] [INFO] 🔒 Clerk:
The <SignIn/> component cannot render when a user is already signed in, unless the application allows multiple sessions. Since a user is signed in and this application only allows a single session, Clerk is redirecting to the `afterSignIn` URL instead.
(This notice only appears in development) @ https://healthy-snipe-46.clerk.accounts.dev/npm/@clerk/clerk-js@5.127.1/dist/ui-common_clerk.browser_9854dd_5.127.1.js:4
[   69992ms] [INFO] 🔒 Clerk:
The <SignIn/> component cannot render when a user is already signed in, unless the application allows multiple sessions. Since a user is signed in and this application only allows a single session, Clerk is redirecting to the `afterSignIn` URL instead.
(This notice only appears in development) @ https://healthy-snipe-46.clerk.accounts.dev/npm/@clerk/clerk-js@5.127.1/dist/ui-common_clerk.browser_9854dd_5.127.1.js:4
[   70004ms] [INFO] 🔒 Clerk:
The <SignIn/> component cannot render when a user is already signed in, unless the application allows multiple sessions. Since a user is signed in and this application only allows a single session, Clerk is redirecting to the `afterSignIn` URL instead.
(This notice only appears in development) @ https://healthy-snipe-46.clerk.accounts.dev/npm/@clerk/clerk-js@5.127.1/dist/ui-common_clerk.browser_9854dd_5.127.1.js:4
[   70019ms] [INFO] 🔒 Clerk:
The <SignIn/> component cannot render when a user is already signed in, unless the application allows multiple sessions. Since a user is signed in and this application only allows a single session, Clerk is redirecting to the `afterSignIn` URL instead.
(This notice only appears in development) @ https://healthy-snipe-46.clerk.accounts.dev/npm/@clerk/clerk-js@5.127.1/dist/ui-common_clerk.browser_9854dd_5.127.1.js:4
[   70032ms] [INFO] 🔒 Clerk:
The <SignIn/> component cannot render when a user is already signed in, unless the application allows multiple sessions. Since a user is signed in and this application only allows a single session, Clerk is redirecting to the `afterSignIn` URL instead.
(This notice only appears in development) @ https://healthy-snipe-46.clerk.accounts.dev/npm/@clerk/clerk-js@5.127.1/dist/ui-common_clerk.browser_9854dd_5.127.1.js:4
[   70044ms] [INFO] 🔒 Clerk:
The <SignIn/> component cannot render when a user is already signed in, unless the application allows multiple sessions. Since a user is signed in and this application only allows a single session, Clerk is redirecting to the `afterSignIn` URL instead.
(This notice only appears in development) @ https://healthy-snipe-46.clerk.accounts.dev/npm/@clerk/clerk-js@5.127.1/dist/ui-common_clerk.browser_9854dd_5.127.1.js:4
[   70056ms] [INFO] 🔒 Clerk:
The <SignIn/> component cannot render when a user is already signed in, unless the application allows multiple sessions. Since a user is signed in and this application only allows a single session, Clerk is redirecting to the `afterSignIn` URL instead.
(This notice only appears in development) @ https://healthy-snipe-46.clerk.accounts.dev/npm/@clerk/clerk-js@5.127.1/dist/ui-common_clerk.browser_9854dd_5.127.1.js:4
[   70068ms] [INFO] 🔒 Clerk:
The <SignIn/> component cannot render when a user is already signed in, unless the application allows multiple sessions. Since a user is signed in and this application only allows a single session, Clerk is redirecting to the `afterSignIn` URL instead.
(This notice only appears in development) @ https://healthy-snipe-46.clerk.accounts.dev/npm/@clerk/clerk-js@5.127.1/dist/ui-common_clerk.browser_9854dd_5.127.1.js:4
[   70079ms] [INFO] 🔒 Clerk:
The <SignIn/> component cannot render when a user is already signed in, unless the application allows multiple sessions. Since a user is signed in and this application only allows a single session, Clerk is redirecting to the `afterSignIn` URL instead.
(This notice only appears in development) @ https://healthy-snipe-46.clerk.accounts.dev/npm/@clerk/clerk-js@5.127.1/dist/ui-common_clerk.browser_9854dd_5.127.1.js:4
[   70092ms] [INFO] 🔒 Clerk:
The <SignIn/> component cannot render when a user is already signed in, unless the application allows multiple sessions. Since a user is signed in and this application only allows a single session, Clerk is redirecting to the `afterSignIn` URL instead.
(This notice only appears in development) @ https://healthy-snipe-46.clerk.accounts.dev/npm/@clerk/clerk-js@5.127.1/dist/ui-common_clerk.browser_9854dd_5.127.1.js:4
[   70103ms] [INFO] 🔒 Clerk:
The <SignIn/> component cannot render when a user is already signed in, unless the application allows multiple sessions. Since a user is signed in and this application only allows a single session, Clerk is redirecting to the `afterSignIn` URL instead.
(This notice only appears in development) @ https://healthy-snipe-46.clerk.accounts.dev/npm/@clerk/clerk-js@5.127.1/dist/ui-common_clerk.browser_9854dd_5.127.1.js:4
[   70116ms] [INFO] 🔒 Clerk:
The <SignIn/> component cannot render when a user is already signed in, unless the application allows multiple sessions. Since a user is signed in and this application only allows a single session, Clerk is redirecting to the `afterSignIn` URL instead.
(This notice only appears in development) @ https://healthy-snipe-46.clerk.accounts.dev/npm/@clerk/clerk-js@5.127.1/dist/ui-common_clerk.browser_9854dd_5.127.1.js:4
[   70127ms] [INFO] 🔒 Clerk:
The <SignIn/> component cannot render when a user is already signed in, unless the application allows multiple sessions. Since a user is signed in and this application only allows a single session, Clerk is redirecting to the `afterSignIn` URL instead.
(This notice only appears in development) @ https://healthy-snipe-46.clerk.accounts.dev/npm/@clerk/clerk-js@5.127.1/dist/ui-common_clerk.browser_9854dd_5.127.1.js:4
[   70144ms] [INFO] 🔒 Clerk:
The <SignIn/> component cannot render when a user is already signed in, unless the application allows multiple sessions. Since a user is signed in and this application only allows a single session, Clerk is redirecting to the `afterSignIn` URL instead.
(This notice only appears in development) @ https://healthy-snipe-46.clerk.accounts.dev/npm/@clerk/clerk-js@5.127.1/dist/ui-common_clerk.browser_9854dd_5.127.1.js:4
[   70159ms] [INFO] 🔒 Clerk:
The <SignIn/> component cannot render when a user is already signed in, unless the application allows multiple sessions. Since a user is signed in and this application only allows a single session, Clerk is redirecting to the `afterSignIn` URL instead.
(This notice only appears in development) @ https://healthy-snipe-46.clerk.accounts.dev/npm/@clerk/clerk-js@5.127.1/dist/ui-common_clerk.browser_9854dd_5.127.1.js:4
[   70172ms] [INFO] 🔒 Clerk:
The <SignIn/> component cannot render when a user is already signed in, unless the application allows multiple sessions. Since a user is signed in and this application only allows a single session, Clerk is redirecting to the `afterSignIn` URL instead.
(This notice only appears in development) @ https://healthy-snipe-46.clerk.accounts.dev/npm/@clerk/clerk-js@5.127.1/dist/ui-common_clerk.browser_9854dd_5.127.1.js:4
[   70186ms] [INFO] 🔒 Clerk:
The <SignIn/> component cannot render when a user is already signed in, unless the application allows multiple sessions. Since a user is signed in and this application only allows a single session, Clerk is redirecting to the `afterSignIn` URL instead.
(This notice only appears in development) @ https://healthy-snipe-46.clerk.accounts.dev/npm/@clerk/clerk-js@5.127.1/dist/ui-common_clerk.browser_9854dd_5.127.1.js:4
[   70198ms] [INFO] 🔒 Clerk:
The <SignIn/> component cannot render when a user is already signed in, unless the application allows multiple sessions. Since a user is signed in and this application only allows a single session, Clerk is redirecting to the `afterSignIn` URL instead.
(This notice only appears in development) @ https://healthy-snipe-46.clerk.accounts.dev/npm/@clerk/clerk-js@5.127.1/dist/ui-common_clerk.browser_9854dd_5.127.1.js:4
[   70211ms] [INFO] 🔒 Clerk:
The <SignIn/> component cannot render when a user is already signed in, unless the application allows multiple sessions. Since a user is signed in and this application only allows a single session, Clerk is redirecting to the `afterSignIn` URL instead.
(This notice only appears in development) @ https://healthy-snipe-46.clerk.accounts.dev/npm/@clerk/clerk-js@5.127.1/dist/ui-common_clerk.browser_9854dd_5.127.1.js:4
[   70224ms] [INFO] 🔒 Clerk:
The <SignIn/> component cannot render when a user is already signed in, unless the application allows multiple sessions. Since a user is signed in and this application only allows a single session, Clerk is redirecting to the `afterSignIn` URL instead.
(This notice only appears in development) @ https://healthy-snipe-46.clerk.accounts.dev/npm/@clerk/clerk-js@5.127.1/dist/ui-common_clerk.browser_9854dd_5.127.1.js:4
[   70237ms] [INFO] 🔒 Clerk:
The <SignIn/> component cannot render when a user is already signed in, unless the application allows multiple sessions. Since a user is signed in and this application only allows a single session, Clerk is redirecting to the `afterSignIn` URL instead.
(This notice only appears in development) @ https://healthy-snipe-46.clerk.accounts.dev/npm/@clerk/clerk-js@5.127.1/dist/ui-common_clerk.browser_9854dd_5.127.1.js:4
[   70252ms] [INFO] 🔒 Clerk:
The <SignIn/> component cannot render when a user is already signed in, unless the application allows multiple sessions. Since a user is signed in and this application only allows a single session, Clerk is redirecting to the `afterSignIn` URL instead.
(This notice only appears in development) @ https://healthy-snipe-46.clerk.accounts.dev/npm/@clerk/clerk-js@5.127.1/dist/ui-common_clerk.browser_9854dd_5.127.1.js:4
[   70264ms] [INFO] 🔒 Clerk:
The <SignIn/> component cannot render when a user is already signed in, unless the application allows multiple sessions. Since a user is signed in and this application only allows a single session, Clerk is redirecting to the `afterSignIn` URL instead.
(This notice only appears in development) @ https://healthy-snipe-46.clerk.accounts.dev/npm/@clerk/clerk-js@5.127.1/dist/ui-common_clerk.browser_9854dd_5.127.1.js:4
[   70276ms] [INFO] 🔒 Clerk:
The <SignIn/> component cannot render when a user is already signed in, unless the application allows multiple sessions. Since a user is signed in and this application only allows a single session, Clerk is redirecting to the `afterSignIn` URL instead.
(This notice only appears in development) @ https://healthy-snipe-46.clerk.accounts.dev/npm/@clerk/clerk-js@5.127.1/dist/ui-common_clerk.browser_9854dd_5.127.1.js:4
[   70286ms] [INFO] 🔒 Clerk:
The <SignIn/> component cannot render when a user is already signed in, unless the application allows multiple sessions. Since a user is signed in and this application only allows a single session, Clerk is redirecting to the `afterSignIn` URL instead.
(This notice only appears in development) @ https://healthy-snipe-46.clerk.accounts.dev/npm/@clerk/clerk-js@5.127.1/dist/ui-common_clerk.browser_9854dd_5.127.1.js:4
[   70298ms] [INFO] 🔒 Clerk:
The <SignIn/> component cannot render when a user is already signed in, unless the application allows multiple sessions. Since a user is signed in and this application only allows a single session, Clerk is redirecting to the `afterSignIn` URL instead.
(This notice only appears in development) @ https://healthy-snipe-46.clerk.accounts.dev/npm/@clerk/clerk-js@5.127.1/dist/ui-common_clerk.browser_9854dd_5.127.1.js:4
[   70311ms] [INFO] 🔒 Clerk:
The <SignIn/> component cannot render when a user is already signed in, unless the application allows multiple sessions. Since a user is signed in and this application only allows a single session, Clerk is redirecting to the `afterSignIn` URL instead.
(This notice only appears in development) @ https://healthy-snipe-46.clerk.accounts.dev/npm/@clerk/clerk-js@5.127.1/dist/ui-common_clerk.browser_9854dd_5.127.1.js:4
[   70323ms] [INFO] 🔒 Clerk:
The <SignIn/> component cannot render when a user is already signed in, unless the application allows multiple sessions. Since a user is signed in and this application only allows a single session, Clerk is redirecting to the `afterSignIn` URL instead.
(This notice only appears in development) @ https://healthy-snipe-46.clerk.accounts.dev/npm/@clerk/clerk-js@5.127.1/dist/ui-common_clerk.browser_9854dd_5.127.1.js:4
[   70336ms] [INFO] 🔒 Clerk:
The <SignIn/> component cannot render when a user is already signed in, unless the application allows multiple sessions. Since a user is signed in and this application only allows a single session, Clerk is redirecting to the `afterSignIn` URL instead.
(This notice only appears in development) @ https://healthy-snipe-46.clerk.accounts.dev/npm/@clerk/clerk-js@5.127.1/dist/ui-common_clerk.browser_9854dd_5.127.1.js:4
[   70348ms] [INFO] 🔒 Clerk:
The <SignIn/> component cannot render when a user is already signed in, unless the application allows multiple sessions. Since a user is signed in and this application only allows a single session, Clerk is redirecting to the `afterSignIn` URL instead.
(This notice only appears in development) @ https://healthy-snipe-46.clerk.accounts.dev/npm/@clerk/clerk-js@5.127.1/dist/ui-common_clerk.browser_9854dd_5.127.1.js:4
[   70360ms] [INFO] 🔒 Clerk:
The <SignIn/> component cannot render when a user is already signed in, unless the application allows multiple sessions. Since a user is signed in and this application only allows a single session, Clerk is redirecting to the `afterSignIn` URL instead.
(This notice only appears in development) @ https://healthy-snipe-46.clerk.accounts.dev/npm/@clerk/clerk-js@5.127.1/dist/ui-common_clerk.browser_9854dd_5.127.1.js:4
[   70373ms] [INFO] 🔒 Clerk:
The <SignIn/> component cannot render when a user is already signed in, unless the application allows multiple sessions. Since a user is signed in and this application only allows a single session, Clerk is redirecting to the `afterSignIn` URL instead.
(This notice only appears in development) @ https://healthy-snipe-46.clerk.accounts.dev/npm/@clerk/clerk-js@5.127.1/dist/ui-common_clerk.browser_9854dd_5.127.1.js:4
[   70384ms] [INFO] 🔒 Clerk:
The <SignIn/> component cannot render when a user is already signed in, unless the application allows multiple sessions. Since a user is signed in and this application only allows a single session, Clerk is redirecting to the `afterSignIn` URL instead.
(This notice only appears in development) @ https://healthy-snipe-46.clerk.accounts.dev/npm/@clerk/clerk-js@5.127.1/dist/ui-common_clerk.browser_9854dd_5.127.1.js:4
[   70395ms] [INFO] 🔒 Clerk:
The <SignIn/> component cannot render when a user is already signed in, unless the application allows multiple sessions. Since a user is signed in and this application only allows a single session, Clerk is redirecting to the `afterSignIn` URL instead.
(This notice only appears in development) @ https://healthy-snipe-46.clerk.accounts.dev/npm/@clerk/clerk-js@5.127.1/dist/ui-common_clerk.browser_9854dd_5.127.1.js:4
[   70409ms] [INFO] 🔒 Clerk:
The <SignIn/> component cannot render when a user is already signed in, unless the application allows multiple sessions. Since a user is signed in and this application only allows a single session, Clerk is redirecting to the `afterSignIn` URL instead.
(This notice only appears in development) @ https://healthy-snipe-46.clerk.accounts.dev/npm/@clerk/clerk-js@5.127.1/dist/ui-common_clerk.browser_9854dd_5.127.1.js:4
[   70422ms] [INFO] 🔒 Clerk:
The <SignIn/> component cannot render when a user is already signed in, unless the application allows multiple sessions. Since a user is signed in and this application only allows a single session, Clerk is redirecting to the `afterSignIn` URL instead.
(This notice only appears in development) @ https://healthy-snipe-46.clerk.accounts.dev/npm/@clerk/clerk-js@5.127.1/dist/ui-common_clerk.browser_9854dd_5.127.1.js:4
[   70435ms] [INFO] 🔒 Clerk:
The <SignIn/> component cannot render when a user is already signed in, unless the application allows multiple sessions. Since a user is signed in and this application only allows a single session, Clerk is redirecting to the `afterSignIn` URL instead.
(This notice only appears in development) @ https://healthy-snipe-46.clerk.accounts.dev/npm/@clerk/clerk-js@5.127.1/dist/ui-common_clerk.browser_9854dd_5.127.1.js:4
[   70447ms] [INFO] 🔒 Clerk:
The <SignIn/> component cannot render when a user is already signed in, unless the application allows multiple sessions. Since a user is signed in and this application only allows a single session, Clerk is redirecting to the `afterSignIn` URL instead.
(This notice only appears in development) @ https://healthy-snipe-46.clerk.accounts.dev/npm/@clerk/clerk-js@5.127.1/dist/ui-common_clerk.browser_9854dd_5.127.1.js:4
[   70458ms] [INFO] 🔒 Clerk:
The <SignIn/> component cannot render when a user is already signed in, unless the application allows multiple sessions. Since a user is signed in and this application only allows a single session, Clerk is redirecting to the `afterSignIn` URL instead.
(This notice only appears in development) @ https://healthy-snipe-46.clerk.accounts.dev/npm/@clerk/clerk-js@5.127.1/dist/ui-common_clerk.browser_9854dd_5.127.1.js:4
[   70470ms] [INFO] 🔒 Clerk:
The <SignIn/> component cannot render when a user is already signed in, unless the application allows multiple sessions. Since a user is signed in and this application only allows a single session, Clerk is redirecting to the `afterSignIn` URL instead.
(This notice only appears in development) @ https://healthy-snipe-46.clerk.accounts.dev/npm/@clerk/clerk-js@5.127.1/dist/ui-common_clerk.browser_9854dd_5.127.1.js:4
[   70481ms] [INFO] 🔒 Clerk:
The <SignIn/> component cannot render when a user is already signed in, unless the application allows multiple sessions. Since a user is signed in and this application only allows a single session, Clerk is redirecting to the `afterSignIn` URL instead.
(This notice only appears in development) @ https://healthy-snipe-46.clerk.accounts.dev/npm/@clerk/clerk-js@5.127.1/dist/ui-common_clerk.browser_9854dd_5.127.1.js:4
[   70498ms] [INFO] 🔒 Clerk:
The <SignIn/> component cannot render when a user is already signed in, unless the application allows multiple sessions. Since a user is signed in and this application only allows a single session, Clerk is redirecting to the `afterSignIn` URL instead.
(This notice only appears in development) @ https://healthy-snipe-46.clerk.accounts.dev/npm/@clerk/clerk-js@5.127.1/dist/ui-common_clerk.browser_9854dd_5.127.1.js:4
[   70511ms] [INFO] 🔒 Clerk:
The <SignIn/> component cannot render when a user is already signed in, unless the application allows multiple sessions. Since a user is signed in and this application only allows a single session, Clerk is redirecting to the `afterSignIn` URL instead.
(This notice only appears in development) @ https://healthy-snipe-46.clerk.accounts.dev/npm/@clerk/clerk-js@5.127.1/dist/ui-common_clerk.browser_9854dd_5.127.1.js:4
[   70523ms] [INFO] 🔒 Clerk:
The <SignIn/> component cannot render when a user is already signed in, unless the application allows multiple sessions. Since a user is signed in and this application only allows a single session, Clerk is redirecting to the `afterSignIn` URL instead.
(This notice only appears in development) @ https://healthy-snipe-46.clerk.accounts.dev/npm/@clerk/clerk-js@5.127.1/dist/ui-common_clerk.browser_9854dd_5.127.1.js:4
[   70541ms] [INFO] 🔒 Clerk:
The <SignIn/> component cannot render when a user is already signed in, unless the application allows multiple sessions. Since a user is signed in and this application only allows a single session, Clerk is redirecting to the `afterSignIn` URL instead.
(This notice only appears in development) @ https://healthy-snipe-46.clerk.accounts.dev/npm/@clerk/clerk-js@5.127.1/dist/ui-common_clerk.browser_9854dd_5.127.1.js:4
[   70554ms] [INFO] 🔒 Clerk:
The <SignIn/> component cannot render when a user is already signed in, unless the application allows multiple sessions. Since a user is signed in and this application only allows a single session, Clerk is redirecting to the `afterSignIn` URL instead.
(This notice only appears in development) @ https://healthy-snipe-46.clerk.accounts.dev/npm/@clerk/clerk-js@5.127.1/dist/ui-common_clerk.browser_9854dd_5.127.1.js:4
[   70566ms] [INFO] 🔒 Clerk:
The <SignIn/> component cannot render when a user is already signed in, unless the application allows multiple sessions. Since a user is signed in and this application only allows a single session, Clerk is redirecting to the `afterSignIn` URL instead.
(This notice only appears in development) @ https://healthy-snipe-46.clerk.accounts.dev/npm/@clerk/clerk-js@5.127.1/dist/ui-common_clerk.browser_9854dd_5.127.1.js:4
[   70578ms] [INFO] 🔒 Clerk:
The <SignIn/> component cannot render when a user is already signed in, unless the application allows multiple sessions. Since a user is signed in and this application only allows a single session, Clerk is redirecting to the `afterSignIn` URL instead.
(This notice only appears in development) @ https://healthy-snipe-46.clerk.accounts.dev/npm/@clerk/clerk-js@5.127.1/dist/ui-common_clerk.browser_9854dd_5.127.1.js:4
[   70591ms] [INFO] 🔒 Clerk:
The <SignIn/> component cannot render when a user is already signed in, unless the application allows multiple sessions. Since a user is signed in and this application only allows a single session, Clerk is redirecting to the `afterSignIn` URL instead.
(This notice only appears in development) @ https://healthy-snipe-46.clerk.accounts.dev/npm/@clerk/clerk-js@5.127.1/dist/ui-common_clerk.browser_9854dd_5.127.1.js:4
[   70603ms] [INFO] 🔒 Clerk:
The <SignIn/> component cannot render when a user is already signed in, unless the application allows multiple sessions. Since a user is signed in and this application only allows a single session, Clerk is redirecting to the `afterSignIn` URL instead.
(This notice only appears in development) @ https://healthy-snipe-46.clerk.accounts.dev/npm/@clerk/clerk-js@5.127.1/dist/ui-common_clerk.browser_9854dd_5.127.1.js:4
[   70619ms] [INFO] 🔒 Clerk:
The <SignIn/> component cannot render when a user is already signed in, unless the application allows multiple sessions. Since a user is signed in and this application only allows a single session, Clerk is redirecting to the `afterSignIn` URL instead.
(This notice only appears in development) @ https://healthy-snipe-46.clerk.accounts.dev/npm/@clerk/clerk-js@5.127.1/dist/ui-common_clerk.browser_9854dd_5.127.1.js:4
[   70632ms] [INFO] 🔒 Clerk:
The <SignIn/> component cannot render when a user is already signed in, unless the application allows multiple sessions. Since a user is signed in and this application only allows a single session, Clerk is redirecting to the `afterSignIn` URL instead.
(This notice only appears in development) @ https://healthy-snipe-46.clerk.accounts.dev/npm/@clerk/clerk-js@5.127.1/dist/ui-common_clerk.browser_9854dd_5.127.1.js:4
[   70644ms] [INFO] 🔒 Clerk:
The <SignIn/> component cannot render when a user is already signed in, unless the application allows multiple sessions. Since a user is signed in and this application only allows a single session, Clerk is redirecting to the `afterSignIn` URL instead.
(This notice only appears in development) @ https://healthy-snipe-46.clerk.accounts.dev/npm/@clerk/clerk-js@5.127.1/dist/ui-common_clerk.browser_9854dd_5.127.1.js:4
[   70654ms] [INFO] 🔒 Clerk:
The <SignIn/> component cannot render when a user is already signed in, unless the application allows multiple sessions. Since a user is signed in and this application only allows a single session, Clerk is redirecting to the `afterSignIn` URL instead.
(This notice only appears in development) @ https://healthy-snipe-46.clerk.accounts.dev/npm/@clerk/clerk-js@5.127.1/dist/ui-common_clerk.browser_9854dd_5.127.1.js:4
[   70667ms] [INFO] 🔒 Clerk:
The <SignIn/> component cannot render when a user is already signed in, unless the application allows multiple sessions. Since a user is signed in and this application only allows a single session, Clerk is redirecting to the `afterSignIn` URL instead.
(This notice only appears in development) @ https://healthy-snipe-46.clerk.accounts.dev/npm/@clerk/clerk-js@5.127.1/dist/ui-common_clerk.browser_9854dd_5.127.1.js:4
[   70679ms] [INFO] 🔒 Clerk:
The <SignIn/> component cannot render when a user is already signed in, unless the application allows multiple sessions. Since a user is signed in and this application only allows a single session, Clerk is redirecting to the `afterSignIn` URL instead.
(This notice only appears in development) @ https://healthy-snipe-46.clerk.accounts.dev/npm/@clerk/clerk-js@5.127.1/dist/ui-common_clerk.browser_9854dd_5.127.1.js:4
[   70692ms] [INFO] 🔒 Clerk:
The <SignIn/> component cannot render when a user is already signed in, unless the application allows multiple sessions. Since a user is signed in and this application only allows a single session, Clerk is redirecting to the `afterSignIn` URL instead.
(This notice only appears in development) @ https://healthy-snipe-46.clerk.accounts.dev/npm/@clerk/clerk-js@5.127.1/dist/ui-common_clerk.browser_9854dd_5.127.1.js:4
[   70707ms] [INFO] 🔒 Clerk:
The <SignIn/> component cannot render when a user is already signed in, unless the application allows multiple sessions. Since a user is signed in and this application only allows a single session, Clerk is redirecting to the `afterSignIn` URL instead.
(This notice only appears in development) @ https://healthy-snipe-46.clerk.accounts.dev/npm/@clerk/clerk-js@5.127.1/dist/ui-common_clerk.browser_9854dd_5.127.1.js:4
[   70717ms] [INFO] 🔒 Clerk:
The <SignIn/> component cannot render when a user is already signed in, unless the application allows multiple sessions. Since a user is signed in and this application only allows a single session, Clerk is redirecting to the `afterSignIn` URL instead.
(This notice only appears in development) @ https://healthy-snipe-46.clerk.accounts.dev/npm/@clerk/clerk-js@5.127.1/dist/ui-common_clerk.browser_9854dd_5.127.1.js:4
[   70731ms] [INFO] 🔒 Clerk:
The <SignIn/> component cannot render when a user is already signed in, unless the application allows multiple sessions. Since a user is signed in and this application only allows a single session, Clerk is redirecting to the `afterSignIn` URL instead.
(This notice only appears in development) @ https://healthy-snipe-46.clerk.accounts.dev/npm/@clerk/clerk-js@5.127.1/dist/ui-common_clerk.browser_9854dd_5.127.1.js:4
[   70744ms] [INFO] 🔒 Clerk:
The <SignIn/> component cannot render when a user is already signed in, unless the application allows multiple sessions. Since a user is signed in and this application only allows a single session, Clerk is redirecting to the `afterSignIn` URL instead.
(This notice only appears in development) @ https://healthy-snipe-46.clerk.accounts.dev/npm/@clerk/clerk-js@5.127.1/dist/ui-common_clerk.browser_9854dd_5.127.1.js:4
[   70757ms] [INFO] 🔒 Clerk:
The <SignIn/> component cannot render when a user is already signed in, unless the application allows multiple sessions. Since a user is signed in and this application only allows a single session, Clerk is redirecting to the `afterSignIn` URL instead.
(This notice only appears in development) @ https://healthy-snipe-46.clerk.accounts.dev/npm/@clerk/clerk-js@5.127.1/dist/ui-common_clerk.browser_9854dd_5.127.1.js:4
[   70769ms] [INFO] 🔒 Clerk:
The <SignIn/> component cannot render when a user is already signed in, unless the application allows multiple sessions. Since a user is signed in and this application only allows a single session, Clerk is redirecting to the `afterSignIn` URL instead.
(This notice only appears in development) @ https://healthy-snipe-46.clerk.accounts.dev/npm/@clerk/clerk-js@5.127.1/dist/ui-common_clerk.browser_9854dd_5.127.1.js:4
[   70780ms] [INFO] 🔒 Clerk:
The <SignIn/> component cannot render when a user is already signed in, unless the application allows multiple sessions. Since a user is signed in and this application only allows a single session, Clerk is redirecting to the `afterSignIn` URL instead.
(This notice only appears in development) @ https://healthy-snipe-46.clerk.accounts.dev/npm/@clerk/clerk-js@5.127.1/dist/ui-common_clerk.browser_9854dd_5.127.1.js:4
[   70792ms] [INFO] 🔒 Clerk:
The <SignIn/> component cannot render when a user is already signed in, unless the application allows multiple sessions. Since a user is signed in and this application only allows a single session, Clerk is redirecting to the `afterSignIn` URL instead.
(This notice only appears in development) @ https://healthy-snipe-46.clerk.accounts.dev/npm/@clerk/clerk-js@5.127.1/dist/ui-common_clerk.browser_9854dd_5.127.1.js:4
[   70804ms] [INFO] 🔒 Clerk:
The <SignIn/> component cannot render when a user is already signed in, unless the application allows multiple sessions. Since a user is signed in and this application only allows a single session, Clerk is redirecting to the `afterSignIn` URL instead.
(This notice only appears in development) @ https://healthy-snipe-46.clerk.accounts.dev/npm/@clerk/clerk-js@5.127.1/dist/ui-common_clerk.browser_9854dd_5.127.1.js:4
[   70819ms] [INFO] 🔒 Clerk:
The <SignIn/> component cannot render when a user is already signed in, unless the application allows multiple sessions. Since a user is signed in and this application only allows a single session, Clerk is redirecting to the `afterSignIn` URL instead.
(This notice only appears in development) @ https://healthy-snipe-46.clerk.accounts.dev/npm/@clerk/clerk-js@5.127.1/dist/ui-common_clerk.browser_9854dd_5.127.1.js:4
[   70830ms] [INFO] 🔒 Clerk:
The <SignIn/> component cannot render when a user is already signed in, unless the application allows multiple sessions. Since a user is signed in and this application only allows a single session, Clerk is redirecting to the `afterSignIn` URL instead.
(This notice only appears in development) @ https://healthy-snipe-46.clerk.accounts.dev/npm/@clerk/clerk-js@5.127.1/dist/ui-common_clerk.browser_9854dd_5.127.1.js:4
[   70843ms] [INFO] 🔒 Clerk:
The <SignIn/> component cannot render when a user is already signed in, unless the application allows multiple sessions. Since a user is signed in and this application only allows a single session, Clerk is redirecting to the `afterSignIn` URL instead.
(This notice only appears in development) @ https://healthy-snipe-46.clerk.accounts.dev/npm/@clerk/clerk-js@5.127.1/dist/ui-common_clerk.browser_9854dd_5.127.1.js:4
[   70855ms] [INFO] 🔒 Clerk:
The <SignIn/> component cannot render when a user is already signed in, unless the application allows multiple sessions. Since a user is signed in and this application only allows a single session, Clerk is redirecting to the `afterSignIn` URL instead.
(This notice only appears in development) @ https://healthy-snipe-46.clerk.accounts.dev/npm/@clerk/clerk-js@5.127.1/dist/ui-common_clerk.browser_9854dd_5.127.1.js:4
[   70867ms] [INFO] 🔒 Clerk:
The <SignIn/> component cannot render when a user is already signed in, unless the application allows multiple sessions. Since a user is signed in and this application only allows a single session, Clerk is redirecting to the `afterSignIn` URL instead.
(This notice only appears in development) @ https://healthy-snipe-46.clerk.accounts.dev/npm/@clerk/clerk-js@5.127.1/dist/ui-common_clerk.browser_9854dd_5.127.1.js:4
[   70879ms] [INFO] 🔒 Clerk:
The <SignIn/> component cannot render when a user is already signed in, unless the application allows multiple sessions. Since a user is signed in and this application only allows a single session, Clerk is redirecting to the `afterSignIn` URL instead.
(This notice only appears in development) @ https://healthy-snipe-46.clerk.accounts.dev/npm/@clerk/clerk-js@5.127.1/dist/ui-common_clerk.browser_9854dd_5.127.1.js:4
[   70892ms] [INFO] 🔒 Clerk:
The <SignIn/> component cannot render when a user is already signed in, unless the application allows multiple sessions. Since a user is signed in and this application only allows a single session, Clerk is redirecting to the `afterSignIn` URL instead.
(This notice only appears in development) @ https://healthy-snipe-46.clerk.accounts.dev/npm/@clerk/clerk-js@5.127.1/dist/ui-common_clerk.browser_9854dd_5.127.1.js:4
[   70905ms] [INFO] 🔒 Clerk:
The <SignIn/> component cannot render when a user is already signed in, unless the application allows multiple sessions. Since a user is signed in and this application only allows a single session, Clerk is redirecting to the `afterSignIn` URL instead.
(This notice only appears in development) @ https://healthy-snipe-46.clerk.accounts.dev/npm/@clerk/clerk-js@5.127.1/dist/ui-common_clerk.browser_9854dd_5.127.1.js:4
[   70916ms] [INFO] 🔒 Clerk:
The <SignIn/> component cannot render when a user is already signed in, unless the application allows multiple sessions. Since a user is signed in and this application only allows a single session, Clerk is redirecting to the `afterSignIn` URL instead.
(This notice only appears in development) @ https://healthy-snipe-46.clerk.accounts.dev/npm/@clerk/clerk-js@5.127.1/dist/ui-common_clerk.browser_9854dd_5.127.1.js:4
[   70928ms] [INFO] 🔒 Clerk:
The <SignIn/> component cannot render when a user is already signed in, unless the application allows multiple sessions. Since a user is signed in and this application only allows a single session, Clerk is redirecting to the `afterSignIn` URL instead.
(This notice only appears in development) @ https://healthy-snipe-46.clerk.accounts.dev/npm/@clerk/clerk-js@5.127.1/dist/ui-common_clerk.browser_9854dd_5.127.1.js:4
[   70943ms] [INFO] 🔒 Clerk:
The <SignIn/> component cannot render when a user is already signed in, unless the application allows multiple sessions. Since a user is signed in and this application only allows a single session, Clerk is redirecting to the `afterSignIn` URL instead.
(This notice only appears in development) @ https://healthy-snipe-46.clerk.accounts.dev/npm/@clerk/clerk-js@5.127.1/dist/ui-common_clerk.browser_9854dd_5.127.1.js:4
[   70956ms] [INFO] 🔒 Clerk:
The <SignIn/> component cannot render when a user is already signed in, unless the application allows multiple sessions. Since a user is signed in and this application only allows a single session, Clerk is redirecting to the `afterSignIn` URL instead.
(This notice only appears in development) @ https://healthy-snipe-46.clerk.accounts.dev/npm/@clerk/clerk-js@5.127.1/dist/ui-common_clerk.browser_9854dd_5.127.1.js:4
[   70971ms] [INFO] 🔒 Clerk:
The <SignIn/> component cannot render when a user is already signed in, unless the application allows multiple sessions. Since a user is signed in and this application only allows a single session, Clerk is redirecting to the `afterSignIn` URL instead.
(This notice only appears in development) @ https://healthy-snipe-46.clerk.accounts.dev/npm/@clerk/clerk-js@5.127.1/dist/ui-common_clerk.browser_9854dd_5.127.1.js:4
[   70985ms] [INFO] 🔒 Clerk:
The <SignIn/> component cannot render when a user is already signed in, unless the application allows multiple sessions. Since a user is signed in and this application only allows a single session, Clerk is redirecting to the `afterSignIn` URL instead.
(This notice only appears in development) @ https://healthy-snipe-46.clerk.accounts.dev/npm/@clerk/clerk-js@5.127.1/dist/ui-common_clerk.browser_9854dd_5.127.1.js:4
[   70999ms] [INFO] 🔒 Clerk:
The <SignIn/> component cannot render when a user is already signed in, unless the application allows multiple sessions. Since a user is signed in and this application only allows a single session, Clerk is redirecting to the `afterSignIn` URL instead.
(This notice only appears in development) @ https://healthy-snipe-46.clerk.accounts.dev/npm/@clerk/clerk-js@5.127.1/dist/ui-common_clerk.browser_9854dd_5.127.1.js:4
[   71012ms] [INFO] 🔒 Clerk:
The <SignIn/> component cannot render when a user is already signed in, unless the application allows multiple sessions. Since a user is signed in and this application only allows a single session, Clerk is redirecting to the `afterSignIn` URL instead.
(This notice only appears in development) @ https://healthy-snipe-46.clerk.accounts.dev/npm/@clerk/clerk-js@5.127.1/dist/ui-common_clerk.browser_9854dd_5.127.1.js:4
[   71026ms] [INFO] 🔒 Clerk:
The <SignIn/> component cannot render when a user is already signed in, unless the application allows multiple sessions. Since a user is signed in and this application only allows a single session, Clerk is redirecting to the `afterSignIn` URL instead.
(This notice only appears in development) @ https://healthy-snipe-46.clerk.accounts.dev/npm/@clerk/clerk-js@5.127.1/dist/ui-common_clerk.browser_9854dd_5.127.1.js:4
[   71039ms] [INFO] 🔒 Clerk:
The <SignIn/> component cannot render when a user is already signed in, unless the application allows multiple sessions. Since a user is signed in and this application only allows a single session, Clerk is redirecting to the `afterSignIn` URL instead.
(This notice only appears in development) @ https://healthy-snipe-46.clerk.accounts.dev/npm/@clerk/clerk-js@5.127.1/dist/ui-common_clerk.browser_9854dd_5.127.1.js:4
[   71054ms] [INFO] 🔒 Clerk:
The <SignIn/> component cannot render when a user is already signed in, unless the application allows multiple sessions. Since a user is signed in and this application only allows a single session, Clerk is redirecting to the `afterSignIn` URL instead.
(This notice only appears in development) @ https://healthy-snipe-46.clerk.accounts.dev/npm/@clerk/clerk-js@5.127.1/dist/ui-common_clerk.browser_9854dd_5.127.1.js:4
[   71068ms] [INFO] 🔒 Clerk:
The <SignIn/> component cannot render when a user is already signed in, unless the application allows multiple sessions. Since a user is signed in and this application only allows a single session, Clerk is redirecting to the `afterSignIn` URL instead.
(This notice only appears in development) @ https://healthy-snipe-46.clerk.accounts.dev/npm/@clerk/clerk-js@5.127.1/dist/ui-common_clerk.browser_9854dd_5.127.1.js:4
[   71084ms] [INFO] 🔒 Clerk:
The <SignIn/> component cannot render when a user is already signed in, unless the application allows multiple sessions. Since a user is signed in and this application only allows a single session, Clerk is redirecting to the `afterSignIn` URL instead.
(This notice only appears in development) @ https://healthy-snipe-46.clerk.accounts.dev/npm/@clerk/clerk-js@5.127.1/dist/ui-common_clerk.browser_9854dd_5.127.1.js:4
[   71097ms] [INFO] 🔒 Clerk:
The <SignIn/> component cannot render when a user is already signed in, unless the application allows multiple sessions. Since a user is signed in and this application only allows a single session, Clerk is redirecting to the `afterSignIn` URL instead.
(This notice only appears in development) @ https://healthy-snipe-46.clerk.accounts.dev/npm/@clerk/clerk-js@5.127.1/dist/ui-common_clerk.browser_9854dd_5.127.1.js:4
[   71112ms] [INFO] 🔒 Clerk:
The <SignIn/> component cannot render when a user is already signed in, unless the application allows multiple sessions. Since a user is signed in and this application only allows a single session, Clerk is redirecting to the `afterSignIn` URL instead.
(This notice only appears in development) @ https://healthy-snipe-46.clerk.accounts.dev/npm/@clerk/clerk-js@5.127.1/dist/ui-common_clerk.browser_9854dd_5.127.1.js:4
[   71125ms] [INFO] 🔒 Clerk:
The <SignIn/> component cannot render when a user is already signed in, unless the application allows multiple sessions. Since a user is signed in and this application only allows a single session, Clerk is redirecting to the `afterSignIn` URL instead.
(This notice only appears in development) @ https://healthy-snipe-46.clerk.accounts.dev/npm/@clerk/clerk-js@5.127.1/dist/ui-common_clerk.browser_9854dd_5.127.1.js:4
[   71142ms] [INFO] 🔒 Clerk:
The <SignIn/> component cannot render when a user is already signed in, unless the application allows multiple sessions. Since a user is signed in and this application only allows a single session, Clerk is redirecting to the `afterSignIn` URL instead.
(This notice only appears in development) @ https://healthy-snipe-46.clerk.accounts.dev/npm/@clerk/clerk-js@5.127.1/dist/ui-common_clerk.browser_9854dd_5.127.1.js:4
[   71155ms] [INFO] 🔒 Clerk:
The <SignIn/> component cannot render when a user is already signed in, unless the application allows multiple sessions. Since a user is signed in and this application only allows a single session, Clerk is redirecting to the `afterSignIn` URL instead.
(This notice only appears in development) @ https://healthy-snipe-46.clerk.accounts.dev/npm/@clerk/clerk-js@5.127.1/dist/ui-common_clerk.browser_9854dd_5.127.1.js:4
[   71168ms] [INFO] 🔒 Clerk:
The <SignIn/> component cannot render when a user is already signed in, unless the application allows multiple sessions. Since a user is signed in and this application only allows a single session, Clerk is redirecting to the `afterSignIn` URL instead.
(This notice only appears in development) @ https://healthy-snipe-46.clerk.accounts.dev/npm/@clerk/clerk-js@5.127.1/dist/ui-common_clerk.browser_9854dd_5.127.1.js:4
[   71184ms] [INFO] 🔒 Clerk:
The <SignIn/> component cannot render when a user is already signed in, unless the application allows multiple sessions. Since a user is signed in and this application only allows a single session, Clerk is redirecting to the `afterSignIn` URL instead.
(This notice only appears in development) @ https://healthy-snipe-46.clerk.accounts.dev/npm/@clerk/clerk-js@5.127.1/dist/ui-common_clerk.browser_9854dd_5.127.1.js:4
[   71197ms] [INFO] 🔒 Clerk:
The <SignIn/> component cannot render when a user is already signed in, unless the application allows multiple sessions. Since a user is signed in and this application only allows a single session, Clerk is redirecting to the `afterSignIn` URL instead.
(This notice only appears in development) @ https://healthy-snipe-46.clerk.accounts.dev/npm/@clerk/clerk-js@5.127.1/dist/ui-common_clerk.browser_9854dd_5.127.1.js:4
[   71210ms] [INFO] 🔒 Clerk:
The <SignIn/> component cannot render when a user is already signed in, unless the application allows multiple sessions. Since a user is signed in and this application only allows a single session, Clerk is redirecting to the `afterSignIn` URL instead.
(This notice only appears in development) @ https://healthy-snipe-46.clerk.accounts.dev/npm/@clerk/clerk-js@5.127.1/dist/ui-common_clerk.browser_9854dd_5.127.1.js:4
[   71221ms] [INFO] 🔒 Clerk:
The <SignIn/> component cannot render when a user is already signed in, unless the application allows multiple sessions. Since a user is signed in and this application only allows a single session, Clerk is redirecting to the `afterSignIn` URL instead.
(This notice only appears in development) @ https://healthy-snipe-46.clerk.accounts.dev/npm/@clerk/clerk-js@5.127.1/dist/ui-common_clerk.browser_9854dd_5.127.1.js:4
[   71235ms] [INFO] 🔒 Clerk:
The <SignIn/> component cannot render when a user is already signed in, unless the application allows multiple sessions. Since a user is signed in and this application only allows a single session, Clerk is redirecting to the `afterSignIn` URL instead.
(This notice only appears in development) @ https://healthy-snipe-46.clerk.accounts.dev/npm/@clerk/clerk-js@5.127.1/dist/ui-common_clerk.browser_9854dd_5.127.1.js:4
[   71248ms] [INFO] 🔒 Clerk:
The <SignIn/> component cannot render when a user is already signed in, unless the application allows multiple sessions. Since a user is signed in and this application only allows a single session, Clerk is redirecting to the `afterSignIn` URL instead.
(This notice only appears in development) @ https://healthy-snipe-46.clerk.accounts.dev/npm/@clerk/clerk-js@5.127.1/dist/ui-common_clerk.browser_9854dd_5.127.1.js:4
[   71262ms] [INFO] 🔒 Clerk:
The <SignIn/> component cannot render when a user is already signed in, unless the application allows multiple sessions. Since a user is signed in and this application only allows a single session, Clerk is redirecting to the `afterSignIn` URL instead.
(This notice only appears in development) @ https://healthy-snipe-46.clerk.accounts.dev/npm/@clerk/clerk-js@5.127.1/dist/ui-common_clerk.browser_9854dd_5.127.1.js:4
[   71276ms] [INFO] 🔒 Clerk:
The <SignIn/> component cannot render when a user is already signed in, unless the application allows multiple sessions. Since a user is signed in and this application only allows a single session, Clerk is redirecting to the `afterSignIn` URL instead.
(This notice only appears in development) @ https://healthy-snipe-46.clerk.accounts.dev/npm/@clerk/clerk-js@5.127.1/dist/ui-common_clerk.browser_9854dd_5.127.1.js:4
[   71289ms] [INFO] 🔒 Clerk:
The <SignIn/> component cannot render when a user is already signed in, unless the application allows multiple sessions. Since a user is signed in and this application only allows a single session, Clerk is redirecting to the `afterSignIn` URL instead.
(This notice only appears in development) @ https://healthy-snipe-46.clerk.accounts.dev/npm/@clerk/clerk-js@5.127.1/dist/ui-common_clerk.browser_9854dd_5.127.1.js:4
[   71304ms] [INFO] 🔒 Clerk:
The <SignIn/> component cannot render when a user is already signed in, unless the application allows multiple sessions. Since a user is signed in and this application only allows a single session, Clerk is redirecting to the `afterSignIn` URL instead.
(This notice only appears in development) @ https://healthy-snipe-46.clerk.accounts.dev/npm/@clerk/clerk-js@5.127.1/dist/ui-common_clerk.browser_9854dd_5.127.1.js:4
[   71317ms] [INFO] 🔒 Clerk:
The <SignIn/> component cannot render when a user is already signed in, unless the application allows multiple sessions. Since a user is signed in and this application only allows a single session, Clerk is redirecting to the `afterSignIn` URL instead.
(This notice only appears in development) @ https://healthy-snipe-46.clerk.accounts.dev/npm/@clerk/clerk-js@5.127.1/dist/ui-common_clerk.browser_9854dd_5.127.1.js:4
[   71330ms] [INFO] 🔒 Clerk:
The <SignIn/> component cannot render when a user is already signed in, unless the application allows multiple sessions. Since a user is signed in and this application only allows a single session, Clerk is redirecting to the `afterSignIn` URL instead.
(This notice only appears in development) @ https://healthy-snipe-46.clerk.accounts.dev/npm/@clerk/clerk-js@5.127.1/dist/ui-common_clerk.browser_9854dd_5.127.1.js:4
[   71345ms] [INFO] 🔒 Clerk:
The <SignIn/> component cannot render when a user is already signed in, unless the application allows multiple sessions. Since a user is signed in and this application only allows a single session, Clerk is redirecting to the `afterSignIn` URL instead.
(This notice only appears in development) @ https://healthy-snipe-46.clerk.accounts.dev/npm/@clerk/clerk-js@5.127.1/dist/ui-common_clerk.browser_9854dd_5.127.1.js:4
[   71362ms] [INFO] 🔒 Clerk:
The <SignIn/> component cannot render when a user is already signed in, unless the application allows multiple sessions. Since a user is signed in and this application only allows a single session, Clerk is redirecting to the `afterSignIn` URL instead.
(This notice only appears in development) @ https://healthy-snipe-46.clerk.accounts.dev/npm/@clerk/clerk-js@5.127.1/dist/ui-common_clerk.browser_9854dd_5.127.1.js:4
[   71379ms] [INFO] 🔒 Clerk:
The <SignIn/> component cannot render when a user is already signed in, unless the application allows multiple sessions. Since a user is signed in and this application only allows a single session, Clerk is redirecting to the `afterSignIn` URL instead.
(This notice only appears in development) @ https://healthy-snipe-46.clerk.accounts.dev/npm/@clerk/clerk-js@5.127.1/dist/ui-common_clerk.browser_9854dd_5.127.1.js:4
[   71393ms] [INFO] 🔒 Clerk:
The <SignIn/> component cannot render when a user is already signed in, unless the application allows multiple sessions. Since a user is signed in and this application only allows a single session, Clerk is redirecting to the `afterSignIn` URL instead.
(This notice only appears in development) @ https://healthy-snipe-46.clerk.accounts.dev/npm/@clerk/clerk-js@5.127.1/dist/ui-common_clerk.browser_9854dd_5.127.1.js:4
[   71408ms] [INFO] 🔒 Clerk:
The <SignIn/> component cannot render when a user is already signed in, unless the application allows multiple sessions. Since a user is signed in and this application only allows a single session, Clerk is redirecting to the `afterSignIn` URL instead.
(This notice only appears in development) @ https://healthy-snipe-46.clerk.accounts.dev/npm/@clerk/clerk-js@5.127.1/dist/ui-common_clerk.browser_9854dd_5.127.1.js:4
[   71421ms] [INFO] 🔒 Clerk:
The <SignIn/> component cannot render when a user is already signed in, unless the application allows multiple sessions. Since a user is signed in and this application only allows a single session, Clerk is redirecting to the `afterSignIn` URL instead.
(This notice only appears in development) @ https://healthy-snipe-46.clerk.accounts.dev/npm/@clerk/clerk-js@5.127.1/dist/ui-common_clerk.browser_9854dd_5.127.1.js:4
[   71435ms] [INFO] 🔒 Clerk:
The <SignIn/> component cannot render when a user is already signed in, unless the application allows multiple sessions. Since a user is signed in and this application only allows a single session, Clerk is redirecting to the `afterSignIn` URL instead.
(This notice only appears in development) @ https://healthy-snipe-46.clerk.accounts.dev/npm/@clerk/clerk-js@5.127.1/dist/ui-common_clerk.browser_9854dd_5.127.1.js:4
[   71454ms] [INFO] 🔒 Clerk:
The <SignIn/> component cannot render when a user is already signed in, unless the application allows multiple sessions. Since a user is signed in and this application only allows a single session, Clerk is redirecting to the `afterSignIn` URL instead.
(This notice only appears in development) @ https://healthy-snipe-46.clerk.accounts.dev/npm/@clerk/clerk-js@5.127.1/dist/ui-common_clerk.browser_9854dd_5.127.1.js:4
[   71478ms] [INFO] 🔒 Clerk:
The <SignIn/> component cannot render when a user is already signed in, unless the application allows multiple sessions. Since a user is signed in and this application only allows a single session, Clerk is redirecting to the `afterSignIn` URL instead.
(This notice only appears in development) @ https://healthy-snipe-46.clerk.accounts.dev/npm/@clerk/clerk-js@5.127.1/dist/ui-common_clerk.browser_9854dd_5.127.1.js:4
[   71492ms] [INFO] 🔒 Clerk:
The <SignIn/> component cannot render when a user is already signed in, unless the application allows multiple sessions. Since a user is signed in and this application only allows a single session, Clerk is redirecting to the `afterSignIn` URL instead.
(This notice only appears in development) @ https://healthy-snipe-46.clerk.accounts.dev/npm/@clerk/clerk-js@5.127.1/dist/ui-common_clerk.browser_9854dd_5.127.1.js:4
[   71505ms] [INFO] 🔒 Clerk:
The <SignIn/> component cannot render when a user is already signed in, unless the application allows multiple sessions. Since a user is signed in and this application only allows a single session, Clerk is redirecting to the `afterSignIn` URL instead.
(This notice only appears in development) @ https://healthy-snipe-46.clerk.accounts.dev/npm/@clerk/clerk-js@5.127.1/dist/ui-common_clerk.browser_9854dd_5.127.1.js:4
[   71519ms] [INFO] 🔒 Clerk:
The <SignIn/> component cannot render when a user is already signed in, unless the application allows multiple sessions. Since a user is signed in and this application only allows a single session, Clerk is redirecting to the `afterSignIn` URL instead.
(This notice only appears in development) @ https://healthy-snipe-46.clerk.accounts.dev/npm/@clerk/clerk-js@5.127.1/dist/ui-common_clerk.browser_9854dd_5.127.1.js:4
[   71532ms] [INFO] 🔒 Clerk:
The <SignIn/> component cannot render when a user is already signed in, unless the application allows multiple sessions. Since a user is signed in and this application only allows a single session, Clerk is redirecting to the `afterSignIn` URL instead.
(This notice only appears in development) @ https://healthy-snipe-46.clerk.accounts.dev/npm/@clerk/clerk-js@5.127.1/dist/ui-common_clerk.browser_9854dd_5.127.1.js:4
[   71546ms] [INFO] 🔒 Clerk:
The <SignIn/> component cannot render when a user is already signed in, unless the application allows multiple sessions. Since a user is signed in and this application only allows a single session, Clerk is redirecting to the `afterSignIn` URL instead.
(This notice only appears in development) @ https://healthy-snipe-46.clerk.accounts.dev/npm/@clerk/clerk-js@5.127.1/dist/ui-common_clerk.browser_9854dd_5.127.1.js:4
[   71562ms] [INFO] 🔒 Clerk:
The <SignIn/> component cannot render when a user is already signed in, unless the application allows multiple sessions. Since a user is signed in and this application only allows a single session, Clerk is redirecting to the `afterSignIn` URL instead.
(This notice only appears in development) @ https://healthy-snipe-46.clerk.accounts.dev/npm/@clerk/clerk-js@5.127.1/dist/ui-common_clerk.browser_9854dd_5.127.1.js:4
[   71580ms] [INFO] 🔒 Clerk:
The <SignIn/> component cannot render when a user is already signed in, unless the application allows multiple sessions. Since a user is signed in and this application only allows a single session, Clerk is redirecting to the `afterSignIn` URL instead.
(This notice only appears in development) @ https://healthy-snipe-46.clerk.accounts.dev/npm/@clerk/clerk-js@5.127.1/dist/ui-common_clerk.browser_9854dd_5.127.1.js:4
[   71594ms] [INFO] 🔒 Clerk:
The <SignIn/> component cannot render when a user is already signed in, unless the application allows multiple sessions. Since a user is signed in and this application only allows a single session, Clerk is redirecting to the `afterSignIn` URL instead.
(This notice only appears in development) @ https://healthy-snipe-46.clerk.accounts.dev/npm/@clerk/clerk-js@5.127.1/dist/ui-common_clerk.browser_9854dd_5.127.1.js:4
[   71607ms] [INFO] 🔒 Clerk:
The <SignIn/> component cannot render when a user is already signed in, unless the application allows multiple sessions. Since a user is signed in and this application only allows a single session, Clerk is redirecting to the `afterSignIn` URL instead.
(This notice only appears in development) @ https://healthy-snipe-46.clerk.accounts.dev/npm/@clerk/clerk-js@5.127.1/dist/ui-common_clerk.browser_9854dd_5.127.1.js:4
[   71620ms] [INFO] 🔒 Clerk:
The <SignIn/> component cannot render when a user is already signed in, unless the application allows multiple sessions. Since a user is signed in and this application only allows a single session, Clerk is redirecting to the `afterSignIn` URL instead.
(This notice only appears in development) @ https://healthy-snipe-46.clerk.accounts.dev/npm/@clerk/clerk-js@5.127.1/dist/ui-common_clerk.browser_9854dd_5.127.1.js:4
[   71634ms] [INFO] 🔒 Clerk:
The <SignIn/> component cannot render when a user is already signed in, unless the application allows multiple sessions. Since a user is signed in and this application only allows a single session, Clerk is redirecting to the `afterSignIn` URL instead.
(This notice only appears in development) @ https://healthy-snipe-46.clerk.accounts.dev/npm/@clerk/clerk-js@5.127.1/dist/ui-common_clerk.browser_9854dd_5.127.1.js:4
[   71652ms] [INFO] 🔒 Clerk:
The <SignIn/> component cannot render when a user is already signed in, unless the application allows multiple sessions. Since a user is signed in and this application only allows a single session, Clerk is redirecting to the `afterSignIn` URL instead.
(This notice only appears in development) @ https://healthy-snipe-46.clerk.accounts.dev/npm/@clerk/clerk-js@5.127.1/dist/ui-common_clerk.browser_9854dd_5.127.1.js:4
[   71665ms] [INFO] 🔒 Clerk:
The <SignIn/> component cannot render when a user is already signed in, unless the application allows multiple sessions. Since a user is signed in and this application only allows a single session, Clerk is redirecting to the `afterSignIn` URL instead.
(This notice only appears in development) @ https://healthy-snipe-46.clerk.accounts.dev/npm/@clerk/clerk-js@5.127.1/dist/ui-common_clerk.browser_9854dd_5.127.1.js:4
[   71678ms] [INFO] 🔒 Clerk:
The <SignIn/> component cannot render when a user is already signed in, unless the application allows multiple sessions. Since a user is signed in and this application only allows a single session, Clerk is redirecting to the `afterSignIn` URL instead.
(This notice only appears in development) @ https://healthy-snipe-46.clerk.accounts.dev/npm/@clerk/clerk-js@5.127.1/dist/ui-common_clerk.browser_9854dd_5.127.1.js:4
[   71693ms] [INFO] 🔒 Clerk:
The <SignIn/> component cannot render when a user is already signed in, unless the application allows multiple sessions. Since a user is signed in and this application only allows a single session, Clerk is redirecting to the `afterSignIn` URL instead.
(This notice only appears in development) @ https://healthy-snipe-46.clerk.accounts.dev/npm/@clerk/clerk-js@5.127.1/dist/ui-common_clerk.browser_9854dd_5.127.1.js:4
[   71707ms] [INFO] 🔒 Clerk:
The <SignIn/> component cannot render when a user is already signed in, unless the application allows multiple sessions. Since a user is signed in and this application only allows a single session, Clerk is redirecting to the `afterSignIn` URL instead.
(This notice only appears in development) @ https://healthy-snipe-46.clerk.accounts.dev/npm/@clerk/clerk-js@5.127.1/dist/ui-common_clerk.browser_9854dd_5.127.1.js:4
[   71724ms] [INFO] 🔒 Clerk:
The <SignIn/> component cannot render when a user is already signed in, unless the application allows multiple sessions. Since a user is signed in and this application only allows a single session, Clerk is redirecting to the `afterSignIn` URL instead.
(This notice only appears in development) @ https://healthy-snipe-46.clerk.accounts.dev/npm/@clerk/clerk-js@5.127.1/dist/ui-common_clerk.browser_9854dd_5.127.1.js:4
[   71737ms] [INFO] 🔒 Clerk:
The <SignIn/> component cannot render when a user is already signed in, unless the application allows multiple sessions. Since a user is signed in and this application only allows a single session, Clerk is redirecting to the `afterSignIn` URL instead.
(This notice only appears in development) @ https://healthy-snipe-46.clerk.accounts.dev/npm/@clerk/clerk-js@5.127.1/dist/ui-common_clerk.browser_9854dd_5.127.1.js:4
[   71751ms] [INFO] 🔒 Clerk:
The <SignIn/> component cannot render when a user is already signed in, unless the application allows multiple sessions. Since a user is signed in and this application only allows a single session, Clerk is redirecting to the `afterSignIn` URL instead.
(This notice only appears in development) @ https://healthy-snipe-46.clerk.accounts.dev/npm/@clerk/clerk-js@5.127.1/dist/ui-common_clerk.browser_9854dd_5.127.1.js:4
[   71763ms] [INFO] 🔒 Clerk:
The <SignIn/> component cannot render when a user is already signed in, unless the application allows multiple sessions. Since a user is signed in and this application only allows a single session, Clerk is redirecting to the `afterSignIn` URL instead.
(This notice only appears in development) @ https://healthy-snipe-46.clerk.accounts.dev/npm/@clerk/clerk-js@5.127.1/dist/ui-common_clerk.browser_9854dd_5.127.1.js:4
[   71777ms] [INFO] 🔒 Clerk:
The <SignIn/> component cannot render when a user is already signed in, unless the application allows multiple sessions. Since a user is signed in and this application only allows a single session, Clerk is redirecting to the `afterSignIn` URL instead.
(This notice only appears in development) @ https://healthy-snipe-46.clerk.accounts.dev/npm/@clerk/clerk-js@5.127.1/dist/ui-common_clerk.browser_9854dd_5.127.1.js:4
[   71790ms] [INFO] 🔒 Clerk:
The <SignIn/> component cannot render when a user is already signed in, unless the application allows multiple sessions. Since a user is signed in and this application only allows a single session, Clerk is redirecting to the `afterSignIn` URL instead.
(This notice only appears in development) @ https://healthy-snipe-46.clerk.accounts.dev/npm/@clerk/clerk-js@5.127.1/dist/ui-common_clerk.browser_9854dd_5.127.1.js:4
[   71807ms] [INFO] 🔒 Clerk:
The <SignIn/> component cannot render when a user is already signed in, unless the application allows multiple sessions. Since a user is signed in and this application only allows a single session, Clerk is redirecting to the `afterSignIn` URL instead.
(This notice only appears in development) @ https://healthy-snipe-46.clerk.accounts.dev/npm/@clerk/clerk-js@5.127.1/dist/ui-common_clerk.browser_9854dd_5.127.1.js:4
[   71820ms] [INFO] 🔒 Clerk:
The <SignIn/> component cannot render when a user is already signed in, unless the application allows multiple sessions. Since a user is signed in and this application only allows a single session, Clerk is redirecting to the `afterSignIn` URL instead.
(This notice only appears in development) @ https://healthy-snipe-46.clerk.accounts.dev/npm/@clerk/clerk-js@5.127.1/dist/ui-common_clerk.browser_9854dd_5.127.1.js:4
[   71833ms] [INFO] 🔒 Clerk:
The <SignIn/> component cannot render when a user is already signed in, unless the application allows multiple sessions. Since a user is signed in and this application only allows a single session, Clerk is redirecting to the `afterSignIn` URL instead.
(This notice only appears in development) @ https://healthy-snipe-46.clerk.accounts.dev/npm/@clerk/clerk-js@5.127.1/dist/ui-common_clerk.browser_9854dd_5.127.1.js:4
[   71847ms] [INFO] 🔒 Clerk:
The <SignIn/> component cannot render when a user is already signed in, unless the application allows multiple sessions. Since a user is signed in and this application only allows a single session, Clerk is redirecting to the `afterSignIn` URL instead.
(This notice only appears in development) @ https://healthy-snipe-46.clerk.accounts.dev/npm/@clerk/clerk-js@5.127.1/dist/ui-common_clerk.browser_9854dd_5.127.1.js:4
[   71860ms] [INFO] 🔒 Clerk:
The <SignIn/> component cannot render when a user is already signed in, unless the application allows multiple sessions. Since a user is signed in and this application only allows a single session, Clerk is redirecting to the `afterSignIn` URL instead.
(This notice only appears in development) @ https://healthy-snipe-46.clerk.accounts.dev/npm/@clerk/clerk-js@5.127.1/dist/ui-common_clerk.browser_9854dd_5.127.1.js:4
[   71872ms] [INFO] 🔒 Clerk:
The <SignIn/> component cannot render when a user is already signed in, unless the application allows multiple sessions. Since a user is signed in and this application only allows a single session, Clerk is redirecting to the `afterSignIn` URL instead.
(This notice only appears in development) @ https://healthy-snipe-46.clerk.accounts.dev/npm/@clerk/clerk-js@5.127.1/dist/ui-common_clerk.browser_9854dd_5.127.1.js:4
[   71885ms] [INFO] 🔒 Clerk:
The <SignIn/> component cannot render when a user is already signed in, unless the application allows multiple sessions. Since a user is signed in and this application only allows a single session, Clerk is redirecting to the `afterSignIn` URL instead.
(This notice only appears in development) @ https://healthy-snipe-46.clerk.accounts.dev/npm/@clerk/clerk-js@5.127.1/dist/ui-common_clerk.browser_9854dd_5.127.1.js:4
[   71898ms] [INFO] 🔒 Clerk:
The <SignIn/> component cannot render when a user is already signed in, unless the application allows multiple sessions. Since a user is signed in and this application only allows a single session, Clerk is redirecting to the `afterSignIn` URL instead.
(This notice only appears in development) @ https://healthy-snipe-46.clerk.accounts.dev/npm/@clerk/clerk-js@5.127.1/dist/ui-common_clerk.browser_9854dd_5.127.1.js:4
[   71910ms] [INFO] 🔒 Clerk:
The <SignIn/> component cannot render when a user is already signed in, unless the application allows multiple sessions. Since a user is signed in and this application only allows a single session, Clerk is redirecting to the `afterSignIn` URL instead.
(This notice only appears in development) @ https://healthy-snipe-46.clerk.accounts.dev/npm/@clerk/clerk-js@5.127.1/dist/ui-common_clerk.browser_9854dd_5.127.1.js:4
[   71926ms] [INFO] 🔒 Clerk:
The <SignIn/> component cannot render when a user is already signed in, unless the application allows multiple sessions. Since a user is signed in and this application only allows a single session, Clerk is redirecting to the `afterSignIn` URL instead.
(This notice only appears in development) @ https://healthy-snipe-46.clerk.accounts.dev/npm/@clerk/clerk-js@5.127.1/dist/ui-common_clerk.browser_9854dd_5.127.1.js:4
[   71940ms] [INFO] 🔒 Clerk:
The <SignIn/> component cannot render when a user is already signed in, unless the application allows multiple sessions. Since a user is signed in and this application only allows a single session, Clerk is redirecting to the `afterSignIn` URL instead.
(This notice only appears in development) @ https://healthy-snipe-46.clerk.accounts.dev/npm/@clerk/clerk-js@5.127.1/dist/ui-common_clerk.browser_9854dd_5.127.1.js:4
[   71953ms] [INFO] 🔒 Clerk:
The <SignIn/> component cannot render when a user is already signed in, unless the application allows multiple sessions. Since a user is signed in and this application only allows a single session, Clerk is redirecting to the `afterSignIn` URL instead.
(This notice only appears in development) @ https://healthy-snipe-46.clerk.accounts.dev/npm/@clerk/clerk-js@5.127.1/dist/ui-common_clerk.browser_9854dd_5.127.1.js:4
[   71968ms] [INFO] 🔒 Clerk:
The <SignIn/> component cannot render when a user is already signed in, unless the application allows multiple sessions. Since a user is signed in and this application only allows a single session, Clerk is redirecting to the `afterSignIn` URL instead.
(This notice only appears in development) @ https://healthy-snipe-46.clerk.accounts.dev/npm/@clerk/clerk-js@5.127.1/dist/ui-common_clerk.browser_9854dd_5.127.1.js:4
[   71985ms] [INFO] 🔒 Clerk:
The <SignIn/> component cannot render when a user is already signed in, unless the application allows multiple sessions. Since a user is signed in and this application only allows a single session, Clerk is redirecting to the `afterSignIn` URL instead.
(This notice only appears in development) @ https://healthy-snipe-46.clerk.accounts.dev/npm/@clerk/clerk-js@5.127.1/dist/ui-common_clerk.browser_9854dd_5.127.1.js:4
[   71998ms] [INFO] 🔒 Clerk:
The <SignIn/> component cannot render when a user is already signed in, unless the application allows multiple sessions. Since a user is signed in and this application only allows a single session, Clerk is redirecting to the `afterSignIn` URL instead.
(This notice only appears in development) @ https://healthy-snipe-46.clerk.accounts.dev/npm/@clerk/clerk-js@5.127.1/dist/ui-common_clerk.browser_9854dd_5.127.1.js:4
[   72012ms] [INFO] 🔒 Clerk:
The <SignIn/> component cannot render when a user is already signed in, unless the application allows multiple sessions. Since a user is signed in and this application only allows a single session, Clerk is redirecting to the `afterSignIn` URL instead.
(This notice only appears in development) @ https://healthy-snipe-46.clerk.accounts.dev/npm/@clerk/clerk-js@5.127.1/dist/ui-common_clerk.browser_9854dd_5.127.1.js:4
[   72027ms] [INFO] 🔒 Clerk:
The <SignIn/> component cannot render when a user is already signed in, unless the application allows multiple sessions. Since a user is signed in and this application only allows a single session, Clerk is redirecting to the `afterSignIn` URL instead.
(This notice only appears in development) @ https://healthy-snipe-46.clerk.accounts.dev/npm/@clerk/clerk-js@5.127.1/dist/ui-common_clerk.browser_9854dd_5.127.1.js:4
[   72043ms] [INFO] 🔒 Clerk:
The <SignIn/> component cannot render when a user is already signed in, unless the application allows multiple sessions. Since a user is signed in and this application only allows a single session, Clerk is redirecting to the `afterSignIn` URL instead.
(This notice only appears in development) @ https://healthy-snipe-46.clerk.accounts.dev/npm/@clerk/clerk-js@5.127.1/dist/ui-common_clerk.browser_9854dd_5.127.1.js:4
[   72059ms] [INFO] 🔒 Clerk:
The <SignIn/> component cannot render when a user is already signed in, unless the application allows multiple sessions. Since a user is signed in and this application only allows a single session, Clerk is redirecting to the `afterSignIn` URL instead.
(This notice only appears in development) @ https://healthy-snipe-46.clerk.accounts.dev/npm/@clerk/clerk-js@5.127.1/dist/ui-common_clerk.browser_9854dd_5.127.1.js:4
[   72072ms] [INFO] 🔒 Clerk:
The <SignIn/> component cannot render when a user is already signed in, unless the application allows multiple sessions. Since a user is signed in and this application only allows a single session, Clerk is redirecting to the `afterSignIn` URL instead.
(This notice only appears in development) @ https://healthy-snipe-46.clerk.accounts.dev/npm/@clerk/clerk-js@5.127.1/dist/ui-common_clerk.browser_9854dd_5.127.1.js:4
[   72089ms] [INFO] 🔒 Clerk:
The <SignIn/> component cannot render when a user is already signed in, unless the application allows multiple sessions. Since a user is signed in and this application only allows a single session, Clerk is redirecting to the `afterSignIn` URL instead.
(This notice only appears in development) @ https://healthy-snipe-46.clerk.accounts.dev/npm/@clerk/clerk-js@5.127.1/dist/ui-common_clerk.browser_9854dd_5.127.1.js:4
[   72104ms] [INFO] 🔒 Clerk:
The <SignIn/> component cannot render when a user is already signed in, unless the application allows multiple sessions. Since a user is signed in and this application only allows a single session, Clerk is redirecting to the `afterSignIn` URL instead.
(This notice only appears in development) @ https://healthy-snipe-46.clerk.accounts.dev/npm/@clerk/clerk-js@5.127.1/dist/ui-common_clerk.browser_9854dd_5.127.1.js:4
[   72119ms] [INFO] 🔒 Clerk:
The <SignIn/> component cannot render when a user is already signed in, unless the application allows multiple sessions. Since a user is signed in and this application only allows a single session, Clerk is redirecting to the `afterSignIn` URL instead.
(This notice only appears in development) @ https://healthy-snipe-46.clerk.accounts.dev/npm/@clerk/clerk-js@5.127.1/dist/ui-common_clerk.browser_9854dd_5.127.1.js:4
[   72135ms] [INFO] 🔒 Clerk:
The <SignIn/> component cannot render when a user is already signed in, unless the application allows multiple sessions. Since a user is signed in and this application only allows a single session, Clerk is redirecting to the `afterSignIn` URL instead.
(This notice only appears in development) @ https://healthy-snipe-46.clerk.accounts.dev/npm/@clerk/clerk-js@5.127.1/dist/ui-common_clerk.browser_9854dd_5.127.1.js:4
[   72152ms] [INFO] 🔒 Clerk:
The <SignIn/> component cannot render when a user is already signed in, unless the application allows multiple sessions. Since a user is signed in and this application only allows a single session, Clerk is redirecting to the `afterSignIn` URL instead.
(This notice only appears in development) @ https://healthy-snipe-46.clerk.accounts.dev/npm/@clerk/clerk-js@5.127.1/dist/ui-common_clerk.browser_9854dd_5.127.1.js:4
[   72167ms] [INFO] 🔒 Clerk:
The <SignIn/> component cannot render when a user is already signed in, unless the application allows multiple sessions. Since a user is signed in and this application only allows a single session, Clerk is redirecting to the `afterSignIn` URL instead.
(This notice only appears in development) @ https://healthy-snipe-46.clerk.accounts.dev/npm/@clerk/clerk-js@5.127.1/dist/ui-common_clerk.browser_9854dd_5.127.1.js:4
[   72183ms] [INFO] 🔒 Clerk:
The <SignIn/> component cannot render when a user is already signed in, unless the application allows multiple sessions. Since a user is signed in and this application only allows a single session, Clerk is redirecting to the `afterSignIn` URL instead.
(This notice only appears in development) @ https://healthy-snipe-46.clerk.accounts.dev/npm/@clerk/clerk-js@5.127.1/dist/ui-common_clerk.browser_9854dd_5.127.1.js:4
[   72197ms] [INFO] 🔒 Clerk:
The <SignIn/> component cannot render when a user is already signed in, unless the application allows multiple sessions. Since a user is signed in and this application only allows a single session, Clerk is redirecting to the `afterSignIn` URL instead.
(This notice only appears in development) @ https://healthy-snipe-46.clerk.accounts.dev/npm/@clerk/clerk-js@5.127.1/dist/ui-common_clerk.browser_9854dd_5.127.1.js:4
[   72213ms] [INFO] 🔒 Clerk:
The <SignIn/> component cannot render when a user is already signed in, unless the application allows multiple sessions. Since a user is signed in and this application only allows a single session, Clerk is redirecting to the `afterSignIn` URL instead.
(This notice only appears in development) @ https://healthy-snipe-46.clerk.accounts.dev/npm/@clerk/clerk-js@5.127.1/dist/ui-common_clerk.browser_9854dd_5.127.1.js:4
[   72229ms] [INFO] 🔒 Clerk:
The <SignIn/> component cannot render when a user is already signed in, unless the application allows multiple sessions. Since a user is signed in and this application only allows a single session, Clerk is redirecting to the `afterSignIn` URL instead.
(This notice only appears in development) @ https://healthy-snipe-46.clerk.accounts.dev/npm/@clerk/clerk-js@5.127.1/dist/ui-common_clerk.browser_9854dd_5.127.1.js:4
[   72248ms] [INFO] 🔒 Clerk:
The <SignIn/> component cannot render when a user is already signed in, unless the application allows multiple sessions. Since a user is signed in and this application only allows a single session, Clerk is redirecting to the `afterSignIn` URL instead.
(This notice only appears in development) @ https://healthy-snipe-46.clerk.accounts.dev/npm/@clerk/clerk-js@5.127.1/dist/ui-common_clerk.browser_9854dd_5.127.1.js:4
[   72267ms] [INFO] 🔒 Clerk:
The <SignIn/> component cannot render when a user is already signed in, unless the application allows multiple sessions. Since a user is signed in and this application only allows a single session, Clerk is redirecting to the `afterSignIn` URL instead.
(This notice only appears in development) @ https://healthy-snipe-46.clerk.accounts.dev/npm/@clerk/clerk-js@5.127.1/dist/ui-common_clerk.browser_9854dd_5.127.1.js:4
[   72281ms] [INFO] 🔒 Clerk:
The <SignIn/> component cannot render when a user is already signed in, unless the application allows multiple sessions. Since a user is signed in and this application only allows a single session, Clerk is redirecting to the `afterSignIn` URL instead.
(This notice only appears in development) @ https://healthy-snipe-46.clerk.accounts.dev/npm/@clerk/clerk-js@5.127.1/dist/ui-common_clerk.browser_9854dd_5.127.1.js:4
[   72298ms] [INFO] 🔒 Clerk:
The <SignIn/> component cannot render when a user is already signed in, unless the application allows multiple sessions. Since a user is signed in and this application only allows a single session, Clerk is redirecting to the `afterSignIn` URL instead.
(This notice only appears in development) @ https://healthy-snipe-46.clerk.accounts.dev/npm/@clerk/clerk-js@5.127.1/dist/ui-common_clerk.browser_9854dd_5.127.1.js:4
[   72315ms] [INFO] 🔒 Clerk:
The <SignIn/> component cannot render when a user is already signed in, unless the application allows multiple sessions. Since a user is signed in and this application only allows a single session, Clerk is redirecting to the `afterSignIn` URL instead.
(This notice only appears in development) @ https://healthy-snipe-46.clerk.accounts.dev/npm/@clerk/clerk-js@5.127.1/dist/ui-common_clerk.browser_9854dd_5.127.1.js:4
[   72331ms] [INFO] 🔒 Clerk:
The <SignIn/> component cannot render when a user is already signed in, unless the application allows multiple sessions. Since a user is signed in and this application only allows a single session, Clerk is redirecting to the `afterSignIn` URL instead.
(This notice only appears in development) @ https://healthy-snipe-46.clerk.accounts.dev/npm/@clerk/clerk-js@5.127.1/dist/ui-common_clerk.browser_9854dd_5.127.1.js:4
[   72348ms] [INFO] 🔒 Clerk:
The <SignIn/> component cannot render when a user is already signed in, unless the application allows multiple sessions. Since a user is signed in and this application only allows a single session, Clerk is redirecting to the `afterSignIn` URL instead.
(This notice only appears in development) @ https://healthy-snipe-46.clerk.accounts.dev/npm/@clerk/clerk-js@5.127.1/dist/ui-common_clerk.browser_9854dd_5.127.1.js:4
[   72368ms] [INFO] 🔒 Clerk:
The <SignIn/> component cannot render when a user is already signed in, unless the application allows multiple sessions. Since a user is signed in and this application only allows a single session, Clerk is redirecting to the `afterSignIn` URL instead.
(This notice only appears in development) @ https://healthy-snipe-46.clerk.accounts.dev/npm/@clerk/clerk-js@5.127.1/dist/ui-common_clerk.browser_9854dd_5.127.1.js:4
[   72384ms] [INFO] 🔒 Clerk:
The <SignIn/> component cannot render when a user is already signed in, unless the application allows multiple sessions. Since a user is signed in and this application only allows a single session, Clerk is redirecting to the `afterSignIn` URL instead.
(This notice only appears in development) @ https://healthy-snipe-46.clerk.accounts.dev/npm/@clerk/clerk-js@5.127.1/dist/ui-common_clerk.browser_9854dd_5.127.1.js:4
[   72400ms] [INFO] 🔒 Clerk:
The <SignIn/> component cannot render when a user is already signed in, unless the application allows multiple sessions. Since a user is signed in and this application only allows a single session, Clerk is redirecting to the `afterSignIn` URL instead.
(This notice only appears in development) @ https://healthy-snipe-46.clerk.accounts.dev/npm/@clerk/clerk-js@5.127.1/dist/ui-common_clerk.browser_9854dd_5.127.1.js:4
[   72416ms] [INFO] 🔒 Clerk:
The <SignIn/> component cannot render when a user is already signed in, unless the application allows multiple sessions. Since a user is signed in and this application only allows a single session, Clerk is redirecting to the `afterSignIn` URL instead.
(This notice only appears in development) @ https://healthy-snipe-46.clerk.accounts.dev/npm/@clerk/clerk-js@5.127.1/dist/ui-common_clerk.browser_9854dd_5.127.1.js:4
[   72433ms] [INFO] 🔒 Clerk:
The <SignIn/> component cannot render when a user is already signed in, unless the application allows multiple sessions. Since a user is signed in and this application only allows a single session, Clerk is redirecting to the `afterSignIn` URL instead.
(This notice only appears in development) @ https://healthy-snipe-46.clerk.accounts.dev/npm/@clerk/clerk-js@5.127.1/dist/ui-common_clerk.browser_9854dd_5.127.1.js:4
[   72450ms] [INFO] 🔒 Clerk:
The <SignIn/> component cannot render when a user is already signed in, unless the application allows multiple sessions. Since a user is signed in and this application only allows a single session, Clerk is redirecting to the `afterSignIn` URL instead.
(This notice only appears in development) @ https://healthy-snipe-46.clerk.accounts.dev/npm/@clerk/clerk-js@5.127.1/dist/ui-common_clerk.browser_9854dd_5.127.1.js:4
[   72470ms] [INFO] 🔒 Clerk:
The <SignIn/> component cannot render when a user is already signed in, unless the application allows multiple sessions. Since a user is signed in and this application only allows a single session, Clerk is redirecting to the `afterSignIn` URL instead.
(This notice only appears in development) @ https://healthy-snipe-46.clerk.accounts.dev/npm/@clerk/clerk-js@5.127.1/dist/ui-common_clerk.browser_9854dd_5.127.1.js:4
[   72488ms] [INFO] 🔒 Clerk:
The <SignIn/> component cannot render when a user is already signed in, unless the application allows multiple sessions. Since a user is signed in and this application only allows a single session, Clerk is redirecting to the `afterSignIn` URL instead.
(This notice only appears in development) @ https://healthy-snipe-46.clerk.accounts.dev/npm/@clerk/clerk-js@5.127.1/dist/ui-common_clerk.browser_9854dd_5.127.1.js:4
[   72505ms] [INFO] 🔒 Clerk:
The <SignIn/> component cannot render when a user is already signed in, unless the application allows multiple sessions. Since a user is signed in and this application only allows a single session, Clerk is redirecting to the `afterSignIn` URL instead.
(This notice only appears in development) @ https://healthy-snipe-46.clerk.accounts.dev/npm/@clerk/clerk-js@5.127.1/dist/ui-common_clerk.browser_9854dd_5.127.1.js:4
[   72521ms] [INFO] 🔒 Clerk:
The <SignIn/> component cannot render when a user is already signed in, unless the application allows multiple sessions. Since a user is signed in and this application only allows a single session, Clerk is redirecting to the `afterSignIn` URL instead.
(This notice only appears in development) @ https://healthy-snipe-46.clerk.accounts.dev/npm/@clerk/clerk-js@5.127.1/dist/ui-common_clerk.browser_9854dd_5.127.1.js:4
[   72538ms] [INFO] 🔒 Clerk:
The <SignIn/> component cannot render when a user is already signed in, unless the application allows multiple sessions. Since a user is signed in and this application only allows a single session, Clerk is redirecting to the `afterSignIn` URL instead.
(This notice only appears in development) @ https://healthy-snipe-46.clerk.accounts.dev/npm/@clerk/clerk-js@5.127.1/dist/ui-common_clerk.browser_9854dd_5.127.1.js:4
[   72553ms] [INFO] 🔒 Clerk:
The <SignIn/> component cannot render when a user is already signed in, unless the application allows multiple sessions. Since a user is signed in and this application only allows a single session, Clerk is redirecting to the `afterSignIn` URL instead.
(This notice only appears in development) @ https://healthy-snipe-46.clerk.accounts.dev/npm/@clerk/clerk-js@5.127.1/dist/ui-common_clerk.browser_9854dd_5.127.1.js:4
[   72568ms] [INFO] 🔒 Clerk:
The <SignIn/> component cannot render when a user is already signed in, unless the application allows multiple sessions. Since a user is signed in and this application only allows a single session, Clerk is redirecting to the `afterSignIn` URL instead.
(This notice only appears in development) @ https://healthy-snipe-46.clerk.accounts.dev/npm/@clerk/clerk-js@5.127.1/dist/ui-common_clerk.browser_9854dd_5.127.1.js:4
[   72583ms] [INFO] 🔒 Clerk:
The <SignIn/> component cannot render when a user is already signed in, unless the application allows multiple sessions. Since a user is signed in and this application only allows a single session, Clerk is redirecting to the `afterSignIn` URL instead.
(This notice only appears in development) @ https://healthy-snipe-46.clerk.accounts.dev/npm/@clerk/clerk-js@5.127.1/dist/ui-common_clerk.browser_9854dd_5.127.1.js:4
[   72601ms] [INFO] 🔒 Clerk:
The <SignIn/> component cannot render when a user is already signed in, unless the application allows multiple sessions. Since a user is signed in and this application only allows a single session, Clerk is redirecting to the `afterSignIn` URL instead.
(This notice only appears in development) @ https://healthy-snipe-46.clerk.accounts.dev/npm/@clerk/clerk-js@5.127.1/dist/ui-common_clerk.browser_9854dd_5.127.1.js:4
[   72619ms] [INFO] 🔒 Clerk:
The <SignIn/> component cannot render when a user is already signed in, unless the application allows multiple sessions. Since a user is signed in and this application only allows a single session, Clerk is redirecting to the `afterSignIn` URL instead.
(This notice only appears in development) @ https://healthy-snipe-46.clerk.accounts.dev/npm/@clerk/clerk-js@5.127.1/dist/ui-common_clerk.browser_9854dd_5.127.1.js:4
[   72635ms] [INFO] 🔒 Clerk:
The <SignIn/> component cannot render when a user is already signed in, unless the application allows multiple sessions. Since a user is signed in and this application only allows a single session, Clerk is redirecting to the `afterSignIn` URL instead.
(This notice only appears in development) @ https://healthy-snipe-46.clerk.accounts.dev/npm/@clerk/clerk-js@5.127.1/dist/ui-common_clerk.browser_9854dd_5.127.1.js:4
[   72652ms] [INFO] 🔒 Clerk:
The <SignIn/> component cannot render when a user is already signed in, unless the application allows multiple sessions. Since a user is signed in and this application only allows a single session, Clerk is redirecting to the `afterSignIn` URL instead.
(This notice only appears in development) @ https://healthy-snipe-46.clerk.accounts.dev/npm/@clerk/clerk-js@5.127.1/dist/ui-common_clerk.browser_9854dd_5.127.1.js:4
[   72668ms] [INFO] 🔒 Clerk:
The <SignIn/> component cannot render when a user is already signed in, unless the application allows multiple sessions. Since a user is signed in and this application only allows a single session, Clerk is redirecting to the `afterSignIn` URL instead.
(This notice only appears in development) @ https://healthy-snipe-46.clerk.accounts.dev/npm/@clerk/clerk-js@5.127.1/dist/ui-common_clerk.browser_9854dd_5.127.1.js:4
[   72685ms] [INFO] 🔒 Clerk:
The <SignIn/> component cannot render when a user is already signed in, unless the application allows multiple sessions. Since a user is signed in and this application only allows a single session, Clerk is redirecting to the `afterSignIn` URL instead.
(This notice only appears in development) @ https://healthy-snipe-46.clerk.accounts.dev/npm/@clerk/clerk-js@5.127.1/dist/ui-common_clerk.browser_9854dd_5.127.1.js:4
[   72709ms] [INFO] 🔒 Clerk:
The <SignIn/> component cannot render when a user is already signed in, unless the application allows multiple sessions. Since a user is signed in and this application only allows a single session, Clerk is redirecting to the `afterSignIn` URL instead.
(This notice only appears in development) @ https://healthy-snipe-46.clerk.accounts.dev/npm/@clerk/clerk-js@5.127.1/dist/ui-common_clerk.browser_9854dd_5.127.1.js:4
[   72727ms] [INFO] 🔒 Clerk:
The <SignIn/> component cannot render when a user is already signed in, unless the application allows multiple sessions. Since a user is signed in and this application only allows a single session, Clerk is redirecting to the `afterSignIn` URL instead.
(This notice only appears in development) @ https://healthy-snipe-46.clerk.accounts.dev/npm/@clerk/clerk-js@5.127.1/dist/ui-common_clerk.browser_9854dd_5.127.1.js:4
[   72743ms] [INFO] 🔒 Clerk:
The <SignIn/> component cannot render when a user is already signed in, unless the application allows multiple sessions. Since a user is signed in and this application only allows a single session, Clerk is redirecting to the `afterSignIn` URL instead.
(This notice only appears in development) @ https://healthy-snipe-46.clerk.accounts.dev/npm/@clerk/clerk-js@5.127.1/dist/ui-common_clerk.browser_9854dd_5.127.1.js:4
[   72760ms] [INFO] 🔒 Clerk:
The <SignIn/> component cannot render when a user is already signed in, unless the application allows multiple sessions. Since a user is signed in and this application only allows a single session, Clerk is redirecting to the `afterSignIn` URL instead.
(This notice only appears in development) @ https://healthy-snipe-46.clerk.accounts.dev/npm/@clerk/clerk-js@5.127.1/dist/ui-common_clerk.browser_9854dd_5.127.1.js:4
[   72775ms] [INFO] 🔒 Clerk:
The <SignIn/> component cannot render when a user is already signed in, unless the application allows multiple sessions. Since a user is signed in and this application only allows a single session, Clerk is redirecting to the `afterSignIn` URL instead.
(This notice only appears in development) @ https://healthy-snipe-46.clerk.accounts.dev/npm/@clerk/clerk-js@5.127.1/dist/ui-common_clerk.browser_9854dd_5.127.1.js:4
[   72792ms] [INFO] 🔒 Clerk:
The <SignIn/> component cannot render when a user is already signed in, unless the application allows multiple sessions. Since a user is signed in and this application only allows a single session, Clerk is redirecting to the `afterSignIn` URL instead.
(This notice only appears in development) @ https://healthy-snipe-46.clerk.accounts.dev/npm/@clerk/clerk-js@5.127.1/dist/ui-common_clerk.browser_9854dd_5.127.1.js:4
[   72809ms] [INFO] 🔒 Clerk:
The <SignIn/> component cannot render when a user is already signed in, unless the application allows multiple sessions. Since a user is signed in and this application only allows a single session, Clerk is redirecting to the `afterSignIn` URL instead.
(This notice only appears in development) @ https://healthy-snipe-46.clerk.accounts.dev/npm/@clerk/clerk-js@5.127.1/dist/ui-common_clerk.browser_9854dd_5.127.1.js:4
[   72829ms] [INFO] 🔒 Clerk:
The <SignIn/> component cannot render when a user is already signed in, unless the application allows multiple sessions. Since a user is signed in and this application only allows a single session, Clerk is redirecting to the `afterSignIn` URL instead.
(This notice only appears in development) @ https://healthy-snipe-46.clerk.accounts.dev/npm/@clerk/clerk-js@5.127.1/dist/ui-common_clerk.browser_9854dd_5.127.1.js:4
[   72853ms] [INFO] 🔒 Clerk:
The <SignIn/> component cannot render when a user is already signed in, unless the application allows multiple sessions. Since a user is signed in and this application only allows a single session, Clerk is redirecting to the `afterSignIn` URL instead.
(This notice only appears in development) @ https://healthy-snipe-46.clerk.accounts.dev/npm/@clerk/clerk-js@5.127.1/dist/ui-common_clerk.browser_9854dd_5.127.1.js:4
[   72871ms] [INFO] 🔒 Clerk:
The <SignIn/> component cannot render when a user is already signed in, unless the application allows multiple sessions. Since a user is signed in and this application only allows a single session, Clerk is redirecting to the `afterSignIn` URL instead.
(This notice only appears in development) @ https://healthy-snipe-46.clerk.accounts.dev/npm/@clerk/clerk-js@5.127.1/dist/ui-common_clerk.browser_9854dd_5.127.1.js:4
[   72888ms] [INFO] 🔒 Clerk:
The <SignIn/> component cannot render when a user is already signed in, unless the application allows multiple sessions. Since a user is signed in and this application only allows a single session, Clerk is redirecting to the `afterSignIn` URL instead.
(This notice only appears in development) @ https://healthy-snipe-46.clerk.accounts.dev/npm/@clerk/clerk-js@5.127.1/dist/ui-common_clerk.browser_9854dd_5.127.1.js:4
[   72903ms] [INFO] 🔒 Clerk:
The <SignIn/> component cannot render when a user is already signed in, unless the application allows multiple sessions. Since a user is signed in and this application only allows a single session, Clerk is redirecting to the `afterSignIn` URL instead.
(This notice only appears in development) @ https://healthy-snipe-46.clerk.accounts.dev/npm/@clerk/clerk-js@5.127.1/dist/ui-common_clerk.browser_9854dd_5.127.1.js:4
[   72920ms] [INFO] 🔒 Clerk:
The <SignIn/> component cannot render when a user is already signed in, unless the application allows multiple sessions. Since a user is signed in and this application only allows a single session, Clerk is redirecting to the `afterSignIn` URL instead.
(This notice only appears in development) @ https://healthy-snipe-46.clerk.accounts.dev/npm/@clerk/clerk-js@5.127.1/dist/ui-common_clerk.browser_9854dd_5.127.1.js:4
[   72935ms] [INFO] 🔒 Clerk:
The <SignIn/> component cannot render when a user is already signed in, unless the application allows multiple sessions. Since a user is signed in and this application only allows a single session, Clerk is redirecting to the `afterSignIn` URL instead.
(This notice only appears in development) @ https://healthy-snipe-46.clerk.accounts.dev/npm/@clerk/clerk-js@5.127.1/dist/ui-common_clerk.browser_9854dd_5.127.1.js:4
[   72949ms] [INFO] 🔒 Clerk:
The <SignIn/> component cannot render when a user is already signed in, unless the application allows multiple sessions. Since a user is signed in and this application only allows a single session, Clerk is redirecting to the `afterSignIn` URL instead.
(This notice only appears in development) @ https://healthy-snipe-46.clerk.accounts.dev/npm/@clerk/clerk-js@5.127.1/dist/ui-common_clerk.browser_9854dd_5.127.1.js:4
[   72972ms] [INFO] 🔒 Clerk:
The <SignIn/> component cannot render when a user is already signed in, unless the application allows multiple sessions. Since a user is signed in and this application only allows a single session, Clerk is redirecting to the `afterSignIn` URL instead.
(This notice only appears in development) @ https://healthy-snipe-46.clerk.accounts.dev/npm/@clerk/clerk-js@5.127.1/dist/ui-common_clerk.browser_9854dd_5.127.1.js:4
[   72991ms] [INFO] 🔒 Clerk:
The <SignIn/> component cannot render when a user is already signed in, unless the application allows multiple sessions. Since a user is signed in and this application only allows a single session, Clerk is redirecting to the `afterSignIn` URL instead.
(This notice only appears in development) @ https://healthy-snipe-46.clerk.accounts.dev/npm/@clerk/clerk-js@5.127.1/dist/ui-common_clerk.browser_9854dd_5.127.1.js:4
[   73009ms] [INFO] 🔒 Clerk:
The <SignIn/> component cannot render when a user is already signed in, unless the application allows multiple sessions. Since a user is signed in and this application only allows a single session, Clerk is redirecting to the `afterSignIn` URL instead.
(This notice only appears in development) @ https://healthy-snipe-46.clerk.accounts.dev/npm/@clerk/clerk-js@5.127.1/dist/ui-common_clerk.browser_9854dd_5.127.1.js:4
[   73026ms] [INFO] 🔒 Clerk:
The <SignIn/> component cannot render when a user is already signed in, unless the application allows multiple sessions. Since a user is signed in and this application only allows a single session, Clerk is redirecting to the `afterSignIn` URL instead.
(This notice only appears in development) @ https://healthy-snipe-46.clerk.accounts.dev/npm/@clerk/clerk-js@5.127.1/dist/ui-common_clerk.browser_9854dd_5.127.1.js:4
[   73043ms] [INFO] 🔒 Clerk:
The <SignIn/> component cannot render when a user is already signed in, unless the application allows multiple sessions. Since a user is signed in and this application only allows a single session, Clerk is redirecting to the `afterSignIn` URL instead.
(This notice only appears in development) @ https://healthy-snipe-46.clerk.accounts.dev/npm/@clerk/clerk-js@5.127.1/dist/ui-common_clerk.browser_9854dd_5.127.1.js:4
[   73060ms] [INFO] 🔒 Clerk:
The <SignIn/> component cannot render when a user is already signed in, unless the application allows multiple sessions. Since a user is signed in and this application only allows a single session, Clerk is redirecting to the `afterSignIn` URL instead.
(This notice only appears in development) @ https://healthy-snipe-46.clerk.accounts.dev/npm/@clerk/clerk-js@5.127.1/dist/ui-common_clerk.browser_9854dd_5.127.1.js:4
[   73079ms] [INFO] 🔒 Clerk:
The <SignIn/> component cannot render when a user is already signed in, unless the application allows multiple sessions. Since a user is signed in and this application only allows a single session, Clerk is redirecting to the `afterSignIn` URL instead.
(This notice only appears in development) @ https://healthy-snipe-46.clerk.accounts.dev/npm/@clerk/clerk-js@5.127.1/dist/ui-common_clerk.browser_9854dd_5.127.1.js:4
[   73096ms] [INFO] 🔒 Clerk:
The <SignIn/> component cannot render when a user is already signed in, unless the application allows multiple sessions. Since a user is signed in and this application only allows a single session, Clerk is redirecting to the `afterSignIn` URL instead.
(This notice only appears in development) @ https://healthy-snipe-46.clerk.accounts.dev/npm/@clerk/clerk-js@5.127.1/dist/ui-common_clerk.browser_9854dd_5.127.1.js:4
[   73117ms] [INFO] 🔒 Clerk:
The <SignIn/> component cannot render when a user is already signed in, unless the application allows multiple sessions. Since a user is signed in and this application only allows a single session, Clerk is redirecting to the `afterSignIn` URL instead.
(This notice only appears in development) @ https://healthy-snipe-46.clerk.accounts.dev/npm/@clerk/clerk-js@5.127.1/dist/ui-common_clerk.browser_9854dd_5.127.1.js:4
[   73134ms] [INFO] 🔒 Clerk:
The <SignIn/> component cannot render when a user is already signed in, unless the application allows multiple sessions. Since a user is signed in and this application only allows a single session, Clerk is redirecting to the `afterSignIn` URL instead.
(This notice only appears in development) @ https://healthy-snipe-46.clerk.accounts.dev/npm/@clerk/clerk-js@5.127.1/dist/ui-common_clerk.browser_9854dd_5.127.1.js:4
[   73156ms] [INFO] 🔒 Clerk:
The <SignIn/> component cannot render when a user is already signed in, unless the application allows multiple sessions. Since a user is signed in and this application only allows a single session, Clerk is redirecting to the `afterSignIn` URL instead.
(This notice only appears in development) @ https://healthy-snipe-46.clerk.accounts.dev/npm/@clerk/clerk-js@5.127.1/dist/ui-common_clerk.browser_9854dd_5.127.1.js:4
[   73173ms] [INFO] 🔒 Clerk:
The <SignIn/> component cannot render when a user is already signed in, unless the application allows multiple sessions. Since a user is signed in and this application only allows a single session, Clerk is redirecting to the `afterSignIn` URL instead.
(This notice only appears in development) @ https://healthy-snipe-46.clerk.accounts.dev/npm/@clerk/clerk-js@5.127.1/dist/ui-common_clerk.browser_9854dd_5.127.1.js:4
[   73189ms] [INFO] 🔒 Clerk:
The <SignIn/> component cannot render when a user is already signed in, unless the application allows multiple sessions. Since a user is signed in and this application only allows a single session, Clerk is redirecting to the `afterSignIn` URL instead.
(This notice only appears in development) @ https://healthy-snipe-46.clerk.accounts.dev/npm/@clerk/clerk-js@5.127.1/dist/ui-common_clerk.browser_9854dd_5.127.1.js:4
[   73207ms] [INFO] 🔒 Clerk:
The <SignIn/> component cannot render when a user is already signed in, unless the application allows multiple sessions. Since a user is signed in and this application only allows a single session, Clerk is redirecting to the `afterSignIn` URL instead.
(This notice only appears in development) @ https://healthy-snipe-46.clerk.accounts.dev/npm/@clerk/clerk-js@5.127.1/dist/ui-common_clerk.browser_9854dd_5.127.1.js:4
[   73225ms] [INFO] 🔒 Clerk:
The <SignIn/> component cannot render when a user is already signed in, unless the application allows multiple sessions. Since a user is signed in and this application only allows a single session, Clerk is redirecting to the `afterSignIn` URL instead.
(This notice only appears in development) @ https://healthy-snipe-46.clerk.accounts.dev/npm/@clerk/clerk-js@5.127.1/dist/ui-common_clerk.browser_9854dd_5.127.1.js:4
[   73243ms] [INFO] 🔒 Clerk:
The <SignIn/> component cannot render when a user is already signed in, unless the application allows multiple sessions. Since a user is signed in and this application only allows a single session, Clerk is redirecting to the `afterSignIn` URL instead.
(This notice only appears in development) @ https://healthy-snipe-46.clerk.accounts.dev/npm/@clerk/clerk-js@5.127.1/dist/ui-common_clerk.browser_9854dd_5.127.1.js:4
[   73260ms] [INFO] 🔒 Clerk:
The <SignIn/> component cannot render when a user is already signed in, unless the application allows multiple sessions. Since a user is signed in and this application only allows a single session, Clerk is redirecting to the `afterSignIn` URL instead.
(This notice only appears in development) @ https://healthy-snipe-46.clerk.accounts.dev/npm/@clerk/clerk-js@5.127.1/dist/ui-common_clerk.browser_9854dd_5.127.1.js:4
[   73277ms] [INFO] 🔒 Clerk:
The <SignIn/> component cannot render when a user is already signed in, unless the application allows multiple sessions. Since a user is signed in and this application only allows a single session, Clerk is redirecting to the `afterSignIn` URL instead.
(This notice only appears in development) @ https://healthy-snipe-46.clerk.accounts.dev/npm/@clerk/clerk-js@5.127.1/dist/ui-common_clerk.browser_9854dd_5.127.1.js:4
[   73295ms] [INFO] 🔒 Clerk:
The <SignIn/> component cannot render when a user is already signed in, unless the application allows multiple sessions. Since a user is signed in and this application only allows a single session, Clerk is redirecting to the `afterSignIn` URL instead.
(This notice only appears in development) @ https://healthy-snipe-46.clerk.accounts.dev/npm/@clerk/clerk-js@5.127.1/dist/ui-common_clerk.browser_9854dd_5.127.1.js:4
[   73312ms] [INFO] 🔒 Clerk:
The <SignIn/> component cannot render when a user is already signed in, unless the application allows multiple sessions. Since a user is signed in and this application only allows a single session, Clerk is redirecting to the `afterSignIn` URL instead.
(This notice only appears in development) @ https://healthy-snipe-46.clerk.accounts.dev/npm/@clerk/clerk-js@5.127.1/dist/ui-common_clerk.browser_9854dd_5.127.1.js:4
[   73329ms] [INFO] 🔒 Clerk:
The <SignIn/> component cannot render when a user is already signed in, unless the application allows multiple sessions. Since a user is signed in and this application only allows a single session, Clerk is redirecting to the `afterSignIn` URL instead.
(This notice only appears in development) @ https://healthy-snipe-46.clerk.accounts.dev/npm/@clerk/clerk-js@5.127.1/dist/ui-common_clerk.browser_9854dd_5.127.1.js:4
[   73347ms] [INFO] 🔒 Clerk:
The <SignIn/> component cannot render when a user is already signed in, unless the application allows multiple sessions. Since a user is signed in and this application only allows a single session, Clerk is redirecting to the `afterSignIn` URL instead.
(This notice only appears in development) @ https://healthy-snipe-46.clerk.accounts.dev/npm/@clerk/clerk-js@5.127.1/dist/ui-common_clerk.browser_9854dd_5.127.1.js:4
[   73364ms] [INFO] 🔒 Clerk:
The <SignIn/> component cannot render when a user is already signed in, unless the application allows multiple sessions. Since a user is signed in and this application only allows a single session, Clerk is redirecting to the `afterSignIn` URL instead.
(This notice only appears in development) @ https://healthy-snipe-46.clerk.accounts.dev/npm/@clerk/clerk-js@5.127.1/dist/ui-common_clerk.browser_9854dd_5.127.1.js:4
[   73383ms] [INFO] 🔒 Clerk:
The <SignIn/> component cannot render when a user is already signed in, unless the application allows multiple sessions. Since a user is signed in and this application only allows a single session, Clerk is redirecting to the `afterSignIn` URL instead.
(This notice only appears in development) @ https://healthy-snipe-46.clerk.accounts.dev/npm/@clerk/clerk-js@5.127.1/dist/ui-common_clerk.browser_9854dd_5.127.1.js:4
[   73400ms] [INFO] 🔒 Clerk:
The <SignIn/> component cannot render when a user is already signed in, unless the application allows multiple sessions. Since a user is signed in and this application only allows a single session, Clerk is redirecting to the `afterSignIn` URL instead.
(This notice only appears in development) @ https://healthy-snipe-46.clerk.accounts.dev/npm/@clerk/clerk-js@5.127.1/dist/ui-common_clerk.browser_9854dd_5.127.1.js:4
[   73421ms] [INFO] 🔒 Clerk:
The <SignIn/> component cannot render when a user is already signed in, unless the application allows multiple sessions. Since a user is signed in and this application only allows a single session, Clerk is redirecting to the `afterSignIn` URL instead.
(This notice only appears in development) @ https://healthy-snipe-46.clerk.accounts.dev/npm/@clerk/clerk-js@5.127.1/dist/ui-common_clerk.browser_9854dd_5.127.1.js:4
[   73437ms] [INFO] 🔒 Clerk:
The <SignIn/> component cannot render when a user is already signed in, unless the application allows multiple sessions. Since a user is signed in and this application only allows a single session, Clerk is redirecting to the `afterSignIn` URL instead.
(This notice only appears in development) @ https://healthy-snipe-46.clerk.accounts.dev/npm/@clerk/clerk-js@5.127.1/dist/ui-common_clerk.browser_9854dd_5.127.1.js:4
