[    3195ms] [INFO] %cDownload the React DevTools for a better development experience: https://reactjs.org/link/react-devtools font-weight:bold @ webpack-internal:///(app-pages-browser)/./node_modules/next/dist/compiled/react-dom/cjs/react-dom.development.js:38559
[    3254ms] [WARNING] Clerk: Clerk has been loaded with development keys. Development instances have strict usage limits and should not be used when deploying your application to production. Learn more: https://clerk.com/docs/deployments/overview @ https://healthy-snipe-46.clerk.accounts.dev/npm/@clerk/clerk-js@5/dist/clerk.browser.js:18
[    3301ms] [ERROR] Warning: React Element cannot be passed to Server Functions from the Client.%s 
  {publishableKey: ..., secretKey: ..., claimUrl: ..., apiKeysUrl: ..., children: </>, returnUrl: ...}
                                                                                  ^^^ @ webpack-internal:///(app-pages-browser)/./node_modules/next/dist/client/app-index.js:32
[    3302ms] [ERROR] Warning: React Lazy cannot be passed to Server Functions from the Client.%s 
  </> @ webpack-internal:///(app-pages-browser)/./node_modules/next/dist/client/app-index.js:32
[    3302ms] [ERROR] Warning: React Element cannot be passed to Server Functions from the Client.%s 
  {publishableKey: ..., secretKey: ..., claimUrl: ..., apiKeysUrl: ..., children: </>, returnUrl: ...}
                                                                                  ^^^ @ webpack-internal:///(app-pages-browser)/./node_modules/next/dist/client/app-index.js:32
[    3302ms] [ERROR] Warning: React Lazy cannot be passed to Server Functions from the Client.%s 
  </> @ webpack-internal:///(app-pages-browser)/./node_modules/next/dist/client/app-index.js:32
[    3306ms] Error: Client Functions cannot be passed directly to Server Functions. Only Functions passed from the Server can be passed back again.
    at Object.resolveToJSON (webpack-internal:///(app-pages-browser)/./node_modules/next/dist/compiled/react-server-dom-webpack/cjs/react-server-dom-webpack-client.browser.development.js:1039:13)
    at JSON.stringify (<anonymous>)
    at eval (webpack-internal:///(app-pages-browser)/./node_modules/next/dist/compiled/react-server-dom-webpack/cjs/react-server-dom-webpack-client.browser.development.js:889:31)
    at Chunk.then (webpack-internal:///(app-pages-browser)/./node_modules/next/dist/compiled/react-server-dom-webpack/cjs/react-server-dom-webpack-client.browser.development.js:1141:7)
    at Object.resolveToJSON (webpack-internal:///(app-pages-browser)/./node_modules/next/dist/compiled/react-server-dom-webpack/cjs/react-server-dom-webpack-client.browser.development.js:888:18)
    at JSON.stringify (<anonymous>)
    at processReply (webpack-internal:///(app-pages-browser)/./node_modules/next/dist/compiled/react-server-dom-webpack/cjs/react-server-dom-webpack-client.browser.development.js:1062:19)
    at eval (webpack-internal:///(app-pages-browser)/./node_modules/next/dist/compiled/react-server-dom-webpack/cjs/react-server-dom-webpack-client.browser.development.js:2184:5)
    at new Promise (<anonymous>)
    at encodeReply (webpack-internal:///(app-pages-browser)/./node_modules/next/dist/compiled/react-server-dom-webpack/cjs/react-server-dom-webpack-client.browser.development.js:2183:10)
    at fetchServerAction (webpack-internal:///(app-pages-browser)/./node_modules/next/dist/client/components/router-reducer/reducers/server-action-reducer.js:31:24)
    at serverActionReducer (webpack-internal:///(app-pages-browser)/./node_modules/next/dist/client/components/router-reducer/reducers/server-action-reducer.js:101:36)
    at clientReducer (webpack-internal:///(app-pages-browser)/./node_modules/next/dist/client/components/router-reducer/router-reducer.js:49:69)
    at Object.action (webpack-internal:///(app-pages-browser)/./node_modules/next/dist/shared/lib/router/action-queue.js:150:55)
    at runAction (webpack-internal:///(app-pages-browser)/./node_modules/next/dist/shared/lib/router/action-queue.js:56:38)
    at runRemainingActions (webpack-internal:///(app-pages-browser)/./node_modules/next/dist/shared/lib/router/action-queue.js:30:13)
    at handleResult (webpack-internal:///(app-pages-browser)/./node_modules/next/dist/shared/lib/router/action-queue.js:66:9)
[    3306ms] Error: Client Functions cannot be passed directly to Server Functions. Only Functions passed from the Server can be passed back again.
    at Object.resolveToJSON (webpack-internal:///(app-pages-browser)/./node_modules/next/dist/compiled/react-server-dom-webpack/cjs/react-server-dom-webpack-client.browser.development.js:1039:13)
    at JSON.stringify (<anonymous>)
    at eval (webpack-internal:///(app-pages-browser)/./node_modules/next/dist/compiled/react-server-dom-webpack/cjs/react-server-dom-webpack-client.browser.development.js:889:31)
    at Chunk.then (webpack-internal:///(app-pages-browser)/./node_modules/next/dist/compiled/react-server-dom-webpack/cjs/react-server-dom-webpack-client.browser.development.js:1141:7)
    at Object.resolveToJSON (webpack-internal:///(app-pages-browser)/./node_modules/next/dist/compiled/react-server-dom-webpack/cjs/react-server-dom-webpack-client.browser.development.js:888:18)
    at JSON.stringify (<anonymous>)
    at processReply (webpack-internal:///(app-pages-browser)/./node_modules/next/dist/compiled/react-server-dom-webpack/cjs/react-server-dom-webpack-client.browser.development.js:1062:19)
    at eval (webpack-internal:///(app-pages-browser)/./node_modules/next/dist/compiled/react-server-dom-webpack/cjs/react-server-dom-webpack-client.browser.development.js:2184:5)
    at new Promise (<anonymous>)
    at encodeReply (webpack-internal:///(app-pages-browser)/./node_modules/next/dist/compiled/react-server-dom-webpack/cjs/react-server-dom-webpack-client.browser.development.js:2183:10)
    at fetchServerAction (webpack-internal:///(app-pages-browser)/./node_modules/next/dist/client/components/router-reducer/reducers/server-action-reducer.js:31:24)
    at serverActionReducer (webpack-internal:///(app-pages-browser)/./node_modules/next/dist/client/components/router-reducer/reducers/server-action-reducer.js:101:36)
    at clientReducer (webpack-internal:///(app-pages-browser)/./node_modules/next/dist/client/components/router-reducer/router-reducer.js:49:69)
    at Object.action (webpack-internal:///(app-pages-browser)/./node_modules/next/dist/shared/lib/router/action-queue.js:150:55)
    at runAction (webpack-internal:///(app-pages-browser)/./node_modules/next/dist/shared/lib/router/action-queue.js:56:38)
    at runRemainingActions (webpack-internal:///(app-pages-browser)/./node_modules/next/dist/shared/lib/router/action-queue.js:30:13)
    at handleResult (webpack-internal:///(app-pages-browser)/./node_modules/next/dist/shared/lib/router/action-queue.js:66:9)
[    3426ms] [INFO] 🔒 Clerk:
The <SignIn/> component cannot render when a user is already signed in, unless the application allows multiple sessions. Since a user is signed in and this application only allows a single session, Clerk is redirecting to the `afterSignIn` URL instead.
(This notice only appears in development) @ https://healthy-snipe-46.clerk.accounts.dev/npm/@clerk/clerk-js@5.127.1/dist/ui-common_clerk.browser_9854dd_5.127.1.js:4
[    3476ms] [INFO] 🔒 Clerk:
The <SignIn/> component cannot render when a user is already signed in, unless the application allows multiple sessions. Since a user is signed in and this application only allows a single session, Clerk is redirecting to the `afterSignIn` URL instead.
(This notice only appears in development) @ https://healthy-snipe-46.clerk.accounts.dev/npm/@clerk/clerk-js@5.127.1/dist/ui-common_clerk.browser_9854dd_5.127.1.js:4
[    3488ms] [INFO] 🔒 Clerk:
The <SignIn/> component cannot render when a user is already signed in, unless the application allows multiple sessions. Since a user is signed in and this application only allows a single session, Clerk is redirecting to the `afterSignIn` URL instead.
(This notice only appears in development) @ https://healthy-snipe-46.clerk.accounts.dev/npm/@clerk/clerk-js@5.127.1/dist/ui-common_clerk.browser_9854dd_5.127.1.js:4
[    3501ms] [INFO] 🔒 Clerk:
The <SignIn/> component cannot render when a user is already signed in, unless the application allows multiple sessions. Since a user is signed in and this application only allows a single session, Clerk is redirecting to the `afterSignIn` URL instead.
(This notice only appears in development) @ https://healthy-snipe-46.clerk.accounts.dev/npm/@clerk/clerk-js@5.127.1/dist/ui-common_clerk.browser_9854dd_5.127.1.js:4
[    3514ms] [INFO] 🔒 Clerk:
The <SignIn/> component cannot render when a user is already signed in, unless the application allows multiple sessions. Since a user is signed in and this application only allows a single session, Clerk is redirecting to the `afterSignIn` URL instead.
(This notice only appears in development) @ https://healthy-snipe-46.clerk.accounts.dev/npm/@clerk/clerk-js@5.127.1/dist/ui-common_clerk.browser_9854dd_5.127.1.js:4
[    3526ms] [INFO] 🔒 Clerk:
The <SignIn/> component cannot render when a user is already signed in, unless the application allows multiple sessions. Since a user is signed in and this application only allows a single session, Clerk is redirecting to the `afterSignIn` URL instead.
(This notice only appears in development) @ https://healthy-snipe-46.clerk.accounts.dev/npm/@clerk/clerk-js@5.127.1/dist/ui-common_clerk.browser_9854dd_5.127.1.js:4
[    3542ms] [INFO] 🔒 Clerk:
The <SignIn/> component cannot render when a user is already signed in, unless the application allows multiple sessions. Since a user is signed in and this application only allows a single session, Clerk is redirecting to the `afterSignIn` URL instead.
(This notice only appears in development) @ https://healthy-snipe-46.clerk.accounts.dev/npm/@clerk/clerk-js@5.127.1/dist/ui-common_clerk.browser_9854dd_5.127.1.js:4
[    3557ms] [INFO] 🔒 Clerk:
The <SignIn/> component cannot render when a user is already signed in, unless the application allows multiple sessions. Since a user is signed in and this application only allows a single session, Clerk is redirecting to the `afterSignIn` URL instead.
(This notice only appears in development) @ https://healthy-snipe-46.clerk.accounts.dev/npm/@clerk/clerk-js@5.127.1/dist/ui-common_clerk.browser_9854dd_5.127.1.js:4
[    3565ms] [INFO] 🔒 Clerk:
The <SignIn/> component cannot render when a user is already signed in, unless the application allows multiple sessions. Since a user is signed in and this application only allows a single session, Clerk is redirecting to the `afterSignIn` URL instead.
(This notice only appears in development) @ https://healthy-snipe-46.clerk.accounts.dev/npm/@clerk/clerk-js@5.127.1/dist/ui-common_clerk.browser_9854dd_5.127.1.js:4
[    3578ms] [INFO] 🔒 Clerk:
The <SignIn/> component cannot render when a user is already signed in, unless the application allows multiple sessions. Since a user is signed in and this application only allows a single session, Clerk is redirecting to the `afterSignIn` URL instead.
(This notice only appears in development) @ https://healthy-snipe-46.clerk.accounts.dev/npm/@clerk/clerk-js@5.127.1/dist/ui-common_clerk.browser_9854dd_5.127.1.js:4
[    3586ms] [INFO] 🔒 Clerk:
The <SignIn/> component cannot render when a user is already signed in, unless the application allows multiple sessions. Since a user is signed in and this application only allows a single session, Clerk is redirecting to the `afterSignIn` URL instead.
(This notice only appears in development) @ https://healthy-snipe-46.clerk.accounts.dev/npm/@clerk/clerk-js@5.127.1/dist/ui-common_clerk.browser_9854dd_5.127.1.js:4
[    3595ms] [INFO] 🔒 Clerk:
The <SignIn/> component cannot render when a user is already signed in, unless the application allows multiple sessions. Since a user is signed in and this application only allows a single session, Clerk is redirecting to the `afterSignIn` URL instead.
(This notice only appears in development) @ https://healthy-snipe-46.clerk.accounts.dev/npm/@clerk/clerk-js@5.127.1/dist/ui-common_clerk.browser_9854dd_5.127.1.js:4
[    3603ms] [INFO] 🔒 Clerk:
The <SignIn/> component cannot render when a user is already signed in, unless the application allows multiple sessions. Since a user is signed in and this application only allows a single session, Clerk is redirecting to the `afterSignIn` URL instead.
(This notice only appears in development) @ https://healthy-snipe-46.clerk.accounts.dev/npm/@clerk/clerk-js@5.127.1/dist/ui-common_clerk.browser_9854dd_5.127.1.js:4
[    3613ms] [INFO] 🔒 Clerk:
The <SignIn/> component cannot render when a user is already signed in, unless the application allows multiple sessions. Since a user is signed in and this application only allows a single session, Clerk is redirecting to the `afterSignIn` URL instead.
(This notice only appears in development) @ https://healthy-snipe-46.clerk.accounts.dev/npm/@clerk/clerk-js@5.127.1/dist/ui-common_clerk.browser_9854dd_5.127.1.js:4
[    3621ms] [INFO] 🔒 Clerk:
The <SignIn/> component cannot render when a user is already signed in, unless the application allows multiple sessions. Since a user is signed in and this application only allows a single session, Clerk is redirecting to the `afterSignIn` URL instead.
(This notice only appears in development) @ https://healthy-snipe-46.clerk.accounts.dev/npm/@clerk/clerk-js@5.127.1/dist/ui-common_clerk.browser_9854dd_5.127.1.js:4
[    3632ms] [INFO] 🔒 Clerk:
The <SignIn/> component cannot render when a user is already signed in, unless the application allows multiple sessions. Since a user is signed in and this application only allows a single session, Clerk is redirecting to the `afterSignIn` URL instead.
(This notice only appears in development) @ https://healthy-snipe-46.clerk.accounts.dev/npm/@clerk/clerk-js@5.127.1/dist/ui-common_clerk.browser_9854dd_5.127.1.js:4
[    3642ms] [INFO] 🔒 Clerk:
The <SignIn/> component cannot render when a user is already signed in, unless the application allows multiple sessions. Since a user is signed in and this application only allows a single session, Clerk is redirecting to the `afterSignIn` URL instead.
(This notice only appears in development) @ https://healthy-snipe-46.clerk.accounts.dev/npm/@clerk/clerk-js@5.127.1/dist/ui-common_clerk.browser_9854dd_5.127.1.js:4
[    3651ms] [INFO] 🔒 Clerk:
The <SignIn/> component cannot render when a user is already signed in, unless the application allows multiple sessions. Since a user is signed in and this application only allows a single session, Clerk is redirecting to the `afterSignIn` URL instead.
(This notice only appears in development) @ https://healthy-snipe-46.clerk.accounts.dev/npm/@clerk/clerk-js@5.127.1/dist/ui-common_clerk.browser_9854dd_5.127.1.js:4
[    3659ms] [INFO] 🔒 Clerk:
The <SignIn/> component cannot render when a user is already signed in, unless the application allows multiple sessions. Since a user is signed in and this application only allows a single session, Clerk is redirecting to the `afterSignIn` URL instead.
(This notice only appears in development) @ https://healthy-snipe-46.clerk.accounts.dev/npm/@clerk/clerk-js@5.127.1/dist/ui-common_clerk.browser_9854dd_5.127.1.js:4
[    3667ms] [INFO] 🔒 Clerk:
The <SignIn/> component cannot render when a user is already signed in, unless the application allows multiple sessions. Since a user is signed in and this application only allows a single session, Clerk is redirecting to the `afterSignIn` URL instead.
(This notice only appears in development) @ https://healthy-snipe-46.clerk.accounts.dev/npm/@clerk/clerk-js@5.127.1/dist/ui-common_clerk.browser_9854dd_5.127.1.js:4
[    3676ms] [INFO] 🔒 Clerk:
The <SignIn/> component cannot render when a user is already signed in, unless the application allows multiple sessions. Since a user is signed in and this application only allows a single session, Clerk is redirecting to the `afterSignIn` URL instead.
(This notice only appears in development) @ https://healthy-snipe-46.clerk.accounts.dev/npm/@clerk/clerk-js@5.127.1/dist/ui-common_clerk.browser_9854dd_5.127.1.js:4
[    3685ms] [INFO] 🔒 Clerk:
The <SignIn/> component cannot render when a user is already signed in, unless the application allows multiple sessions. Since a user is signed in and this application only allows a single session, Clerk is redirecting to the `afterSignIn` URL instead.
(This notice only appears in development) @ https://healthy-snipe-46.clerk.accounts.dev/npm/@clerk/clerk-js@5.127.1/dist/ui-common_clerk.browser_9854dd_5.127.1.js:4
[    3693ms] [INFO] 🔒 Clerk:
The <SignIn/> component cannot render when a user is already signed in, unless the application allows multiple sessions. Since a user is signed in and this application only allows a single session, Clerk is redirecting to the `afterSignIn` URL instead.
(This notice only appears in development) @ https://healthy-snipe-46.clerk.accounts.dev/npm/@clerk/clerk-js@5.127.1/dist/ui-common_clerk.browser_9854dd_5.127.1.js:4
[    3702ms] [INFO] 🔒 Clerk:
The <SignIn/> component cannot render when a user is already signed in, unless the application allows multiple sessions. Since a user is signed in and this application only allows a single session, Clerk is redirecting to the `afterSignIn` URL instead.
(This notice only appears in development) @ https://healthy-snipe-46.clerk.accounts.dev/npm/@clerk/clerk-js@5.127.1/dist/ui-common_clerk.browser_9854dd_5.127.1.js:4
[    3710ms] [INFO] 🔒 Clerk:
The <SignIn/> component cannot render when a user is already signed in, unless the application allows multiple sessions. Since a user is signed in and this application only allows a single session, Clerk is redirecting to the `afterSignIn` URL instead.
(This notice only appears in development) @ https://healthy-snipe-46.clerk.accounts.dev/npm/@clerk/clerk-js@5.127.1/dist/ui-common_clerk.browser_9854dd_5.127.1.js:4
[    3719ms] [INFO] 🔒 Clerk:
The <SignIn/> component cannot render when a user is already signed in, unless the application allows multiple sessions. Since a user is signed in and this application only allows a single session, Clerk is redirecting to the `afterSignIn` URL instead.
(This notice only appears in development) @ https://healthy-snipe-46.clerk.accounts.dev/npm/@clerk/clerk-js@5.127.1/dist/ui-common_clerk.browser_9854dd_5.127.1.js:4
[    3728ms] [INFO] 🔒 Clerk:
The <SignIn/> component cannot render when a user is already signed in, unless the application allows multiple sessions. Since a user is signed in and this application only allows a single session, Clerk is redirecting to the `afterSignIn` URL instead.
(This notice only appears in development) @ https://healthy-snipe-46.clerk.accounts.dev/npm/@clerk/clerk-js@5.127.1/dist/ui-common_clerk.browser_9854dd_5.127.1.js:4
[    3737ms] [INFO] 🔒 Clerk:
The <SignIn/> component cannot render when a user is already signed in, unless the application allows multiple sessions. Since a user is signed in and this application only allows a single session, Clerk is redirecting to the `afterSignIn` URL instead.
(This notice only appears in development) @ https://healthy-snipe-46.clerk.accounts.dev/npm/@clerk/clerk-js@5.127.1/dist/ui-common_clerk.browser_9854dd_5.127.1.js:4
[    3746ms] [INFO] 🔒 Clerk:
The <SignIn/> component cannot render when a user is already signed in, unless the application allows multiple sessions. Since a user is signed in and this application only allows a single session, Clerk is redirecting to the `afterSignIn` URL instead.
(This notice only appears in development) @ https://healthy-snipe-46.clerk.accounts.dev/npm/@clerk/clerk-js@5.127.1/dist/ui-common_clerk.browser_9854dd_5.127.1.js:4
[    3754ms] [INFO] 🔒 Clerk:
The <SignIn/> component cannot render when a user is already signed in, unless the application allows multiple sessions. Since a user is signed in and this application only allows a single session, Clerk is redirecting to the `afterSignIn` URL instead.
(This notice only appears in development) @ https://healthy-snipe-46.clerk.accounts.dev/npm/@clerk/clerk-js@5.127.1/dist/ui-common_clerk.browser_9854dd_5.127.1.js:4
[    3763ms] [INFO] 🔒 Clerk:
The <SignIn/> component cannot render when a user is already signed in, unless the application allows multiple sessions. Since a user is signed in and this application only allows a single session, Clerk is redirecting to the `afterSignIn` URL instead.
(This notice only appears in development) @ https://healthy-snipe-46.clerk.accounts.dev/npm/@clerk/clerk-js@5.127.1/dist/ui-common_clerk.browser_9854dd_5.127.1.js:4
[    3774ms] [INFO] 🔒 Clerk:
The <SignIn/> component cannot render when a user is already signed in, unless the application allows multiple sessions. Since a user is signed in and this application only allows a single session, Clerk is redirecting to the `afterSignIn` URL instead.
(This notice only appears in development) @ https://healthy-snipe-46.clerk.accounts.dev/npm/@clerk/clerk-js@5.127.1/dist/ui-common_clerk.browser_9854dd_5.127.1.js:4
[    3782ms] [INFO] 🔒 Clerk:
The <SignIn/> component cannot render when a user is already signed in, unless the application allows multiple sessions. Since a user is signed in and this application only allows a single session, Clerk is redirecting to the `afterSignIn` URL instead.
(This notice only appears in development) @ https://healthy-snipe-46.clerk.accounts.dev/npm/@clerk/clerk-js@5.127.1/dist/ui-common_clerk.browser_9854dd_5.127.1.js:4
[    3790ms] [INFO] 🔒 Clerk:
The <SignIn/> component cannot render when a user is already signed in, unless the application allows multiple sessions. Since a user is signed in and this application only allows a single session, Clerk is redirecting to the `afterSignIn` URL instead.
(This notice only appears in development) @ https://healthy-snipe-46.clerk.accounts.dev/npm/@clerk/clerk-js@5.127.1/dist/ui-common_clerk.browser_9854dd_5.127.1.js:4
[    3797ms] [INFO] 🔒 Clerk:
The <SignIn/> component cannot render when a user is already signed in, unless the application allows multiple sessions. Since a user is signed in and this application only allows a single session, Clerk is redirecting to the `afterSignIn` URL instead.
(This notice only appears in development) @ https://healthy-snipe-46.clerk.accounts.dev/npm/@clerk/clerk-js@5.127.1/dist/ui-common_clerk.browser_9854dd_5.127.1.js:4
[    3807ms] [INFO] 🔒 Clerk:
The <SignIn/> component cannot render when a user is already signed in, unless the application allows multiple sessions. Since a user is signed in and this application only allows a single session, Clerk is redirecting to the `afterSignIn` URL instead.
(This notice only appears in development) @ https://healthy-snipe-46.clerk.accounts.dev/npm/@clerk/clerk-js@5.127.1/dist/ui-common_clerk.browser_9854dd_5.127.1.js:4
[    3818ms] [INFO] 🔒 Clerk:
The <SignIn/> component cannot render when a user is already signed in, unless the application allows multiple sessions. Since a user is signed in and this application only allows a single session, Clerk is redirecting to the `afterSignIn` URL instead.
(This notice only appears in development) @ https://healthy-snipe-46.clerk.accounts.dev/npm/@clerk/clerk-js@5.127.1/dist/ui-common_clerk.browser_9854dd_5.127.1.js:4
[    3832ms] [INFO] 🔒 Clerk:
The <SignIn/> component cannot render when a user is already signed in, unless the application allows multiple sessions. Since a user is signed in and this application only allows a single session, Clerk is redirecting to the `afterSignIn` URL instead.
(This notice only appears in development) @ https://healthy-snipe-46.clerk.accounts.dev/npm/@clerk/clerk-js@5.127.1/dist/ui-common_clerk.browser_9854dd_5.127.1.js:4
[    3842ms] [INFO] 🔒 Clerk:
The <SignIn/> component cannot render when a user is already signed in, unless the application allows multiple sessions. Since a user is signed in and this application only allows a single session, Clerk is redirecting to the `afterSignIn` URL instead.
(This notice only appears in development) @ https://healthy-snipe-46.clerk.accounts.dev/npm/@clerk/clerk-js@5.127.1/dist/ui-common_clerk.browser_9854dd_5.127.1.js:4
[    3852ms] [INFO] 🔒 Clerk:
The <SignIn/> component cannot render when a user is already signed in, unless the application allows multiple sessions. Since a user is signed in and this application only allows a single session, Clerk is redirecting to the `afterSignIn` URL instead.
(This notice only appears in development) @ https://healthy-snipe-46.clerk.accounts.dev/npm/@clerk/clerk-js@5.127.1/dist/ui-common_clerk.browser_9854dd_5.127.1.js:4
[    3862ms] [INFO] 🔒 Clerk:
The <SignIn/> component cannot render when a user is already signed in, unless the application allows multiple sessions. Since a user is signed in and this application only allows a single session, Clerk is redirecting to the `afterSignIn` URL instead.
(This notice only appears in development) @ https://healthy-snipe-46.clerk.accounts.dev/npm/@clerk/clerk-js@5.127.1/dist/ui-common_clerk.browser_9854dd_5.127.1.js:4
[    3871ms] [INFO] 🔒 Clerk:
The <SignIn/> component cannot render when a user is already signed in, unless the application allows multiple sessions. Since a user is signed in and this application only allows a single session, Clerk is redirecting to the `afterSignIn` URL instead.
(This notice only appears in development) @ https://healthy-snipe-46.clerk.accounts.dev/npm/@clerk/clerk-js@5.127.1/dist/ui-common_clerk.browser_9854dd_5.127.1.js:4
[    3879ms] [INFO] 🔒 Clerk:
The <SignIn/> component cannot render when a user is already signed in, unless the application allows multiple sessions. Since a user is signed in and this application only allows a single session, Clerk is redirecting to the `afterSignIn` URL instead.
(This notice only appears in development) @ https://healthy-snipe-46.clerk.accounts.dev/npm/@clerk/clerk-js@5.127.1/dist/ui-common_clerk.browser_9854dd_5.127.1.js:4
[    3890ms] [INFO] 🔒 Clerk:
The <SignIn/> component cannot render when a user is already signed in, unless the application allows multiple sessions. Since a user is signed in and this application only allows a single session, Clerk is redirecting to the `afterSignIn` URL instead.
(This notice only appears in development) @ https://healthy-snipe-46.clerk.accounts.dev/npm/@clerk/clerk-js@5.127.1/dist/ui-common_clerk.browser_9854dd_5.127.1.js:4
[    3898ms] [INFO] 🔒 Clerk:
The <SignIn/> component cannot render when a user is already signed in, unless the application allows multiple sessions. Since a user is signed in and this application only allows a single session, Clerk is redirecting to the `afterSignIn` URL instead.
(This notice only appears in development) @ https://healthy-snipe-46.clerk.accounts.dev/npm/@clerk/clerk-js@5.127.1/dist/ui-common_clerk.browser_9854dd_5.127.1.js:4
[    3906ms] [INFO] 🔒 Clerk:
The <SignIn/> component cannot render when a user is already signed in, unless the application allows multiple sessions. Since a user is signed in and this application only allows a single session, Clerk is redirecting to the `afterSignIn` URL instead.
(This notice only appears in development) @ https://healthy-snipe-46.clerk.accounts.dev/npm/@clerk/clerk-js@5.127.1/dist/ui-common_clerk.browser_9854dd_5.127.1.js:4
[    3913ms] [INFO] 🔒 Clerk:
The <SignIn/> component cannot render when a user is already signed in, unless the application allows multiple sessions. Since a user is signed in and this application only allows a single session, Clerk is redirecting to the `afterSignIn` URL instead.
(This notice only appears in development) @ https://healthy-snipe-46.clerk.accounts.dev/npm/@clerk/clerk-js@5.127.1/dist/ui-common_clerk.browser_9854dd_5.127.1.js:4
[    3922ms] [INFO] 🔒 Clerk:
The <SignIn/> component cannot render when a user is already signed in, unless the application allows multiple sessions. Since a user is signed in and this application only allows a single session, Clerk is redirecting to the `afterSignIn` URL instead.
(This notice only appears in development) @ https://healthy-snipe-46.clerk.accounts.dev/npm/@clerk/clerk-js@5.127.1/dist/ui-common_clerk.browser_9854dd_5.127.1.js:4
[    3931ms] [INFO] 🔒 Clerk:
The <SignIn/> component cannot render when a user is already signed in, unless the application allows multiple sessions. Since a user is signed in and this application only allows a single session, Clerk is redirecting to the `afterSignIn` URL instead.
(This notice only appears in development) @ https://healthy-snipe-46.clerk.accounts.dev/npm/@clerk/clerk-js@5.127.1/dist/ui-common_clerk.browser_9854dd_5.127.1.js:4
[    3940ms] [INFO] 🔒 Clerk:
The <SignIn/> component cannot render when a user is already signed in, unless the application allows multiple sessions. Since a user is signed in and this application only allows a single session, Clerk is redirecting to the `afterSignIn` URL instead.
(This notice only appears in development) @ https://healthy-snipe-46.clerk.accounts.dev/npm/@clerk/clerk-js@5.127.1/dist/ui-common_clerk.browser_9854dd_5.127.1.js:4
[    3949ms] [INFO] 🔒 Clerk:
The <SignIn/> component cannot render when a user is already signed in, unless the application allows multiple sessions. Since a user is signed in and this application only allows a single session, Clerk is redirecting to the `afterSignIn` URL instead.
(This notice only appears in development) @ https://healthy-snipe-46.clerk.accounts.dev/npm/@clerk/clerk-js@5.127.1/dist/ui-common_clerk.browser_9854dd_5.127.1.js:4
[    3962ms] [INFO] 🔒 Clerk:
The <SignIn/> component cannot render when a user is already signed in, unless the application allows multiple sessions. Since a user is signed in and this application only allows a single session, Clerk is redirecting to the `afterSignIn` URL instead.
(This notice only appears in development) @ https://healthy-snipe-46.clerk.accounts.dev/npm/@clerk/clerk-js@5.127.1/dist/ui-common_clerk.browser_9854dd_5.127.1.js:4
[    3970ms] [INFO] 🔒 Clerk:
The <SignIn/> component cannot render when a user is already signed in, unless the application allows multiple sessions. Since a user is signed in and this application only allows a single session, Clerk is redirecting to the `afterSignIn` URL instead.
(This notice only appears in development) @ https://healthy-snipe-46.clerk.accounts.dev/npm/@clerk/clerk-js@5.127.1/dist/ui-common_clerk.browser_9854dd_5.127.1.js:4
[    3980ms] [INFO] 🔒 Clerk:
The <SignIn/> component cannot render when a user is already signed in, unless the application allows multiple sessions. Since a user is signed in and this application only allows a single session, Clerk is redirecting to the `afterSignIn` URL instead.
(This notice only appears in development) @ https://healthy-snipe-46.clerk.accounts.dev/npm/@clerk/clerk-js@5.127.1/dist/ui-common_clerk.browser_9854dd_5.127.1.js:4
[    3987ms] [INFO] 🔒 Clerk:
The <SignIn/> component cannot render when a user is already signed in, unless the application allows multiple sessions. Since a user is signed in and this application only allows a single session, Clerk is redirecting to the `afterSignIn` URL instead.
(This notice only appears in development) @ https://healthy-snipe-46.clerk.accounts.dev/npm/@clerk/clerk-js@5.127.1/dist/ui-common_clerk.browser_9854dd_5.127.1.js:4
[    3996ms] [INFO] 🔒 Clerk:
The <SignIn/> component cannot render when a user is already signed in, unless the application allows multiple sessions. Since a user is signed in and this application only allows a single session, Clerk is redirecting to the `afterSignIn` URL instead.
(This notice only appears in development) @ https://healthy-snipe-46.clerk.accounts.dev/npm/@clerk/clerk-js@5.127.1/dist/ui-common_clerk.browser_9854dd_5.127.1.js:4
[    4004ms] [INFO] 🔒 Clerk:
The <SignIn/> component cannot render when a user is already signed in, unless the application allows multiple sessions. Since a user is signed in and this application only allows a single session, Clerk is redirecting to the `afterSignIn` URL instead.
(This notice only appears in development) @ https://healthy-snipe-46.clerk.accounts.dev/npm/@clerk/clerk-js@5.127.1/dist/ui-common_clerk.browser_9854dd_5.127.1.js:4
[    4015ms] [INFO] 🔒 Clerk:
The <SignIn/> component cannot render when a user is already signed in, unless the application allows multiple sessions. Since a user is signed in and this application only allows a single session, Clerk is redirecting to the `afterSignIn` URL instead.
(This notice only appears in development) @ https://healthy-snipe-46.clerk.accounts.dev/npm/@clerk/clerk-js@5.127.1/dist/ui-common_clerk.browser_9854dd_5.127.1.js:4
[    4024ms] [INFO] 🔒 Clerk:
The <SignIn/> component cannot render when a user is already signed in, unless the application allows multiple sessions. Since a user is signed in and this application only allows a single session, Clerk is redirecting to the `afterSignIn` URL instead.
(This notice only appears in development) @ https://healthy-snipe-46.clerk.accounts.dev/npm/@clerk/clerk-js@5.127.1/dist/ui-common_clerk.browser_9854dd_5.127.1.js:4
[    4032ms] [INFO] 🔒 Clerk:
The <SignIn/> component cannot render when a user is already signed in, unless the application allows multiple sessions. Since a user is signed in and this application only allows a single session, Clerk is redirecting to the `afterSignIn` URL instead.
(This notice only appears in development) @ https://healthy-snipe-46.clerk.accounts.dev/npm/@clerk/clerk-js@5.127.1/dist/ui-common_clerk.browser_9854dd_5.127.1.js:4
[    4043ms] [INFO] 🔒 Clerk:
The <SignIn/> component cannot render when a user is already signed in, unless the application allows multiple sessions. Since a user is signed in and this application only allows a single session, Clerk is redirecting to the `afterSignIn` URL instead.
(This notice only appears in development) @ https://healthy-snipe-46.clerk.accounts.dev/npm/@clerk/clerk-js@5.127.1/dist/ui-common_clerk.browser_9854dd_5.127.1.js:4
[    4051ms] [INFO] 🔒 Clerk:
The <SignIn/> component cannot render when a user is already signed in, unless the application allows multiple sessions. Since a user is signed in and this application only allows a single session, Clerk is redirecting to the `afterSignIn` URL instead.
(This notice only appears in development) @ https://healthy-snipe-46.clerk.accounts.dev/npm/@clerk/clerk-js@5.127.1/dist/ui-common_clerk.browser_9854dd_5.127.1.js:4
[    4059ms] [INFO] 🔒 Clerk:
The <SignIn/> component cannot render when a user is already signed in, unless the application allows multiple sessions. Since a user is signed in and this application only allows a single session, Clerk is redirecting to the `afterSignIn` URL instead.
(This notice only appears in development) @ https://healthy-snipe-46.clerk.accounts.dev/npm/@clerk/clerk-js@5.127.1/dist/ui-common_clerk.browser_9854dd_5.127.1.js:4
[    4067ms] [INFO] 🔒 Clerk:
The <SignIn/> component cannot render when a user is already signed in, unless the application allows multiple sessions. Since a user is signed in and this application only allows a single session, Clerk is redirecting to the `afterSignIn` URL instead.
(This notice only appears in development) @ https://healthy-snipe-46.clerk.accounts.dev/npm/@clerk/clerk-js@5.127.1/dist/ui-common_clerk.browser_9854dd_5.127.1.js:4
[    4079ms] [INFO] 🔒 Clerk:
The <SignIn/> component cannot render when a user is already signed in, unless the application allows multiple sessions. Since a user is signed in and this application only allows a single session, Clerk is redirecting to the `afterSignIn` URL instead.
(This notice only appears in development) @ https://healthy-snipe-46.clerk.accounts.dev/npm/@clerk/clerk-js@5.127.1/dist/ui-common_clerk.browser_9854dd_5.127.1.js:4
[    4089ms] [INFO] 🔒 Clerk:
The <SignIn/> component cannot render when a user is already signed in, unless the application allows multiple sessions. Since a user is signed in and this application only allows a single session, Clerk is redirecting to the `afterSignIn` URL instead.
(This notice only appears in development) @ https://healthy-snipe-46.clerk.accounts.dev/npm/@clerk/clerk-js@5.127.1/dist/ui-common_clerk.browser_9854dd_5.127.1.js:4
[    4097ms] [INFO] 🔒 Clerk:
The <SignIn/> component cannot render when a user is already signed in, unless the application allows multiple sessions. Since a user is signed in and this application only allows a single session, Clerk is redirecting to the `afterSignIn` URL instead.
(This notice only appears in development) @ https://healthy-snipe-46.clerk.accounts.dev/npm/@clerk/clerk-js@5.127.1/dist/ui-common_clerk.browser_9854dd_5.127.1.js:4
[    4105ms] [INFO] 🔒 Clerk:
The <SignIn/> component cannot render when a user is already signed in, unless the application allows multiple sessions. Since a user is signed in and this application only allows a single session, Clerk is redirecting to the `afterSignIn` URL instead.
(This notice only appears in development) @ https://healthy-snipe-46.clerk.accounts.dev/npm/@clerk/clerk-js@5.127.1/dist/ui-common_clerk.browser_9854dd_5.127.1.js:4
[    4116ms] [INFO] 🔒 Clerk:
The <SignIn/> component cannot render when a user is already signed in, unless the application allows multiple sessions. Since a user is signed in and this application only allows a single session, Clerk is redirecting to the `afterSignIn` URL instead.
(This notice only appears in development) @ https://healthy-snipe-46.clerk.accounts.dev/npm/@clerk/clerk-js@5.127.1/dist/ui-common_clerk.browser_9854dd_5.127.1.js:4
[    4126ms] [INFO] 🔒 Clerk:
The <SignIn/> component cannot render when a user is already signed in, unless the application allows multiple sessions. Since a user is signed in and this application only allows a single session, Clerk is redirecting to the `afterSignIn` URL instead.
(This notice only appears in development) @ https://healthy-snipe-46.clerk.accounts.dev/npm/@clerk/clerk-js@5.127.1/dist/ui-common_clerk.browser_9854dd_5.127.1.js:4
[    4132ms] [INFO] 🔒 Clerk:
The <SignIn/> component cannot render when a user is already signed in, unless the application allows multiple sessions. Since a user is signed in and this application only allows a single session, Clerk is redirecting to the `afterSignIn` URL instead.
(This notice only appears in development) @ https://healthy-snipe-46.clerk.accounts.dev/npm/@clerk/clerk-js@5.127.1/dist/ui-common_clerk.browser_9854dd_5.127.1.js:4
[    4141ms] [INFO] 🔒 Clerk:
The <SignIn/> component cannot render when a user is already signed in, unless the application allows multiple sessions. Since a user is signed in and this application only allows a single session, Clerk is redirecting to the `afterSignIn` URL instead.
(This notice only appears in development) @ https://healthy-snipe-46.clerk.accounts.dev/npm/@clerk/clerk-js@5.127.1/dist/ui-common_clerk.browser_9854dd_5.127.1.js:4
[    4149ms] [INFO] 🔒 Clerk:
The <SignIn/> component cannot render when a user is already signed in, unless the application allows multiple sessions. Since a user is signed in and this application only allows a single session, Clerk is redirecting to the `afterSignIn` URL instead.
(This notice only appears in development) @ https://healthy-snipe-46.clerk.accounts.dev/npm/@clerk/clerk-js@5.127.1/dist/ui-common_clerk.browser_9854dd_5.127.1.js:4
[    4158ms] [INFO] 🔒 Clerk:
The <SignIn/> component cannot render when a user is already signed in, unless the application allows multiple sessions. Since a user is signed in and this application only allows a single session, Clerk is redirecting to the `afterSignIn` URL instead.
(This notice only appears in development) @ https://healthy-snipe-46.clerk.accounts.dev/npm/@clerk/clerk-js@5.127.1/dist/ui-common_clerk.browser_9854dd_5.127.1.js:4
[    4167ms] [INFO] 🔒 Clerk:
The <SignIn/> component cannot render when a user is already signed in, unless the application allows multiple sessions. Since a user is signed in and this application only allows a single session, Clerk is redirecting to the `afterSignIn` URL instead.
(This notice only appears in development) @ https://healthy-snipe-46.clerk.accounts.dev/npm/@clerk/clerk-js@5.127.1/dist/ui-common_clerk.browser_9854dd_5.127.1.js:4
[    4176ms] [INFO] 🔒 Clerk:
The <SignIn/> component cannot render when a user is already signed in, unless the application allows multiple sessions. Since a user is signed in and this application only allows a single session, Clerk is redirecting to the `afterSignIn` URL instead.
(This notice only appears in development) @ https://healthy-snipe-46.clerk.accounts.dev/npm/@clerk/clerk-js@5.127.1/dist/ui-common_clerk.browser_9854dd_5.127.1.js:4
[    4184ms] [INFO] 🔒 Clerk:
The <SignIn/> component cannot render when a user is already signed in, unless the application allows multiple sessions. Since a user is signed in and this application only allows a single session, Clerk is redirecting to the `afterSignIn` URL instead.
(This notice only appears in development) @ https://healthy-snipe-46.clerk.accounts.dev/npm/@clerk/clerk-js@5.127.1/dist/ui-common_clerk.browser_9854dd_5.127.1.js:4
[    4193ms] [INFO] 🔒 Clerk:
The <SignIn/> component cannot render when a user is already signed in, unless the application allows multiple sessions. Since a user is signed in and this application only allows a single session, Clerk is redirecting to the `afterSignIn` URL instead.
(This notice only appears in development) @ https://healthy-snipe-46.clerk.accounts.dev/npm/@clerk/clerk-js@5.127.1/dist/ui-common_clerk.browser_9854dd_5.127.1.js:4
[    4203ms] [INFO] 🔒 Clerk:
The <SignIn/> component cannot render when a user is already signed in, unless the application allows multiple sessions. Since a user is signed in and this application only allows a single session, Clerk is redirecting to the `afterSignIn` URL instead.
(This notice only appears in development) @ https://healthy-snipe-46.clerk.accounts.dev/npm/@clerk/clerk-js@5.127.1/dist/ui-common_clerk.browser_9854dd_5.127.1.js:4
[    4211ms] [INFO] 🔒 Clerk:
The <SignIn/> component cannot render when a user is already signed in, unless the application allows multiple sessions. Since a user is signed in and this application only allows a single session, Clerk is redirecting to the `afterSignIn` URL instead.
(This notice only appears in development) @ https://healthy-snipe-46.clerk.accounts.dev/npm/@clerk/clerk-js@5.127.1/dist/ui-common_clerk.browser_9854dd_5.127.1.js:4
[    4218ms] [INFO] 🔒 Clerk:
The <SignIn/> component cannot render when a user is already signed in, unless the application allows multiple sessions. Since a user is signed in and this application only allows a single session, Clerk is redirecting to the `afterSignIn` URL instead.
(This notice only appears in development) @ https://healthy-snipe-46.clerk.accounts.dev/npm/@clerk/clerk-js@5.127.1/dist/ui-common_clerk.browser_9854dd_5.127.1.js:4
[    4227ms] [INFO] 🔒 Clerk:
The <SignIn/> component cannot render when a user is already signed in, unless the application allows multiple sessions. Since a user is signed in and this application only allows a single session, Clerk is redirecting to the `afterSignIn` URL instead.
(This notice only appears in development) @ https://healthy-snipe-46.clerk.accounts.dev/npm/@clerk/clerk-js@5.127.1/dist/ui-common_clerk.browser_9854dd_5.127.1.js:4
[    4236ms] [INFO] 🔒 Clerk:
The <SignIn/> component cannot render when a user is already signed in, unless the application allows multiple sessions. Since a user is signed in and this application only allows a single session, Clerk is redirecting to the `afterSignIn` URL instead.
(This notice only appears in development) @ https://healthy-snipe-46.clerk.accounts.dev/npm/@clerk/clerk-js@5.127.1/dist/ui-common_clerk.browser_9854dd_5.127.1.js:4
[    4245ms] [INFO] 🔒 Clerk:
The <SignIn/> component cannot render when a user is already signed in, unless the application allows multiple sessions. Since a user is signed in and this application only allows a single session, Clerk is redirecting to the `afterSignIn` URL instead.
(This notice only appears in development) @ https://healthy-snipe-46.clerk.accounts.dev/npm/@clerk/clerk-js@5.127.1/dist/ui-common_clerk.browser_9854dd_5.127.1.js:4
[    4254ms] [INFO] 🔒 Clerk:
The <SignIn/> component cannot render when a user is already signed in, unless the application allows multiple sessions. Since a user is signed in and this application only allows a single session, Clerk is redirecting to the `afterSignIn` URL instead.
(This notice only appears in development) @ https://healthy-snipe-46.clerk.accounts.dev/npm/@clerk/clerk-js@5.127.1/dist/ui-common_clerk.browser_9854dd_5.127.1.js:4
[    4262ms] [INFO] 🔒 Clerk:
The <SignIn/> component cannot render when a user is already signed in, unless the application allows multiple sessions. Since a user is signed in and this application only allows a single session, Clerk is redirecting to the `afterSignIn` URL instead.
(This notice only appears in development) @ https://healthy-snipe-46.clerk.accounts.dev/npm/@clerk/clerk-js@5.127.1/dist/ui-common_clerk.browser_9854dd_5.127.1.js:4
[    4271ms] [INFO] 🔒 Clerk:
The <SignIn/> component cannot render when a user is already signed in, unless the application allows multiple sessions. Since a user is signed in and this application only allows a single session, Clerk is redirecting to the `afterSignIn` URL instead.
(This notice only appears in development) @ https://healthy-snipe-46.clerk.accounts.dev/npm/@clerk/clerk-js@5.127.1/dist/ui-common_clerk.browser_9854dd_5.127.1.js:4
[    4279ms] [INFO] 🔒 Clerk:
The <SignIn/> component cannot render when a user is already signed in, unless the application allows multiple sessions. Since a user is signed in and this application only allows a single session, Clerk is redirecting to the `afterSignIn` URL instead.
(This notice only appears in development) @ https://healthy-snipe-46.clerk.accounts.dev/npm/@clerk/clerk-js@5.127.1/dist/ui-common_clerk.browser_9854dd_5.127.1.js:4
[    4289ms] [INFO] 🔒 Clerk:
The <SignIn/> component cannot render when a user is already signed in, unless the application allows multiple sessions. Since a user is signed in and this application only allows a single session, Clerk is redirecting to the `afterSignIn` URL instead.
(This notice only appears in development) @ https://healthy-snipe-46.clerk.accounts.dev/npm/@clerk/clerk-js@5.127.1/dist/ui-common_clerk.browser_9854dd_5.127.1.js:4
[    4299ms] [INFO] 🔒 Clerk:
The <SignIn/> component cannot render when a user is already signed in, unless the application allows multiple sessions. Since a user is signed in and this application only allows a single session, Clerk is redirecting to the `afterSignIn` URL instead.
(This notice only appears in development) @ https://healthy-snipe-46.clerk.accounts.dev/npm/@clerk/clerk-js@5.127.1/dist/ui-common_clerk.browser_9854dd_5.127.1.js:4
[    4307ms] [INFO] 🔒 Clerk:
The <SignIn/> component cannot render when a user is already signed in, unless the application allows multiple sessions. Since a user is signed in and this application only allows a single session, Clerk is redirecting to the `afterSignIn` URL instead.
(This notice only appears in development) @ https://healthy-snipe-46.clerk.accounts.dev/npm/@clerk/clerk-js@5.127.1/dist/ui-common_clerk.browser_9854dd_5.127.1.js:4
[    4317ms] [INFO] 🔒 Clerk:
The <SignIn/> component cannot render when a user is already signed in, unless the application allows multiple sessions. Since a user is signed in and this application only allows a single session, Clerk is redirecting to the `afterSignIn` URL instead.
(This notice only appears in development) @ https://healthy-snipe-46.clerk.accounts.dev/npm/@clerk/clerk-js@5.127.1/dist/ui-common_clerk.browser_9854dd_5.127.1.js:4
[    4325ms] [INFO] 🔒 Clerk:
The <SignIn/> component cannot render when a user is already signed in, unless the application allows multiple sessions. Since a user is signed in and this application only allows a single session, Clerk is redirecting to the `afterSignIn` URL instead.
(This notice only appears in development) @ https://healthy-snipe-46.clerk.accounts.dev/npm/@clerk/clerk-js@5.127.1/dist/ui-common_clerk.browser_9854dd_5.127.1.js:4
[    4333ms] [INFO] 🔒 Clerk:
The <SignIn/> component cannot render when a user is already signed in, unless the application allows multiple sessions. Since a user is signed in and this application only allows a single session, Clerk is redirecting to the `afterSignIn` URL instead.
(This notice only appears in development) @ https://healthy-snipe-46.clerk.accounts.dev/npm/@clerk/clerk-js@5.127.1/dist/ui-common_clerk.browser_9854dd_5.127.1.js:4
[    4341ms] [INFO] 🔒 Clerk:
The <SignIn/> component cannot render when a user is already signed in, unless the application allows multiple sessions. Since a user is signed in and this application only allows a single session, Clerk is redirecting to the `afterSignIn` URL instead.
(This notice only appears in development) @ https://healthy-snipe-46.clerk.accounts.dev/npm/@clerk/clerk-js@5.127.1/dist/ui-common_clerk.browser_9854dd_5.127.1.js:4
[    4348ms] [INFO] 🔒 Clerk:
The <SignIn/> component cannot render when a user is already signed in, unless the application allows multiple sessions. Since a user is signed in and this application only allows a single session, Clerk is redirecting to the `afterSignIn` URL instead.
(This notice only appears in development) @ https://healthy-snipe-46.clerk.accounts.dev/npm/@clerk/clerk-js@5.127.1/dist/ui-common_clerk.browser_9854dd_5.127.1.js:4
[    4359ms] [INFO] 🔒 Clerk:
The <SignIn/> component cannot render when a user is already signed in, unless the application allows multiple sessions. Since a user is signed in and this application only allows a single session, Clerk is redirecting to the `afterSignIn` URL instead.
(This notice only appears in development) @ https://healthy-snipe-46.clerk.accounts.dev/npm/@clerk/clerk-js@5.127.1/dist/ui-common_clerk.browser_9854dd_5.127.1.js:4
[    4367ms] [INFO] 🔒 Clerk:
The <SignIn/> component cannot render when a user is already signed in, unless the application allows multiple sessions. Since a user is signed in and this application only allows a single session, Clerk is redirecting to the `afterSignIn` URL instead.
(This notice only appears in development) @ https://healthy-snipe-46.clerk.accounts.dev/npm/@clerk/clerk-js@5.127.1/dist/ui-common_clerk.browser_9854dd_5.127.1.js:4
[    4375ms] [INFO] 🔒 Clerk:
The <SignIn/> component cannot render when a user is already signed in, unless the application allows multiple sessions. Since a user is signed in and this application only allows a single session, Clerk is redirecting to the `afterSignIn` URL instead.
(This notice only appears in development) @ https://healthy-snipe-46.clerk.accounts.dev/npm/@clerk/clerk-js@5.127.1/dist/ui-common_clerk.browser_9854dd_5.127.1.js:4
[    4381ms] [INFO] 🔒 Clerk:
The <SignIn/> component cannot render when a user is already signed in, unless the application allows multiple sessions. Since a user is signed in and this application only allows a single session, Clerk is redirecting to the `afterSignIn` URL instead.
(This notice only appears in development) @ https://healthy-snipe-46.clerk.accounts.dev/npm/@clerk/clerk-js@5.127.1/dist/ui-common_clerk.browser_9854dd_5.127.1.js:4
[    4391ms] [INFO] 🔒 Clerk:
The <SignIn/> component cannot render when a user is already signed in, unless the application allows multiple sessions. Since a user is signed in and this application only allows a single session, Clerk is redirecting to the `afterSignIn` URL instead.
(This notice only appears in development) @ https://healthy-snipe-46.clerk.accounts.dev/npm/@clerk/clerk-js@5.127.1/dist/ui-common_clerk.browser_9854dd_5.127.1.js:4
[    4400ms] [INFO] 🔒 Clerk:
The <SignIn/> component cannot render when a user is already signed in, unless the application allows multiple sessions. Since a user is signed in and this application only allows a single session, Clerk is redirecting to the `afterSignIn` URL instead.
(This notice only appears in development) @ https://healthy-snipe-46.clerk.accounts.dev/npm/@clerk/clerk-js@5.127.1/dist/ui-common_clerk.browser_9854dd_5.127.1.js:4
[    4412ms] [INFO] 🔒 Clerk:
The <SignIn/> component cannot render when a user is already signed in, unless the application allows multiple sessions. Since a user is signed in and this application only allows a single session, Clerk is redirecting to the `afterSignIn` URL instead.
(This notice only appears in development) @ https://healthy-snipe-46.clerk.accounts.dev/npm/@clerk/clerk-js@5.127.1/dist/ui-common_clerk.browser_9854dd_5.127.1.js:4
[    4421ms] [INFO] 🔒 Clerk:
The <SignIn/> component cannot render when a user is already signed in, unless the application allows multiple sessions. Since a user is signed in and this application only allows a single session, Clerk is redirecting to the `afterSignIn` URL instead.
(This notice only appears in development) @ https://healthy-snipe-46.clerk.accounts.dev/npm/@clerk/clerk-js@5.127.1/dist/ui-common_clerk.browser_9854dd_5.127.1.js:4
[    4429ms] [INFO] 🔒 Clerk:
The <SignIn/> component cannot render when a user is already signed in, unless the application allows multiple sessions. Since a user is signed in and this application only allows a single session, Clerk is redirecting to the `afterSignIn` URL instead.
(This notice only appears in development) @ https://healthy-snipe-46.clerk.accounts.dev/npm/@clerk/clerk-js@5.127.1/dist/ui-common_clerk.browser_9854dd_5.127.1.js:4
[    4437ms] [INFO] 🔒 Clerk:
The <SignIn/> component cannot render when a user is already signed in, unless the application allows multiple sessions. Since a user is signed in and this application only allows a single session, Clerk is redirecting to the `afterSignIn` URL instead.
(This notice only appears in development) @ https://healthy-snipe-46.clerk.accounts.dev/npm/@clerk/clerk-js@5.127.1/dist/ui-common_clerk.browser_9854dd_5.127.1.js:4
[    4447ms] [INFO] 🔒 Clerk:
The <SignIn/> component cannot render when a user is already signed in, unless the application allows multiple sessions. Since a user is signed in and this application only allows a single session, Clerk is redirecting to the `afterSignIn` URL instead.
(This notice only appears in development) @ https://healthy-snipe-46.clerk.accounts.dev/npm/@clerk/clerk-js@5.127.1/dist/ui-common_clerk.browser_9854dd_5.127.1.js:4
[    4456ms] [INFO] 🔒 Clerk:
The <SignIn/> component cannot render when a user is already signed in, unless the application allows multiple sessions. Since a user is signed in and this application only allows a single session, Clerk is redirecting to the `afterSignIn` URL instead.
(This notice only appears in development) @ https://healthy-snipe-46.clerk.accounts.dev/npm/@clerk/clerk-js@5.127.1/dist/ui-common_clerk.browser_9854dd_5.127.1.js:4
[    4465ms] [INFO] 🔒 Clerk:
The <SignIn/> component cannot render when a user is already signed in, unless the application allows multiple sessions. Since a user is signed in and this application only allows a single session, Clerk is redirecting to the `afterSignIn` URL instead.
(This notice only appears in development) @ https://healthy-snipe-46.clerk.accounts.dev/npm/@clerk/clerk-js@5.127.1/dist/ui-common_clerk.browser_9854dd_5.127.1.js:4
[    4477ms] [INFO] 🔒 Clerk:
The <SignIn/> component cannot render when a user is already signed in, unless the application allows multiple sessions. Since a user is signed in and this application only allows a single session, Clerk is redirecting to the `afterSignIn` URL instead.
(This notice only appears in development) @ https://healthy-snipe-46.clerk.accounts.dev/npm/@clerk/clerk-js@5.127.1/dist/ui-common_clerk.browser_9854dd_5.127.1.js:4
[    4485ms] [INFO] 🔒 Clerk:
The <SignIn/> component cannot render when a user is already signed in, unless the application allows multiple sessions. Since a user is signed in and this application only allows a single session, Clerk is redirecting to the `afterSignIn` URL instead.
(This notice only appears in development) @ https://healthy-snipe-46.clerk.accounts.dev/npm/@clerk/clerk-js@5.127.1/dist/ui-common_clerk.browser_9854dd_5.127.1.js:4
[    4497ms] [INFO] 🔒 Clerk:
The <SignIn/> component cannot render when a user is already signed in, unless the application allows multiple sessions. Since a user is signed in and this application only allows a single session, Clerk is redirecting to the `afterSignIn` URL instead.
(This notice only appears in development) @ https://healthy-snipe-46.clerk.accounts.dev/npm/@clerk/clerk-js@5.127.1/dist/ui-common_clerk.browser_9854dd_5.127.1.js:4
[    4507ms] [INFO] 🔒 Clerk:
The <SignIn/> component cannot render when a user is already signed in, unless the application allows multiple sessions. Since a user is signed in and this application only allows a single session, Clerk is redirecting to the `afterSignIn` URL instead.
(This notice only appears in development) @ https://healthy-snipe-46.clerk.accounts.dev/npm/@clerk/clerk-js@5.127.1/dist/ui-common_clerk.browser_9854dd_5.127.1.js:4
[    4518ms] [INFO] 🔒 Clerk:
The <SignIn/> component cannot render when a user is already signed in, unless the application allows multiple sessions. Since a user is signed in and this application only allows a single session, Clerk is redirecting to the `afterSignIn` URL instead.
(This notice only appears in development) @ https://healthy-snipe-46.clerk.accounts.dev/npm/@clerk/clerk-js@5.127.1/dist/ui-common_clerk.browser_9854dd_5.127.1.js:4
[    4528ms] [INFO] 🔒 Clerk:
The <SignIn/> component cannot render when a user is already signed in, unless the application allows multiple sessions. Since a user is signed in and this application only allows a single session, Clerk is redirecting to the `afterSignIn` URL instead.
(This notice only appears in development) @ https://healthy-snipe-46.clerk.accounts.dev/npm/@clerk/clerk-js@5.127.1/dist/ui-common_clerk.browser_9854dd_5.127.1.js:4
[    4535ms] [INFO] 🔒 Clerk:
The <SignIn/> component cannot render when a user is already signed in, unless the application allows multiple sessions. Since a user is signed in and this application only allows a single session, Clerk is redirecting to the `afterSignIn` URL instead.
(This notice only appears in development) @ https://healthy-snipe-46.clerk.accounts.dev/npm/@clerk/clerk-js@5.127.1/dist/ui-common_clerk.browser_9854dd_5.127.1.js:4
[    4545ms] [INFO] 🔒 Clerk:
The <SignIn/> component cannot render when a user is already signed in, unless the application allows multiple sessions. Since a user is signed in and this application only allows a single session, Clerk is redirecting to the `afterSignIn` URL instead.
(This notice only appears in development) @ https://healthy-snipe-46.clerk.accounts.dev/npm/@clerk/clerk-js@5.127.1/dist/ui-common_clerk.browser_9854dd_5.127.1.js:4
[    4554ms] [INFO] 🔒 Clerk:
The <SignIn/> component cannot render when a user is already signed in, unless the application allows multiple sessions. Since a user is signed in and this application only allows a single session, Clerk is redirecting to the `afterSignIn` URL instead.
(This notice only appears in development) @ https://healthy-snipe-46.clerk.accounts.dev/npm/@clerk/clerk-js@5.127.1/dist/ui-common_clerk.browser_9854dd_5.127.1.js:4
[    4563ms] [INFO] 🔒 Clerk:
The <SignIn/> component cannot render when a user is already signed in, unless the application allows multiple sessions. Since a user is signed in and this application only allows a single session, Clerk is redirecting to the `afterSignIn` URL instead.
(This notice only appears in development) @ https://healthy-snipe-46.clerk.accounts.dev/npm/@clerk/clerk-js@5.127.1/dist/ui-common_clerk.browser_9854dd_5.127.1.js:4
[    4570ms] [INFO] 🔒 Clerk:
The <SignIn/> component cannot render when a user is already signed in, unless the application allows multiple sessions. Since a user is signed in and this application only allows a single session, Clerk is redirecting to the `afterSignIn` URL instead.
(This notice only appears in development) @ https://healthy-snipe-46.clerk.accounts.dev/npm/@clerk/clerk-js@5.127.1/dist/ui-common_clerk.browser_9854dd_5.127.1.js:4
[    4579ms] [INFO] 🔒 Clerk:
The <SignIn/> component cannot render when a user is already signed in, unless the application allows multiple sessions. Since a user is signed in and this application only allows a single session, Clerk is redirecting to the `afterSignIn` URL instead.
(This notice only appears in development) @ https://healthy-snipe-46.clerk.accounts.dev/npm/@clerk/clerk-js@5.127.1/dist/ui-common_clerk.browser_9854dd_5.127.1.js:4
[    4585ms] [INFO] 🔒 Clerk:
The <SignIn/> component cannot render when a user is already signed in, unless the application allows multiple sessions. Since a user is signed in and this application only allows a single session, Clerk is redirecting to the `afterSignIn` URL instead.
(This notice only appears in development) @ https://healthy-snipe-46.clerk.accounts.dev/npm/@clerk/clerk-js@5.127.1/dist/ui-common_clerk.browser_9854dd_5.127.1.js:4
[    4595ms] [INFO] 🔒 Clerk:
The <SignIn/> component cannot render when a user is already signed in, unless the application allows multiple sessions. Since a user is signed in and this application only allows a single session, Clerk is redirecting to the `afterSignIn` URL instead.
(This notice only appears in development) @ https://healthy-snipe-46.clerk.accounts.dev/npm/@clerk/clerk-js@5.127.1/dist/ui-common_clerk.browser_9854dd_5.127.1.js:4
[    4602ms] [INFO] 🔒 Clerk:
The <SignIn/> component cannot render when a user is already signed in, unless the application allows multiple sessions. Since a user is signed in and this application only allows a single session, Clerk is redirecting to the `afterSignIn` URL instead.
(This notice only appears in development) @ https://healthy-snipe-46.clerk.accounts.dev/npm/@clerk/clerk-js@5.127.1/dist/ui-common_clerk.browser_9854dd_5.127.1.js:4
[    4610ms] [INFO] 🔒 Clerk:
The <SignIn/> component cannot render when a user is already signed in, unless the application allows multiple sessions. Since a user is signed in and this application only allows a single session, Clerk is redirecting to the `afterSignIn` URL instead.
(This notice only appears in development) @ https://healthy-snipe-46.clerk.accounts.dev/npm/@clerk/clerk-js@5.127.1/dist/ui-common_clerk.browser_9854dd_5.127.1.js:4
[    4617ms] [INFO] 🔒 Clerk:
The <SignIn/> component cannot render when a user is already signed in, unless the application allows multiple sessions. Since a user is signed in and this application only allows a single session, Clerk is redirecting to the `afterSignIn` URL instead.
(This notice only appears in development) @ https://healthy-snipe-46.clerk.accounts.dev/npm/@clerk/clerk-js@5.127.1/dist/ui-common_clerk.browser_9854dd_5.127.1.js:4
[    4626ms] [INFO] 🔒 Clerk:
The <SignIn/> component cannot render when a user is already signed in, unless the application allows multiple sessions. Since a user is signed in and this application only allows a single session, Clerk is redirecting to the `afterSignIn` URL instead.
(This notice only appears in development) @ https://healthy-snipe-46.clerk.accounts.dev/npm/@clerk/clerk-js@5.127.1/dist/ui-common_clerk.browser_9854dd_5.127.1.js:4
[    4636ms] [INFO] 🔒 Clerk:
The <SignIn/> component cannot render when a user is already signed in, unless the application allows multiple sessions. Since a user is signed in and this application only allows a single session, Clerk is redirecting to the `afterSignIn` URL instead.
(This notice only appears in development) @ https://healthy-snipe-46.clerk.accounts.dev/npm/@clerk/clerk-js@5.127.1/dist/ui-common_clerk.browser_9854dd_5.127.1.js:4
[    4646ms] [INFO] 🔒 Clerk:
The <SignIn/> component cannot render when a user is already signed in, unless the application allows multiple sessions. Since a user is signed in and this application only allows a single session, Clerk is redirecting to the `afterSignIn` URL instead.
(This notice only appears in development) @ https://healthy-snipe-46.clerk.accounts.dev/npm/@clerk/clerk-js@5.127.1/dist/ui-common_clerk.browser_9854dd_5.127.1.js:4
[    4655ms] [INFO] 🔒 Clerk:
The <SignIn/> component cannot render when a user is already signed in, unless the application allows multiple sessions. Since a user is signed in and this application only allows a single session, Clerk is redirecting to the `afterSignIn` URL instead.
(This notice only appears in development) @ https://healthy-snipe-46.clerk.accounts.dev/npm/@clerk/clerk-js@5.127.1/dist/ui-common_clerk.browser_9854dd_5.127.1.js:4
[    4664ms] [INFO] 🔒 Clerk:
The <SignIn/> component cannot render when a user is already signed in, unless the application allows multiple sessions. Since a user is signed in and this application only allows a single session, Clerk is redirecting to the `afterSignIn` URL instead.
(This notice only appears in development) @ https://healthy-snipe-46.clerk.accounts.dev/npm/@clerk/clerk-js@5.127.1/dist/ui-common_clerk.browser_9854dd_5.127.1.js:4
[    4672ms] [INFO] 🔒 Clerk:
The <SignIn/> component cannot render when a user is already signed in, unless the application allows multiple sessions. Since a user is signed in and this application only allows a single session, Clerk is redirecting to the `afterSignIn` URL instead.
(This notice only appears in development) @ https://healthy-snipe-46.clerk.accounts.dev/npm/@clerk/clerk-js@5.127.1/dist/ui-common_clerk.browser_9854dd_5.127.1.js:4
[    4679ms] [INFO] 🔒 Clerk:
The <SignIn/> component cannot render when a user is already signed in, unless the application allows multiple sessions. Since a user is signed in and this application only allows a single session, Clerk is redirecting to the `afterSignIn` URL instead.
(This notice only appears in development) @ https://healthy-snipe-46.clerk.accounts.dev/npm/@clerk/clerk-js@5.127.1/dist/ui-common_clerk.browser_9854dd_5.127.1.js:4
[    4688ms] [INFO] 🔒 Clerk:
The <SignIn/> component cannot render when a user is already signed in, unless the application allows multiple sessions. Since a user is signed in and this application only allows a single session, Clerk is redirecting to the `afterSignIn` URL instead.
(This notice only appears in development) @ https://healthy-snipe-46.clerk.accounts.dev/npm/@clerk/clerk-js@5.127.1/dist/ui-common_clerk.browser_9854dd_5.127.1.js:4
[    4697ms] [INFO] 🔒 Clerk:
The <SignIn/> component cannot render when a user is already signed in, unless the application allows multiple sessions. Since a user is signed in and this application only allows a single session, Clerk is redirecting to the `afterSignIn` URL instead.
(This notice only appears in development) @ https://healthy-snipe-46.clerk.accounts.dev/npm/@clerk/clerk-js@5.127.1/dist/ui-common_clerk.browser_9854dd_5.127.1.js:4
[    4706ms] [INFO] 🔒 Clerk:
The <SignIn/> component cannot render when a user is already signed in, unless the application allows multiple sessions. Since a user is signed in and this application only allows a single session, Clerk is redirecting to the `afterSignIn` URL instead.
(This notice only appears in development) @ https://healthy-snipe-46.clerk.accounts.dev/npm/@clerk/clerk-js@5.127.1/dist/ui-common_clerk.browser_9854dd_5.127.1.js:4
[    4717ms] [INFO] 🔒 Clerk:
The <SignIn/> component cannot render when a user is already signed in, unless the application allows multiple sessions. Since a user is signed in and this application only allows a single session, Clerk is redirecting to the `afterSignIn` URL instead.
(This notice only appears in development) @ https://healthy-snipe-46.clerk.accounts.dev/npm/@clerk/clerk-js@5.127.1/dist/ui-common_clerk.browser_9854dd_5.127.1.js:4
[    4727ms] [INFO] 🔒 Clerk:
The <SignIn/> component cannot render when a user is already signed in, unless the application allows multiple sessions. Since a user is signed in and this application only allows a single session, Clerk is redirecting to the `afterSignIn` URL instead.
(This notice only appears in development) @ https://healthy-snipe-46.clerk.accounts.dev/npm/@clerk/clerk-js@5.127.1/dist/ui-common_clerk.browser_9854dd_5.127.1.js:4
[    4735ms] [INFO] 🔒 Clerk:
The <SignIn/> component cannot render when a user is already signed in, unless the application allows multiple sessions. Since a user is signed in and this application only allows a single session, Clerk is redirecting to the `afterSignIn` URL instead.
(This notice only appears in development) @ https://healthy-snipe-46.clerk.accounts.dev/npm/@clerk/clerk-js@5.127.1/dist/ui-common_clerk.browser_9854dd_5.127.1.js:4
[    4744ms] [INFO] 🔒 Clerk:
The <SignIn/> component cannot render when a user is already signed in, unless the application allows multiple sessions. Since a user is signed in and this application only allows a single session, Clerk is redirecting to the `afterSignIn` URL instead.
(This notice only appears in development) @ https://healthy-snipe-46.clerk.accounts.dev/npm/@clerk/clerk-js@5.127.1/dist/ui-common_clerk.browser_9854dd_5.127.1.js:4
[    4752ms] [INFO] 🔒 Clerk:
The <SignIn/> component cannot render when a user is already signed in, unless the application allows multiple sessions. Since a user is signed in and this application only allows a single session, Clerk is redirecting to the `afterSignIn` URL instead.
(This notice only appears in development) @ https://healthy-snipe-46.clerk.accounts.dev/npm/@clerk/clerk-js@5.127.1/dist/ui-common_clerk.browser_9854dd_5.127.1.js:4
[    4762ms] [INFO] 🔒 Clerk:
The <SignIn/> component cannot render when a user is already signed in, unless the application allows multiple sessions. Since a user is signed in and this application only allows a single session, Clerk is redirecting to the `afterSignIn` URL instead.
(This notice only appears in development) @ https://healthy-snipe-46.clerk.accounts.dev/npm/@clerk/clerk-js@5.127.1/dist/ui-common_clerk.browser_9854dd_5.127.1.js:4
[    4770ms] [INFO] 🔒 Clerk:
The <SignIn/> component cannot render when a user is already signed in, unless the application allows multiple sessions. Since a user is signed in and this application only allows a single session, Clerk is redirecting to the `afterSignIn` URL instead.
(This notice only appears in development) @ https://healthy-snipe-46.clerk.accounts.dev/npm/@clerk/clerk-js@5.127.1/dist/ui-common_clerk.browser_9854dd_5.127.1.js:4
[    4778ms] [INFO] 🔒 Clerk:
The <SignIn/> component cannot render when a user is already signed in, unless the application allows multiple sessions. Since a user is signed in and this application only allows a single session, Clerk is redirecting to the `afterSignIn` URL instead.
(This notice only appears in development) @ https://healthy-snipe-46.clerk.accounts.dev/npm/@clerk/clerk-js@5.127.1/dist/ui-common_clerk.browser_9854dd_5.127.1.js:4
[    4787ms] [INFO] 🔒 Clerk:
The <SignIn/> component cannot render when a user is already signed in, unless the application allows multiple sessions. Since a user is signed in and this application only allows a single session, Clerk is redirecting to the `afterSignIn` URL instead.
(This notice only appears in development) @ https://healthy-snipe-46.clerk.accounts.dev/npm/@clerk/clerk-js@5.127.1/dist/ui-common_clerk.browser_9854dd_5.127.1.js:4
[    4796ms] [INFO] 🔒 Clerk:
The <SignIn/> component cannot render when a user is already signed in, unless the application allows multiple sessions. Since a user is signed in and this application only allows a single session, Clerk is redirecting to the `afterSignIn` URL instead.
(This notice only appears in development) @ https://healthy-snipe-46.clerk.accounts.dev/npm/@clerk/clerk-js@5.127.1/dist/ui-common_clerk.browser_9854dd_5.127.1.js:4
[    4805ms] [INFO] 🔒 Clerk:
The <SignIn/> component cannot render when a user is already signed in, unless the application allows multiple sessions. Since a user is signed in and this application only allows a single session, Clerk is redirecting to the `afterSignIn` URL instead.
(This notice only appears in development) @ https://healthy-snipe-46.clerk.accounts.dev/npm/@clerk/clerk-js@5.127.1/dist/ui-common_clerk.browser_9854dd_5.127.1.js:4
[    4812ms] [INFO] 🔒 Clerk:
The <SignIn/> component cannot render when a user is already signed in, unless the application allows multiple sessions. Since a user is signed in and this application only allows a single session, Clerk is redirecting to the `afterSignIn` URL instead.
(This notice only appears in development) @ https://healthy-snipe-46.clerk.accounts.dev/npm/@clerk/clerk-js@5.127.1/dist/ui-common_clerk.browser_9854dd_5.127.1.js:4
[    4821ms] [INFO] 🔒 Clerk:
The <SignIn/> component cannot render when a user is already signed in, unless the application allows multiple sessions. Since a user is signed in and this application only allows a single session, Clerk is redirecting to the `afterSignIn` URL instead.
(This notice only appears in development) @ https://healthy-snipe-46.clerk.accounts.dev/npm/@clerk/clerk-js@5.127.1/dist/ui-common_clerk.browser_9854dd_5.127.1.js:4
[    4829ms] [INFO] 🔒 Clerk:
The <SignIn/> component cannot render when a user is already signed in, unless the application allows multiple sessions. Since a user is signed in and this application only allows a single session, Clerk is redirecting to the `afterSignIn` URL instead.
(This notice only appears in development) @ https://healthy-snipe-46.clerk.accounts.dev/npm/@clerk/clerk-js@5.127.1/dist/ui-common_clerk.browser_9854dd_5.127.1.js:4
[    4837ms] [INFO] 🔒 Clerk:
The <SignIn/> component cannot render when a user is already signed in, unless the application allows multiple sessions. Since a user is signed in and this application only allows a single session, Clerk is redirecting to the `afterSignIn` URL instead.
(This notice only appears in development) @ https://healthy-snipe-46.clerk.accounts.dev/npm/@clerk/clerk-js@5.127.1/dist/ui-common_clerk.browser_9854dd_5.127.1.js:4
[    4845ms] [INFO] 🔒 Clerk:
The <SignIn/> component cannot render when a user is already signed in, unless the application allows multiple sessions. Since a user is signed in and this application only allows a single session, Clerk is redirecting to the `afterSignIn` URL instead.
(This notice only appears in development) @ https://healthy-snipe-46.clerk.accounts.dev/npm/@clerk/clerk-js@5.127.1/dist/ui-common_clerk.browser_9854dd_5.127.1.js:4
[    4854ms] [INFO] 🔒 Clerk:
The <SignIn/> component cannot render when a user is already signed in, unless the application allows multiple sessions. Since a user is signed in and this application only allows a single session, Clerk is redirecting to the `afterSignIn` URL instead.
(This notice only appears in development) @ https://healthy-snipe-46.clerk.accounts.dev/npm/@clerk/clerk-js@5.127.1/dist/ui-common_clerk.browser_9854dd_5.127.1.js:4
[    4863ms] [INFO] 🔒 Clerk:
The <SignIn/> component cannot render when a user is already signed in, unless the application allows multiple sessions. Since a user is signed in and this application only allows a single session, Clerk is redirecting to the `afterSignIn` URL instead.
(This notice only appears in development) @ https://healthy-snipe-46.clerk.accounts.dev/npm/@clerk/clerk-js@5.127.1/dist/ui-common_clerk.browser_9854dd_5.127.1.js:4
[    4872ms] [INFO] 🔒 Clerk:
The <SignIn/> component cannot render when a user is already signed in, unless the application allows multiple sessions. Since a user is signed in and this application only allows a single session, Clerk is redirecting to the `afterSignIn` URL instead.
(This notice only appears in development) @ https://healthy-snipe-46.clerk.accounts.dev/npm/@clerk/clerk-js@5.127.1/dist/ui-common_clerk.browser_9854dd_5.127.1.js:4
[    4880ms] [INFO] 🔒 Clerk:
The <SignIn/> component cannot render when a user is already signed in, unless the application allows multiple sessions. Since a user is signed in and this application only allows a single session, Clerk is redirecting to the `afterSignIn` URL instead.
(This notice only appears in development) @ https://healthy-snipe-46.clerk.accounts.dev/npm/@clerk/clerk-js@5.127.1/dist/ui-common_clerk.browser_9854dd_5.127.1.js:4
[    4891ms] [INFO] 🔒 Clerk:
The <SignIn/> component cannot render when a user is already signed in, unless the application allows multiple sessions. Since a user is signed in and this application only allows a single session, Clerk is redirecting to the `afterSignIn` URL instead.
(This notice only appears in development) @ https://healthy-snipe-46.clerk.accounts.dev/npm/@clerk/clerk-js@5.127.1/dist/ui-common_clerk.browser_9854dd_5.127.1.js:4
[    4900ms] [INFO] 🔒 Clerk:
The <SignIn/> component cannot render when a user is already signed in, unless the application allows multiple sessions. Since a user is signed in and this application only allows a single session, Clerk is redirecting to the `afterSignIn` URL instead.
(This notice only appears in development) @ https://healthy-snipe-46.clerk.accounts.dev/npm/@clerk/clerk-js@5.127.1/dist/ui-common_clerk.browser_9854dd_5.127.1.js:4
[    4911ms] [INFO] 🔒 Clerk:
The <SignIn/> component cannot render when a user is already signed in, unless the application allows multiple sessions. Since a user is signed in and this application only allows a single session, Clerk is redirecting to the `afterSignIn` URL instead.
(This notice only appears in development) @ https://healthy-snipe-46.clerk.accounts.dev/npm/@clerk/clerk-js@5.127.1/dist/ui-common_clerk.browser_9854dd_5.127.1.js:4
[    4918ms] [INFO] 🔒 Clerk:
The <SignIn/> component cannot render when a user is already signed in, unless the application allows multiple sessions. Since a user is signed in and this application only allows a single session, Clerk is redirecting to the `afterSignIn` URL instead.
(This notice only appears in development) @ https://healthy-snipe-46.clerk.accounts.dev/npm/@clerk/clerk-js@5.127.1/dist/ui-common_clerk.browser_9854dd_5.127.1.js:4
[    4930ms] [INFO] 🔒 Clerk:
The <SignIn/> component cannot render when a user is already signed in, unless the application allows multiple sessions. Since a user is signed in and this application only allows a single session, Clerk is redirecting to the `afterSignIn` URL instead.
(This notice only appears in development) @ https://healthy-snipe-46.clerk.accounts.dev/npm/@clerk/clerk-js@5.127.1/dist/ui-common_clerk.browser_9854dd_5.127.1.js:4
[    4936ms] [INFO] 🔒 Clerk:
The <SignIn/> component cannot render when a user is already signed in, unless the application allows multiple sessions. Since a user is signed in and this application only allows a single session, Clerk is redirecting to the `afterSignIn` URL instead.
(This notice only appears in development) @ https://healthy-snipe-46.clerk.accounts.dev/npm/@clerk/clerk-js@5.127.1/dist/ui-common_clerk.browser_9854dd_5.127.1.js:4
[    4948ms] [INFO] 🔒 Clerk:
The <SignIn/> component cannot render when a user is already signed in, unless the application allows multiple sessions. Since a user is signed in and this application only allows a single session, Clerk is redirecting to the `afterSignIn` URL instead.
(This notice only appears in development) @ https://healthy-snipe-46.clerk.accounts.dev/npm/@clerk/clerk-js@5.127.1/dist/ui-common_clerk.browser_9854dd_5.127.1.js:4
[    4955ms] [INFO] 🔒 Clerk:
The <SignIn/> component cannot render when a user is already signed in, unless the application allows multiple sessions. Since a user is signed in and this application only allows a single session, Clerk is redirecting to the `afterSignIn` URL instead.
(This notice only appears in development) @ https://healthy-snipe-46.clerk.accounts.dev/npm/@clerk/clerk-js@5.127.1/dist/ui-common_clerk.browser_9854dd_5.127.1.js:4
[    4967ms] [INFO] 🔒 Clerk:
The <SignIn/> component cannot render when a user is already signed in, unless the application allows multiple sessions. Since a user is signed in and this application only allows a single session, Clerk is redirecting to the `afterSignIn` URL instead.
(This notice only appears in development) @ https://healthy-snipe-46.clerk.accounts.dev/npm/@clerk/clerk-js@5.127.1/dist/ui-common_clerk.browser_9854dd_5.127.1.js:4
[    4976ms] [INFO] 🔒 Clerk:
The <SignIn/> component cannot render when a user is already signed in, unless the application allows multiple sessions. Since a user is signed in and this application only allows a single session, Clerk is redirecting to the `afterSignIn` URL instead.
(This notice only appears in development) @ https://healthy-snipe-46.clerk.accounts.dev/npm/@clerk/clerk-js@5.127.1/dist/ui-common_clerk.browser_9854dd_5.127.1.js:4
[    4984ms] [INFO] 🔒 Clerk:
The <SignIn/> component cannot render when a user is already signed in, unless the application allows multiple sessions. Since a user is signed in and this application only allows a single session, Clerk is redirecting to the `afterSignIn` URL instead.
(This notice only appears in development) @ https://healthy-snipe-46.clerk.accounts.dev/npm/@clerk/clerk-js@5.127.1/dist/ui-common_clerk.browser_9854dd_5.127.1.js:4
[    4995ms] [INFO] 🔒 Clerk:
The <SignIn/> component cannot render when a user is already signed in, unless the application allows multiple sessions. Since a user is signed in and this application only allows a single session, Clerk is redirecting to the `afterSignIn` URL instead.
(This notice only appears in development) @ https://healthy-snipe-46.clerk.accounts.dev/npm/@clerk/clerk-js@5.127.1/dist/ui-common_clerk.browser_9854dd_5.127.1.js:4
[    5003ms] [INFO] 🔒 Clerk:
The <SignIn/> component cannot render when a user is already signed in, unless the application allows multiple sessions. Since a user is signed in and this application only allows a single session, Clerk is redirecting to the `afterSignIn` URL instead.
(This notice only appears in development) @ https://healthy-snipe-46.clerk.accounts.dev/npm/@clerk/clerk-js@5.127.1/dist/ui-common_clerk.browser_9854dd_5.127.1.js:4
[    5016ms] [INFO] 🔒 Clerk:
The <SignIn/> component cannot render when a user is already signed in, unless the application allows multiple sessions. Since a user is signed in and this application only allows a single session, Clerk is redirecting to the `afterSignIn` URL instead.
(This notice only appears in development) @ https://healthy-snipe-46.clerk.accounts.dev/npm/@clerk/clerk-js@5.127.1/dist/ui-common_clerk.browser_9854dd_5.127.1.js:4
[    5023ms] [INFO] 🔒 Clerk:
The <SignIn/> component cannot render when a user is already signed in, unless the application allows multiple sessions. Since a user is signed in and this application only allows a single session, Clerk is redirecting to the `afterSignIn` URL instead.
(This notice only appears in development) @ https://healthy-snipe-46.clerk.accounts.dev/npm/@clerk/clerk-js@5.127.1/dist/ui-common_clerk.browser_9854dd_5.127.1.js:4
[    5035ms] [INFO] 🔒 Clerk:
The <SignIn/> component cannot render when a user is already signed in, unless the application allows multiple sessions. Since a user is signed in and this application only allows a single session, Clerk is redirecting to the `afterSignIn` URL instead.
(This notice only appears in development) @ https://healthy-snipe-46.clerk.accounts.dev/npm/@clerk/clerk-js@5.127.1/dist/ui-common_clerk.browser_9854dd_5.127.1.js:4
[    5045ms] [INFO] 🔒 Clerk:
The <SignIn/> component cannot render when a user is already signed in, unless the application allows multiple sessions. Since a user is signed in and this application only allows a single session, Clerk is redirecting to the `afterSignIn` URL instead.
(This notice only appears in development) @ https://healthy-snipe-46.clerk.accounts.dev/npm/@clerk/clerk-js@5.127.1/dist/ui-common_clerk.browser_9854dd_5.127.1.js:4
[    5053ms] [INFO] 🔒 Clerk:
The <SignIn/> component cannot render when a user is already signed in, unless the application allows multiple sessions. Since a user is signed in and this application only allows a single session, Clerk is redirecting to the `afterSignIn` URL instead.
(This notice only appears in development) @ https://healthy-snipe-46.clerk.accounts.dev/npm/@clerk/clerk-js@5.127.1/dist/ui-common_clerk.browser_9854dd_5.127.1.js:4
[    5063ms] [INFO] 🔒 Clerk:
The <SignIn/> component cannot render when a user is already signed in, unless the application allows multiple sessions. Since a user is signed in and this application only allows a single session, Clerk is redirecting to the `afterSignIn` URL instead.
(This notice only appears in development) @ https://healthy-snipe-46.clerk.accounts.dev/npm/@clerk/clerk-js@5.127.1/dist/ui-common_clerk.browser_9854dd_5.127.1.js:4
[    5075ms] [INFO] 🔒 Clerk:
The <SignIn/> component cannot render when a user is already signed in, unless the application allows multiple sessions. Since a user is signed in and this application only allows a single session, Clerk is redirecting to the `afterSignIn` URL instead.
(This notice only appears in development) @ https://healthy-snipe-46.clerk.accounts.dev/npm/@clerk/clerk-js@5.127.1/dist/ui-common_clerk.browser_9854dd_5.127.1.js:4
[    5084ms] [INFO] 🔒 Clerk:
The <SignIn/> component cannot render when a user is already signed in, unless the application allows multiple sessions. Since a user is signed in and this application only allows a single session, Clerk is redirecting to the `afterSignIn` URL instead.
(This notice only appears in development) @ https://healthy-snipe-46.clerk.accounts.dev/npm/@clerk/clerk-js@5.127.1/dist/ui-common_clerk.browser_9854dd_5.127.1.js:4
[    5094ms] [INFO] 🔒 Clerk:
The <SignIn/> component cannot render when a user is already signed in, unless the application allows multiple sessions. Since a user is signed in and this application only allows a single session, Clerk is redirecting to the `afterSignIn` URL instead.
(This notice only appears in development) @ https://healthy-snipe-46.clerk.accounts.dev/npm/@clerk/clerk-js@5.127.1/dist/ui-common_clerk.browser_9854dd_5.127.1.js:4
[    5105ms] [INFO] 🔒 Clerk:
The <SignIn/> component cannot render when a user is already signed in, unless the application allows multiple sessions. Since a user is signed in and this application only allows a single session, Clerk is redirecting to the `afterSignIn` URL instead.
(This notice only appears in development) @ https://healthy-snipe-46.clerk.accounts.dev/npm/@clerk/clerk-js@5.127.1/dist/ui-common_clerk.browser_9854dd_5.127.1.js:4
[    5113ms] [INFO] 🔒 Clerk:
The <SignIn/> component cannot render when a user is already signed in, unless the application allows multiple sessions. Since a user is signed in and this application only allows a single session, Clerk is redirecting to the `afterSignIn` URL instead.
(This notice only appears in development) @ https://healthy-snipe-46.clerk.accounts.dev/npm/@clerk/clerk-js@5.127.1/dist/ui-common_clerk.browser_9854dd_5.127.1.js:4
[    5124ms] [INFO] 🔒 Clerk:
The <SignIn/> component cannot render when a user is already signed in, unless the application allows multiple sessions. Since a user is signed in and this application only allows a single session, Clerk is redirecting to the `afterSignIn` URL instead.
(This notice only appears in development) @ https://healthy-snipe-46.clerk.accounts.dev/npm/@clerk/clerk-js@5.127.1/dist/ui-common_clerk.browser_9854dd_5.127.1.js:4
[    5134ms] [INFO] 🔒 Clerk:
The <SignIn/> component cannot render when a user is already signed in, unless the application allows multiple sessions. Since a user is signed in and this application only allows a single session, Clerk is redirecting to the `afterSignIn` URL instead.
(This notice only appears in development) @ https://healthy-snipe-46.clerk.accounts.dev/npm/@clerk/clerk-js@5.127.1/dist/ui-common_clerk.browser_9854dd_5.127.1.js:4
[    5147ms] [INFO] 🔒 Clerk:
The <SignIn/> component cannot render when a user is already signed in, unless the application allows multiple sessions. Since a user is signed in and this application only allows a single session, Clerk is redirecting to the `afterSignIn` URL instead.
(This notice only appears in development) @ https://healthy-snipe-46.clerk.accounts.dev/npm/@clerk/clerk-js@5.127.1/dist/ui-common_clerk.browser_9854dd_5.127.1.js:4
[    5158ms] [INFO] 🔒 Clerk:
The <SignIn/> component cannot render when a user is already signed in, unless the application allows multiple sessions. Since a user is signed in and this application only allows a single session, Clerk is redirecting to the `afterSignIn` URL instead.
(This notice only appears in development) @ https://healthy-snipe-46.clerk.accounts.dev/npm/@clerk/clerk-js@5.127.1/dist/ui-common_clerk.browser_9854dd_5.127.1.js:4
[    5168ms] [INFO] 🔒 Clerk:
The <SignIn/> component cannot render when a user is already signed in, unless the application allows multiple sessions. Since a user is signed in and this application only allows a single session, Clerk is redirecting to the `afterSignIn` URL instead.
(This notice only appears in development) @ https://healthy-snipe-46.clerk.accounts.dev/npm/@clerk/clerk-js@5.127.1/dist/ui-common_clerk.browser_9854dd_5.127.1.js:4
[    5179ms] [INFO] 🔒 Clerk:
The <SignIn/> component cannot render when a user is already signed in, unless the application allows multiple sessions. Since a user is signed in and this application only allows a single session, Clerk is redirecting to the `afterSignIn` URL instead.
(This notice only appears in development) @ https://healthy-snipe-46.clerk.accounts.dev/npm/@clerk/clerk-js@5.127.1/dist/ui-common_clerk.browser_9854dd_5.127.1.js:4
[    5189ms] [INFO] 🔒 Clerk:
The <SignIn/> component cannot render when a user is already signed in, unless the application allows multiple sessions. Since a user is signed in and this application only allows a single session, Clerk is redirecting to the `afterSignIn` URL instead.
(This notice only appears in development) @ https://healthy-snipe-46.clerk.accounts.dev/npm/@clerk/clerk-js@5.127.1/dist/ui-common_clerk.browser_9854dd_5.127.1.js:4
[    5199ms] [INFO] 🔒 Clerk:
The <SignIn/> component cannot render when a user is already signed in, unless the application allows multiple sessions. Since a user is signed in and this application only allows a single session, Clerk is redirecting to the `afterSignIn` URL instead.
(This notice only appears in development) @ https://healthy-snipe-46.clerk.accounts.dev/npm/@clerk/clerk-js@5.127.1/dist/ui-common_clerk.browser_9854dd_5.127.1.js:4
[    5209ms] [INFO] 🔒 Clerk:
The <SignIn/> component cannot render when a user is already signed in, unless the application allows multiple sessions. Since a user is signed in and this application only allows a single session, Clerk is redirecting to the `afterSignIn` URL instead.
(This notice only appears in development) @ https://healthy-snipe-46.clerk.accounts.dev/npm/@clerk/clerk-js@5.127.1/dist/ui-common_clerk.browser_9854dd_5.127.1.js:4
[    5220ms] [INFO] 🔒 Clerk:
The <SignIn/> component cannot render when a user is already signed in, unless the application allows multiple sessions. Since a user is signed in and this application only allows a single session, Clerk is redirecting to the `afterSignIn` URL instead.
(This notice only appears in development) @ https://healthy-snipe-46.clerk.accounts.dev/npm/@clerk/clerk-js@5.127.1/dist/ui-common_clerk.browser_9854dd_5.127.1.js:4
[    5231ms] [INFO] 🔒 Clerk:
The <SignIn/> component cannot render when a user is already signed in, unless the application allows multiple sessions. Since a user is signed in and this application only allows a single session, Clerk is redirecting to the `afterSignIn` URL instead.
(This notice only appears in development) @ https://healthy-snipe-46.clerk.accounts.dev/npm/@clerk/clerk-js@5.127.1/dist/ui-common_clerk.browser_9854dd_5.127.1.js:4
[    5240ms] [INFO] 🔒 Clerk:
The <SignIn/> component cannot render when a user is already signed in, unless the application allows multiple sessions. Since a user is signed in and this application only allows a single session, Clerk is redirecting to the `afterSignIn` URL instead.
(This notice only appears in development) @ https://healthy-snipe-46.clerk.accounts.dev/npm/@clerk/clerk-js@5.127.1/dist/ui-common_clerk.browser_9854dd_5.127.1.js:4
[    5249ms] [INFO] 🔒 Clerk:
The <SignIn/> component cannot render when a user is already signed in, unless the application allows multiple sessions. Since a user is signed in and this application only allows a single session, Clerk is redirecting to the `afterSignIn` URL instead.
(This notice only appears in development) @ https://healthy-snipe-46.clerk.accounts.dev/npm/@clerk/clerk-js@5.127.1/dist/ui-common_clerk.browser_9854dd_5.127.1.js:4
[    5258ms] [INFO] 🔒 Clerk:
The <SignIn/> component cannot render when a user is already signed in, unless the application allows multiple sessions. Since a user is signed in and this application only allows a single session, Clerk is redirecting to the `afterSignIn` URL instead.
(This notice only appears in development) @ https://healthy-snipe-46.clerk.accounts.dev/npm/@clerk/clerk-js@5.127.1/dist/ui-common_clerk.browser_9854dd_5.127.1.js:4
[    5268ms] [INFO] 🔒 Clerk:
The <SignIn/> component cannot render when a user is already signed in, unless the application allows multiple sessions. Since a user is signed in and this application only allows a single session, Clerk is redirecting to the `afterSignIn` URL instead.
(This notice only appears in development) @ https://healthy-snipe-46.clerk.accounts.dev/npm/@clerk/clerk-js@5.127.1/dist/ui-common_clerk.browser_9854dd_5.127.1.js:4
[    5279ms] [INFO] 🔒 Clerk:
The <SignIn/> component cannot render when a user is already signed in, unless the application allows multiple sessions. Since a user is signed in and this application only allows a single session, Clerk is redirecting to the `afterSignIn` URL instead.
(This notice only appears in development) @ https://healthy-snipe-46.clerk.accounts.dev/npm/@clerk/clerk-js@5.127.1/dist/ui-common_clerk.browser_9854dd_5.127.1.js:4
[    5288ms] [INFO] 🔒 Clerk:
The <SignIn/> component cannot render when a user is already signed in, unless the application allows multiple sessions. Since a user is signed in and this application only allows a single session, Clerk is redirecting to the `afterSignIn` URL instead.
(This notice only appears in development) @ https://healthy-snipe-46.clerk.accounts.dev/npm/@clerk/clerk-js@5.127.1/dist/ui-common_clerk.browser_9854dd_5.127.1.js:4
[    5297ms] [INFO] 🔒 Clerk:
The <SignIn/> component cannot render when a user is already signed in, unless the application allows multiple sessions. Since a user is signed in and this application only allows a single session, Clerk is redirecting to the `afterSignIn` URL instead.
(This notice only appears in development) @ https://healthy-snipe-46.clerk.accounts.dev/npm/@clerk/clerk-js@5.127.1/dist/ui-common_clerk.browser_9854dd_5.127.1.js:4
[    5306ms] [INFO] 🔒 Clerk:
The <SignIn/> component cannot render when a user is already signed in, unless the application allows multiple sessions. Since a user is signed in and this application only allows a single session, Clerk is redirecting to the `afterSignIn` URL instead.
(This notice only appears in development) @ https://healthy-snipe-46.clerk.accounts.dev/npm/@clerk/clerk-js@5.127.1/dist/ui-common_clerk.browser_9854dd_5.127.1.js:4
[    5315ms] [INFO] 🔒 Clerk:
The <SignIn/> component cannot render when a user is already signed in, unless the application allows multiple sessions. Since a user is signed in and this application only allows a single session, Clerk is redirecting to the `afterSignIn` URL instead.
(This notice only appears in development) @ https://healthy-snipe-46.clerk.accounts.dev/npm/@clerk/clerk-js@5.127.1/dist/ui-common_clerk.browser_9854dd_5.127.1.js:4
[    5323ms] [INFO] 🔒 Clerk:
The <SignIn/> component cannot render when a user is already signed in, unless the application allows multiple sessions. Since a user is signed in and this application only allows a single session, Clerk is redirecting to the `afterSignIn` URL instead.
(This notice only appears in development) @ https://healthy-snipe-46.clerk.accounts.dev/npm/@clerk/clerk-js@5.127.1/dist/ui-common_clerk.browser_9854dd_5.127.1.js:4
[    5333ms] [INFO] 🔒 Clerk:
The <SignIn/> component cannot render when a user is already signed in, unless the application allows multiple sessions. Since a user is signed in and this application only allows a single session, Clerk is redirecting to the `afterSignIn` URL instead.
(This notice only appears in development) @ https://healthy-snipe-46.clerk.accounts.dev/npm/@clerk/clerk-js@5.127.1/dist/ui-common_clerk.browser_9854dd_5.127.1.js:4
[    5339ms] [INFO] 🔒 Clerk:
The <SignIn/> component cannot render when a user is already signed in, unless the application allows multiple sessions. Since a user is signed in and this application only allows a single session, Clerk is redirecting to the `afterSignIn` URL instead.
(This notice only appears in development) @ https://healthy-snipe-46.clerk.accounts.dev/npm/@clerk/clerk-js@5.127.1/dist/ui-common_clerk.browser_9854dd_5.127.1.js:4
[    5348ms] [INFO] 🔒 Clerk:
The <SignIn/> component cannot render when a user is already signed in, unless the application allows multiple sessions. Since a user is signed in and this application only allows a single session, Clerk is redirecting to the `afterSignIn` URL instead.
(This notice only appears in development) @ https://healthy-snipe-46.clerk.accounts.dev/npm/@clerk/clerk-js@5.127.1/dist/ui-common_clerk.browser_9854dd_5.127.1.js:4
[    5356ms] [INFO] 🔒 Clerk:
The <SignIn/> component cannot render when a user is already signed in, unless the application allows multiple sessions. Since a user is signed in and this application only allows a single session, Clerk is redirecting to the `afterSignIn` URL instead.
(This notice only appears in development) @ https://healthy-snipe-46.clerk.accounts.dev/npm/@clerk/clerk-js@5.127.1/dist/ui-common_clerk.browser_9854dd_5.127.1.js:4
[    5363ms] [INFO] 🔒 Clerk:
The <SignIn/> component cannot render when a user is already signed in, unless the application allows multiple sessions. Since a user is signed in and this application only allows a single session, Clerk is redirecting to the `afterSignIn` URL instead.
(This notice only appears in development) @ https://healthy-snipe-46.clerk.accounts.dev/npm/@clerk/clerk-js@5.127.1/dist/ui-common_clerk.browser_9854dd_5.127.1.js:4
[    5374ms] [INFO] 🔒 Clerk:
The <SignIn/> component cannot render when a user is already signed in, unless the application allows multiple sessions. Since a user is signed in and this application only allows a single session, Clerk is redirecting to the `afterSignIn` URL instead.
(This notice only appears in development) @ https://healthy-snipe-46.clerk.accounts.dev/npm/@clerk/clerk-js@5.127.1/dist/ui-common_clerk.browser_9854dd_5.127.1.js:4
[    5385ms] [INFO] 🔒 Clerk:
The <SignIn/> component cannot render when a user is already signed in, unless the application allows multiple sessions. Since a user is signed in and this application only allows a single session, Clerk is redirecting to the `afterSignIn` URL instead.
(This notice only appears in development) @ https://healthy-snipe-46.clerk.accounts.dev/npm/@clerk/clerk-js@5.127.1/dist/ui-common_clerk.browser_9854dd_5.127.1.js:4
[    5396ms] [INFO] 🔒 Clerk:
The <SignIn/> component cannot render when a user is already signed in, unless the application allows multiple sessions. Since a user is signed in and this application only allows a single session, Clerk is redirecting to the `afterSignIn` URL instead.
(This notice only appears in development) @ https://healthy-snipe-46.clerk.accounts.dev/npm/@clerk/clerk-js@5.127.1/dist/ui-common_clerk.browser_9854dd_5.127.1.js:4
[    5405ms] [INFO] 🔒 Clerk:
The <SignIn/> component cannot render when a user is already signed in, unless the application allows multiple sessions. Since a user is signed in and this application only allows a single session, Clerk is redirecting to the `afterSignIn` URL instead.
(This notice only appears in development) @ https://healthy-snipe-46.clerk.accounts.dev/npm/@clerk/clerk-js@5.127.1/dist/ui-common_clerk.browser_9854dd_5.127.1.js:4
[    5416ms] [INFO] 🔒 Clerk:
The <SignIn/> component cannot render when a user is already signed in, unless the application allows multiple sessions. Since a user is signed in and this application only allows a single session, Clerk is redirecting to the `afterSignIn` URL instead.
(This notice only appears in development) @ https://healthy-snipe-46.clerk.accounts.dev/npm/@clerk/clerk-js@5.127.1/dist/ui-common_clerk.browser_9854dd_5.127.1.js:4
[    5425ms] [INFO] 🔒 Clerk:
The <SignIn/> component cannot render when a user is already signed in, unless the application allows multiple sessions. Since a user is signed in and this application only allows a single session, Clerk is redirecting to the `afterSignIn` URL instead.
(This notice only appears in development) @ https://healthy-snipe-46.clerk.accounts.dev/npm/@clerk/clerk-js@5.127.1/dist/ui-common_clerk.browser_9854dd_5.127.1.js:4
[    5436ms] [INFO] 🔒 Clerk:
The <SignIn/> component cannot render when a user is already signed in, unless the application allows multiple sessions. Since a user is signed in and this application only allows a single session, Clerk is redirecting to the `afterSignIn` URL instead.
(This notice only appears in development) @ https://healthy-snipe-46.clerk.accounts.dev/npm/@clerk/clerk-js@5.127.1/dist/ui-common_clerk.browser_9854dd_5.127.1.js:4
[    5445ms] [INFO] 🔒 Clerk:
The <SignIn/> component cannot render when a user is already signed in, unless the application allows multiple sessions. Since a user is signed in and this application only allows a single session, Clerk is redirecting to the `afterSignIn` URL instead.
(This notice only appears in development) @ https://healthy-snipe-46.clerk.accounts.dev/npm/@clerk/clerk-js@5.127.1/dist/ui-common_clerk.browser_9854dd_5.127.1.js:4
[    5459ms] [INFO] 🔒 Clerk:
The <SignIn/> component cannot render when a user is already signed in, unless the application allows multiple sessions. Since a user is signed in and this application only allows a single session, Clerk is redirecting to the `afterSignIn` URL instead.
(This notice only appears in development) @ https://healthy-snipe-46.clerk.accounts.dev/npm/@clerk/clerk-js@5.127.1/dist/ui-common_clerk.browser_9854dd_5.127.1.js:4
[    5468ms] [INFO] 🔒 Clerk:
The <SignIn/> component cannot render when a user is already signed in, unless the application allows multiple sessions. Since a user is signed in and this application only allows a single session, Clerk is redirecting to the `afterSignIn` URL instead.
(This notice only appears in development) @ https://healthy-snipe-46.clerk.accounts.dev/npm/@clerk/clerk-js@5.127.1/dist/ui-common_clerk.browser_9854dd_5.127.1.js:4
[    5479ms] [INFO] 🔒 Clerk:
The <SignIn/> component cannot render when a user is already signed in, unless the application allows multiple sessions. Since a user is signed in and this application only allows a single session, Clerk is redirecting to the `afterSignIn` URL instead.
(This notice only appears in development) @ https://healthy-snipe-46.clerk.accounts.dev/npm/@clerk/clerk-js@5.127.1/dist/ui-common_clerk.browser_9854dd_5.127.1.js:4
[    5490ms] [INFO] 🔒 Clerk:
The <SignIn/> component cannot render when a user is already signed in, unless the application allows multiple sessions. Since a user is signed in and this application only allows a single session, Clerk is redirecting to the `afterSignIn` URL instead.
(This notice only appears in development) @ https://healthy-snipe-46.clerk.accounts.dev/npm/@clerk/clerk-js@5.127.1/dist/ui-common_clerk.browser_9854dd_5.127.1.js:4
[    5497ms] [INFO] 🔒 Clerk:
The <SignIn/> component cannot render when a user is already signed in, unless the application allows multiple sessions. Since a user is signed in and this application only allows a single session, Clerk is redirecting to the `afterSignIn` URL instead.
(This notice only appears in development) @ https://healthy-snipe-46.clerk.accounts.dev/npm/@clerk/clerk-js@5.127.1/dist/ui-common_clerk.browser_9854dd_5.127.1.js:4
[    5506ms] [INFO] 🔒 Clerk:
The <SignIn/> component cannot render when a user is already signed in, unless the application allows multiple sessions. Since a user is signed in and this application only allows a single session, Clerk is redirecting to the `afterSignIn` URL instead.
(This notice only appears in development) @ https://healthy-snipe-46.clerk.accounts.dev/npm/@clerk/clerk-js@5.127.1/dist/ui-common_clerk.browser_9854dd_5.127.1.js:4
[    5514ms] [INFO] 🔒 Clerk:
The <SignIn/> component cannot render when a user is already signed in, unless the application allows multiple sessions. Since a user is signed in and this application only allows a single session, Clerk is redirecting to the `afterSignIn` URL instead.
(This notice only appears in development) @ https://healthy-snipe-46.clerk.accounts.dev/npm/@clerk/clerk-js@5.127.1/dist/ui-common_clerk.browser_9854dd_5.127.1.js:4
[    5525ms] [INFO] 🔒 Clerk:
The <SignIn/> component cannot render when a user is already signed in, unless the application allows multiple sessions. Since a user is signed in and this application only allows a single session, Clerk is redirecting to the `afterSignIn` URL instead.
(This notice only appears in development) @ https://healthy-snipe-46.clerk.accounts.dev/npm/@clerk/clerk-js@5.127.1/dist/ui-common_clerk.browser_9854dd_5.127.1.js:4
[    5532ms] [INFO] 🔒 Clerk:
The <SignIn/> component cannot render when a user is already signed in, unless the application allows multiple sessions. Since a user is signed in and this application only allows a single session, Clerk is redirecting to the `afterSignIn` URL instead.
(This notice only appears in development) @ https://healthy-snipe-46.clerk.accounts.dev/npm/@clerk/clerk-js@5.127.1/dist/ui-common_clerk.browser_9854dd_5.127.1.js:4
[    5543ms] [INFO] 🔒 Clerk:
The <SignIn/> component cannot render when a user is already signed in, unless the application allows multiple sessions. Since a user is signed in and this application only allows a single session, Clerk is redirecting to the `afterSignIn` URL instead.
(This notice only appears in development) @ https://healthy-snipe-46.clerk.accounts.dev/npm/@clerk/clerk-js@5.127.1/dist/ui-common_clerk.browser_9854dd_5.127.1.js:4
[    5552ms] [INFO] 🔒 Clerk:
The <SignIn/> component cannot render when a user is already signed in, unless the application allows multiple sessions. Since a user is signed in and this application only allows a single session, Clerk is redirecting to the `afterSignIn` URL instead.
(This notice only appears in development) @ https://healthy-snipe-46.clerk.accounts.dev/npm/@clerk/clerk-js@5.127.1/dist/ui-common_clerk.browser_9854dd_5.127.1.js:4
[    5562ms] [INFO] 🔒 Clerk:
The <SignIn/> component cannot render when a user is already signed in, unless the application allows multiple sessions. Since a user is signed in and this application only allows a single session, Clerk is redirecting to the `afterSignIn` URL instead.
(This notice only appears in development) @ https://healthy-snipe-46.clerk.accounts.dev/npm/@clerk/clerk-js@5.127.1/dist/ui-common_clerk.browser_9854dd_5.127.1.js:4
[    5576ms] [INFO] 🔒 Clerk:
The <SignIn/> component cannot render when a user is already signed in, unless the application allows multiple sessions. Since a user is signed in and this application only allows a single session, Clerk is redirecting to the `afterSignIn` URL instead.
(This notice only appears in development) @ https://healthy-snipe-46.clerk.accounts.dev/npm/@clerk/clerk-js@5.127.1/dist/ui-common_clerk.browser_9854dd_5.127.1.js:4
[    5592ms] [INFO] 🔒 Clerk:
The <SignIn/> component cannot render when a user is already signed in, unless the application allows multiple sessions. Since a user is signed in and this application only allows a single session, Clerk is redirecting to the `afterSignIn` URL instead.
(This notice only appears in development) @ https://healthy-snipe-46.clerk.accounts.dev/npm/@clerk/clerk-js@5.127.1/dist/ui-common_clerk.browser_9854dd_5.127.1.js:4
[    5602ms] [INFO] 🔒 Clerk:
The <SignIn/> component cannot render when a user is already signed in, unless the application allows multiple sessions. Since a user is signed in and this application only allows a single session, Clerk is redirecting to the `afterSignIn` URL instead.
(This notice only appears in development) @ https://healthy-snipe-46.clerk.accounts.dev/npm/@clerk/clerk-js@5.127.1/dist/ui-common_clerk.browser_9854dd_5.127.1.js:4
[    5614ms] [INFO] 🔒 Clerk:
The <SignIn/> component cannot render when a user is already signed in, unless the application allows multiple sessions. Since a user is signed in and this application only allows a single session, Clerk is redirecting to the `afterSignIn` URL instead.
(This notice only appears in development) @ https://healthy-snipe-46.clerk.accounts.dev/npm/@clerk/clerk-js@5.127.1/dist/ui-common_clerk.browser_9854dd_5.127.1.js:4
[    5628ms] [INFO] 🔒 Clerk:
The <SignIn/> component cannot render when a user is already signed in, unless the application allows multiple sessions. Since a user is signed in and this application only allows a single session, Clerk is redirecting to the `afterSignIn` URL instead.
(This notice only appears in development) @ https://healthy-snipe-46.clerk.accounts.dev/npm/@clerk/clerk-js@5.127.1/dist/ui-common_clerk.browser_9854dd_5.127.1.js:4
[    5640ms] [INFO] 🔒 Clerk:
The <SignIn/> component cannot render when a user is already signed in, unless the application allows multiple sessions. Since a user is signed in and this application only allows a single session, Clerk is redirecting to the `afterSignIn` URL instead.
(This notice only appears in development) @ https://healthy-snipe-46.clerk.accounts.dev/npm/@clerk/clerk-js@5.127.1/dist/ui-common_clerk.browser_9854dd_5.127.1.js:4
[    5649ms] [INFO] 🔒 Clerk:
The <SignIn/> component cannot render when a user is already signed in, unless the application allows multiple sessions. Since a user is signed in and this application only allows a single session, Clerk is redirecting to the `afterSignIn` URL instead.
(This notice only appears in development) @ https://healthy-snipe-46.clerk.accounts.dev/npm/@clerk/clerk-js@5.127.1/dist/ui-common_clerk.browser_9854dd_5.127.1.js:4
[    5659ms] [INFO] 🔒 Clerk:
The <SignIn/> component cannot render when a user is already signed in, unless the application allows multiple sessions. Since a user is signed in and this application only allows a single session, Clerk is redirecting to the `afterSignIn` URL instead.
(This notice only appears in development) @ https://healthy-snipe-46.clerk.accounts.dev/npm/@clerk/clerk-js@5.127.1/dist/ui-common_clerk.browser_9854dd_5.127.1.js:4
[    5668ms] [INFO] 🔒 Clerk:
The <SignIn/> component cannot render when a user is already signed in, unless the application allows multiple sessions. Since a user is signed in and this application only allows a single session, Clerk is redirecting to the `afterSignIn` URL instead.
(This notice only appears in development) @ https://healthy-snipe-46.clerk.accounts.dev/npm/@clerk/clerk-js@5.127.1/dist/ui-common_clerk.browser_9854dd_5.127.1.js:4
[    5680ms] [INFO] 🔒 Clerk:
The <SignIn/> component cannot render when a user is already signed in, unless the application allows multiple sessions. Since a user is signed in and this application only allows a single session, Clerk is redirecting to the `afterSignIn` URL instead.
(This notice only appears in development) @ https://healthy-snipe-46.clerk.accounts.dev/npm/@clerk/clerk-js@5.127.1/dist/ui-common_clerk.browser_9854dd_5.127.1.js:4
[    5688ms] [INFO] 🔒 Clerk:
The <SignIn/> component cannot render when a user is already signed in, unless the application allows multiple sessions. Since a user is signed in and this application only allows a single session, Clerk is redirecting to the `afterSignIn` URL instead.
(This notice only appears in development) @ https://healthy-snipe-46.clerk.accounts.dev/npm/@clerk/clerk-js@5.127.1/dist/ui-common_clerk.browser_9854dd_5.127.1.js:4
[    5699ms] [INFO] 🔒 Clerk:
The <SignIn/> component cannot render when a user is already signed in, unless the application allows multiple sessions. Since a user is signed in and this application only allows a single session, Clerk is redirecting to the `afterSignIn` URL instead.
(This notice only appears in development) @ https://healthy-snipe-46.clerk.accounts.dev/npm/@clerk/clerk-js@5.127.1/dist/ui-common_clerk.browser_9854dd_5.127.1.js:4
[    5708ms] [INFO] 🔒 Clerk:
The <SignIn/> component cannot render when a user is already signed in, unless the application allows multiple sessions. Since a user is signed in and this application only allows a single session, Clerk is redirecting to the `afterSignIn` URL instead.
(This notice only appears in development) @ https://healthy-snipe-46.clerk.accounts.dev/npm/@clerk/clerk-js@5.127.1/dist/ui-common_clerk.browser_9854dd_5.127.1.js:4
[    5719ms] [INFO] 🔒 Clerk:
The <SignIn/> component cannot render when a user is already signed in, unless the application allows multiple sessions. Since a user is signed in and this application only allows a single session, Clerk is redirecting to the `afterSignIn` URL instead.
(This notice only appears in development) @ https://healthy-snipe-46.clerk.accounts.dev/npm/@clerk/clerk-js@5.127.1/dist/ui-common_clerk.browser_9854dd_5.127.1.js:4
[    5731ms] [INFO] 🔒 Clerk:
The <SignIn/> component cannot render when a user is already signed in, unless the application allows multiple sessions. Since a user is signed in and this application only allows a single session, Clerk is redirecting to the `afterSignIn` URL instead.
(This notice only appears in development) @ https://healthy-snipe-46.clerk.accounts.dev/npm/@clerk/clerk-js@5.127.1/dist/ui-common_clerk.browser_9854dd_5.127.1.js:4
[    5743ms] [INFO] 🔒 Clerk:
The <SignIn/> component cannot render when a user is already signed in, unless the application allows multiple sessions. Since a user is signed in and this application only allows a single session, Clerk is redirecting to the `afterSignIn` URL instead.
(This notice only appears in development) @ https://healthy-snipe-46.clerk.accounts.dev/npm/@clerk/clerk-js@5.127.1/dist/ui-common_clerk.browser_9854dd_5.127.1.js:4
[    5754ms] [INFO] 🔒 Clerk:
The <SignIn/> component cannot render when a user is already signed in, unless the application allows multiple sessions. Since a user is signed in and this application only allows a single session, Clerk is redirecting to the `afterSignIn` URL instead.
(This notice only appears in development) @ https://healthy-snipe-46.clerk.accounts.dev/npm/@clerk/clerk-js@5.127.1/dist/ui-common_clerk.browser_9854dd_5.127.1.js:4
[    5763ms] [INFO] 🔒 Clerk:
The <SignIn/> component cannot render when a user is already signed in, unless the application allows multiple sessions. Since a user is signed in and this application only allows a single session, Clerk is redirecting to the `afterSignIn` URL instead.
(This notice only appears in development) @ https://healthy-snipe-46.clerk.accounts.dev/npm/@clerk/clerk-js@5.127.1/dist/ui-common_clerk.browser_9854dd_5.127.1.js:4
[    5772ms] [INFO] 🔒 Clerk:
The <SignIn/> component cannot render when a user is already signed in, unless the application allows multiple sessions. Since a user is signed in and this application only allows a single session, Clerk is redirecting to the `afterSignIn` URL instead.
(This notice only appears in development) @ https://healthy-snipe-46.clerk.accounts.dev/npm/@clerk/clerk-js@5.127.1/dist/ui-common_clerk.browser_9854dd_5.127.1.js:4
[    5781ms] [INFO] 🔒 Clerk:
The <SignIn/> component cannot render when a user is already signed in, unless the application allows multiple sessions. Since a user is signed in and this application only allows a single session, Clerk is redirecting to the `afterSignIn` URL instead.
(This notice only appears in development) @ https://healthy-snipe-46.clerk.accounts.dev/npm/@clerk/clerk-js@5.127.1/dist/ui-common_clerk.browser_9854dd_5.127.1.js:4
[    5791ms] [INFO] 🔒 Clerk:
The <SignIn/> component cannot render when a user is already signed in, unless the application allows multiple sessions. Since a user is signed in and this application only allows a single session, Clerk is redirecting to the `afterSignIn` URL instead.
(This notice only appears in development) @ https://healthy-snipe-46.clerk.accounts.dev/npm/@clerk/clerk-js@5.127.1/dist/ui-common_clerk.browser_9854dd_5.127.1.js:4
[    5800ms] [INFO] 🔒 Clerk:
The <SignIn/> component cannot render when a user is already signed in, unless the application allows multiple sessions. Since a user is signed in and this application only allows a single session, Clerk is redirecting to the `afterSignIn` URL instead.
(This notice only appears in development) @ https://healthy-snipe-46.clerk.accounts.dev/npm/@clerk/clerk-js@5.127.1/dist/ui-common_clerk.browser_9854dd_5.127.1.js:4
[    5808ms] [INFO] 🔒 Clerk:
The <SignIn/> component cannot render when a user is already signed in, unless the application allows multiple sessions. Since a user is signed in and this application only allows a single session, Clerk is redirecting to the `afterSignIn` URL instead.
(This notice only appears in development) @ https://healthy-snipe-46.clerk.accounts.dev/npm/@clerk/clerk-js@5.127.1/dist/ui-common_clerk.browser_9854dd_5.127.1.js:4
[    5816ms] [INFO] 🔒 Clerk:
The <SignIn/> component cannot render when a user is already signed in, unless the application allows multiple sessions. Since a user is signed in and this application only allows a single session, Clerk is redirecting to the `afterSignIn` URL instead.
(This notice only appears in development) @ https://healthy-snipe-46.clerk.accounts.dev/npm/@clerk/clerk-js@5.127.1/dist/ui-common_clerk.browser_9854dd_5.127.1.js:4
[    5827ms] [INFO] 🔒 Clerk:
The <SignIn/> component cannot render when a user is already signed in, unless the application allows multiple sessions. Since a user is signed in and this application only allows a single session, Clerk is redirecting to the `afterSignIn` URL instead.
(This notice only appears in development) @ https://healthy-snipe-46.clerk.accounts.dev/npm/@clerk/clerk-js@5.127.1/dist/ui-common_clerk.browser_9854dd_5.127.1.js:4
[    5835ms] [INFO] 🔒 Clerk:
The <SignIn/> component cannot render when a user is already signed in, unless the application allows multiple sessions. Since a user is signed in and this application only allows a single session, Clerk is redirecting to the `afterSignIn` URL instead.
(This notice only appears in development) @ https://healthy-snipe-46.clerk.accounts.dev/npm/@clerk/clerk-js@5.127.1/dist/ui-common_clerk.browser_9854dd_5.127.1.js:4
[    5846ms] [INFO] 🔒 Clerk:
The <SignIn/> component cannot render when a user is already signed in, unless the application allows multiple sessions. Since a user is signed in and this application only allows a single session, Clerk is redirecting to the `afterSignIn` URL instead.
(This notice only appears in development) @ https://healthy-snipe-46.clerk.accounts.dev/npm/@clerk/clerk-js@5.127.1/dist/ui-common_clerk.browser_9854dd_5.127.1.js:4
[    5856ms] [INFO] 🔒 Clerk:
The <SignIn/> component cannot render when a user is already signed in, unless the application allows multiple sessions. Since a user is signed in and this application only allows a single session, Clerk is redirecting to the `afterSignIn` URL instead.
(This notice only appears in development) @ https://healthy-snipe-46.clerk.accounts.dev/npm/@clerk/clerk-js@5.127.1/dist/ui-common_clerk.browser_9854dd_5.127.1.js:4
[    5866ms] [INFO] 🔒 Clerk:
The <SignIn/> component cannot render when a user is already signed in, unless the application allows multiple sessions. Since a user is signed in and this application only allows a single session, Clerk is redirecting to the `afterSignIn` URL instead.
(This notice only appears in development) @ https://healthy-snipe-46.clerk.accounts.dev/npm/@clerk/clerk-js@5.127.1/dist/ui-common_clerk.browser_9854dd_5.127.1.js:4
[    5875ms] [INFO] 🔒 Clerk:
The <SignIn/> component cannot render when a user is already signed in, unless the application allows multiple sessions. Since a user is signed in and this application only allows a single session, Clerk is redirecting to the `afterSignIn` URL instead.
(This notice only appears in development) @ https://healthy-snipe-46.clerk.accounts.dev/npm/@clerk/clerk-js@5.127.1/dist/ui-common_clerk.browser_9854dd_5.127.1.js:4
[    5886ms] [INFO] 🔒 Clerk:
The <SignIn/> component cannot render when a user is already signed in, unless the application allows multiple sessions. Since a user is signed in and this application only allows a single session, Clerk is redirecting to the `afterSignIn` URL instead.
(This notice only appears in development) @ https://healthy-snipe-46.clerk.accounts.dev/npm/@clerk/clerk-js@5.127.1/dist/ui-common_clerk.browser_9854dd_5.127.1.js:4
[    5895ms] [INFO] 🔒 Clerk:
The <SignIn/> component cannot render when a user is already signed in, unless the application allows multiple sessions. Since a user is signed in and this application only allows a single session, Clerk is redirecting to the `afterSignIn` URL instead.
(This notice only appears in development) @ https://healthy-snipe-46.clerk.accounts.dev/npm/@clerk/clerk-js@5.127.1/dist/ui-common_clerk.browser_9854dd_5.127.1.js:4
[    5906ms] [INFO] 🔒 Clerk:
The <SignIn/> component cannot render when a user is already signed in, unless the application allows multiple sessions. Since a user is signed in and this application only allows a single session, Clerk is redirecting to the `afterSignIn` URL instead.
(This notice only appears in development) @ https://healthy-snipe-46.clerk.accounts.dev/npm/@clerk/clerk-js@5.127.1/dist/ui-common_clerk.browser_9854dd_5.127.1.js:4
[    5915ms] [INFO] 🔒 Clerk:
The <SignIn/> component cannot render when a user is already signed in, unless the application allows multiple sessions. Since a user is signed in and this application only allows a single session, Clerk is redirecting to the `afterSignIn` URL instead.
(This notice only appears in development) @ https://healthy-snipe-46.clerk.accounts.dev/npm/@clerk/clerk-js@5.127.1/dist/ui-common_clerk.browser_9854dd_5.127.1.js:4
[    5926ms] [INFO] 🔒 Clerk:
The <SignIn/> component cannot render when a user is already signed in, unless the application allows multiple sessions. Since a user is signed in and this application only allows a single session, Clerk is redirecting to the `afterSignIn` URL instead.
(This notice only appears in development) @ https://healthy-snipe-46.clerk.accounts.dev/npm/@clerk/clerk-js@5.127.1/dist/ui-common_clerk.browser_9854dd_5.127.1.js:4
[    5936ms] [INFO] 🔒 Clerk:
The <SignIn/> component cannot render when a user is already signed in, unless the application allows multiple sessions. Since a user is signed in and this application only allows a single session, Clerk is redirecting to the `afterSignIn` URL instead.
(This notice only appears in development) @ https://healthy-snipe-46.clerk.accounts.dev/npm/@clerk/clerk-js@5.127.1/dist/ui-common_clerk.browser_9854dd_5.127.1.js:4
[    5947ms] [INFO] 🔒 Clerk:
The <SignIn/> component cannot render when a user is already signed in, unless the application allows multiple sessions. Since a user is signed in and this application only allows a single session, Clerk is redirecting to the `afterSignIn` URL instead.
(This notice only appears in development) @ https://healthy-snipe-46.clerk.accounts.dev/npm/@clerk/clerk-js@5.127.1/dist/ui-common_clerk.browser_9854dd_5.127.1.js:4
[    5957ms] [INFO] 🔒 Clerk:
The <SignIn/> component cannot render when a user is already signed in, unless the application allows multiple sessions. Since a user is signed in and this application only allows a single session, Clerk is redirecting to the `afterSignIn` URL instead.
(This notice only appears in development) @ https://healthy-snipe-46.clerk.accounts.dev/npm/@clerk/clerk-js@5.127.1/dist/ui-common_clerk.browser_9854dd_5.127.1.js:4
[    5966ms] [INFO] 🔒 Clerk:
The <SignIn/> component cannot render when a user is already signed in, unless the application allows multiple sessions. Since a user is signed in and this application only allows a single session, Clerk is redirecting to the `afterSignIn` URL instead.
(This notice only appears in development) @ https://healthy-snipe-46.clerk.accounts.dev/npm/@clerk/clerk-js@5.127.1/dist/ui-common_clerk.browser_9854dd_5.127.1.js:4
[    5977ms] [INFO] 🔒 Clerk:
The <SignIn/> component cannot render when a user is already signed in, unless the application allows multiple sessions. Since a user is signed in and this application only allows a single session, Clerk is redirecting to the `afterSignIn` URL instead.
(This notice only appears in development) @ https://healthy-snipe-46.clerk.accounts.dev/npm/@clerk/clerk-js@5.127.1/dist/ui-common_clerk.browser_9854dd_5.127.1.js:4
[    5985ms] [INFO] 🔒 Clerk:
The <SignIn/> component cannot render when a user is already signed in, unless the application allows multiple sessions. Since a user is signed in and this application only allows a single session, Clerk is redirecting to the `afterSignIn` URL instead.
(This notice only appears in development) @ https://healthy-snipe-46.clerk.accounts.dev/npm/@clerk/clerk-js@5.127.1/dist/ui-common_clerk.browser_9854dd_5.127.1.js:4
[    5997ms] [INFO] 🔒 Clerk:
The <SignIn/> component cannot render when a user is already signed in, unless the application allows multiple sessions. Since a user is signed in and this application only allows a single session, Clerk is redirecting to the `afterSignIn` URL instead.
(This notice only appears in development) @ https://healthy-snipe-46.clerk.accounts.dev/npm/@clerk/clerk-js@5.127.1/dist/ui-common_clerk.browser_9854dd_5.127.1.js:4
[    6005ms] [INFO] 🔒 Clerk:
The <SignIn/> component cannot render when a user is already signed in, unless the application allows multiple sessions. Since a user is signed in and this application only allows a single session, Clerk is redirecting to the `afterSignIn` URL instead.
(This notice only appears in development) @ https://healthy-snipe-46.clerk.accounts.dev/npm/@clerk/clerk-js@5.127.1/dist/ui-common_clerk.browser_9854dd_5.127.1.js:4
[    6015ms] [INFO] 🔒 Clerk:
The <SignIn/> component cannot render when a user is already signed in, unless the application allows multiple sessions. Since a user is signed in and this application only allows a single session, Clerk is redirecting to the `afterSignIn` URL instead.
(This notice only appears in development) @ https://healthy-snipe-46.clerk.accounts.dev/npm/@clerk/clerk-js@5.127.1/dist/ui-common_clerk.browser_9854dd_5.127.1.js:4
[    6025ms] [INFO] 🔒 Clerk:
The <SignIn/> component cannot render when a user is already signed in, unless the application allows multiple sessions. Since a user is signed in and this application only allows a single session, Clerk is redirecting to the `afterSignIn` URL instead.
(This notice only appears in development) @ https://healthy-snipe-46.clerk.accounts.dev/npm/@clerk/clerk-js@5.127.1/dist/ui-common_clerk.browser_9854dd_5.127.1.js:4
[    6036ms] [INFO] 🔒 Clerk:
The <SignIn/> component cannot render when a user is already signed in, unless the application allows multiple sessions. Since a user is signed in and this application only allows a single session, Clerk is redirecting to the `afterSignIn` URL instead.
(This notice only appears in development) @ https://healthy-snipe-46.clerk.accounts.dev/npm/@clerk/clerk-js@5.127.1/dist/ui-common_clerk.browser_9854dd_5.127.1.js:4
[    6051ms] [INFO] 🔒 Clerk:
The <SignIn/> component cannot render when a user is already signed in, unless the application allows multiple sessions. Since a user is signed in and this application only allows a single session, Clerk is redirecting to the `afterSignIn` URL instead.
(This notice only appears in development) @ https://healthy-snipe-46.clerk.accounts.dev/npm/@clerk/clerk-js@5.127.1/dist/ui-common_clerk.browser_9854dd_5.127.1.js:4
[    6063ms] [INFO] 🔒 Clerk:
The <SignIn/> component cannot render when a user is already signed in, unless the application allows multiple sessions. Since a user is signed in and this application only allows a single session, Clerk is redirecting to the `afterSignIn` URL instead.
(This notice only appears in development) @ https://healthy-snipe-46.clerk.accounts.dev/npm/@clerk/clerk-js@5.127.1/dist/ui-common_clerk.browser_9854dd_5.127.1.js:4
[    6071ms] [INFO] 🔒 Clerk:
The <SignIn/> component cannot render when a user is already signed in, unless the application allows multiple sessions. Since a user is signed in and this application only allows a single session, Clerk is redirecting to the `afterSignIn` URL instead.
(This notice only appears in development) @ https://healthy-snipe-46.clerk.accounts.dev/npm/@clerk/clerk-js@5.127.1/dist/ui-common_clerk.browser_9854dd_5.127.1.js:4
[    6081ms] [INFO] 🔒 Clerk:
The <SignIn/> component cannot render when a user is already signed in, unless the application allows multiple sessions. Since a user is signed in and this application only allows a single session, Clerk is redirecting to the `afterSignIn` URL instead.
(This notice only appears in development) @ https://healthy-snipe-46.clerk.accounts.dev/npm/@clerk/clerk-js@5.127.1/dist/ui-common_clerk.browser_9854dd_5.127.1.js:4
[    6089ms] [INFO] 🔒 Clerk:
The <SignIn/> component cannot render when a user is already signed in, unless the application allows multiple sessions. Since a user is signed in and this application only allows a single session, Clerk is redirecting to the `afterSignIn` URL instead.
(This notice only appears in development) @ https://healthy-snipe-46.clerk.accounts.dev/npm/@clerk/clerk-js@5.127.1/dist/ui-common_clerk.browser_9854dd_5.127.1.js:4
[    6100ms] [INFO] 🔒 Clerk:
The <SignIn/> component cannot render when a user is already signed in, unless the application allows multiple sessions. Since a user is signed in and this application only allows a single session, Clerk is redirecting to the `afterSignIn` URL instead.
(This notice only appears in development) @ https://healthy-snipe-46.clerk.accounts.dev/npm/@clerk/clerk-js@5.127.1/dist/ui-common_clerk.browser_9854dd_5.127.1.js:4
[    6107ms] [INFO] 🔒 Clerk:
The <SignIn/> component cannot render when a user is already signed in, unless the application allows multiple sessions. Since a user is signed in and this application only allows a single session, Clerk is redirecting to the `afterSignIn` URL instead.
(This notice only appears in development) @ https://healthy-snipe-46.clerk.accounts.dev/npm/@clerk/clerk-js@5.127.1/dist/ui-common_clerk.browser_9854dd_5.127.1.js:4
[    6119ms] [INFO] 🔒 Clerk:
The <SignIn/> component cannot render when a user is already signed in, unless the application allows multiple sessions. Since a user is signed in and this application only allows a single session, Clerk is redirecting to the `afterSignIn` URL instead.
(This notice only appears in development) @ https://healthy-snipe-46.clerk.accounts.dev/npm/@clerk/clerk-js@5.127.1/dist/ui-common_clerk.browser_9854dd_5.127.1.js:4
[    6130ms] [INFO] 🔒 Clerk:
The <SignIn/> component cannot render when a user is already signed in, unless the application allows multiple sessions. Since a user is signed in and this application only allows a single session, Clerk is redirecting to the `afterSignIn` URL instead.
(This notice only appears in development) @ https://healthy-snipe-46.clerk.accounts.dev/npm/@clerk/clerk-js@5.127.1/dist/ui-common_clerk.browser_9854dd_5.127.1.js:4
[    6142ms] [INFO] 🔒 Clerk:
The <SignIn/> component cannot render when a user is already signed in, unless the application allows multiple sessions. Since a user is signed in and this application only allows a single session, Clerk is redirecting to the `afterSignIn` URL instead.
(This notice only appears in development) @ https://healthy-snipe-46.clerk.accounts.dev/npm/@clerk/clerk-js@5.127.1/dist/ui-common_clerk.browser_9854dd_5.127.1.js:4
[    6153ms] [INFO] 🔒 Clerk:
The <SignIn/> component cannot render when a user is already signed in, unless the application allows multiple sessions. Since a user is signed in and this application only allows a single session, Clerk is redirecting to the `afterSignIn` URL instead.
(This notice only appears in development) @ https://healthy-snipe-46.clerk.accounts.dev/npm/@clerk/clerk-js@5.127.1/dist/ui-common_clerk.browser_9854dd_5.127.1.js:4
[    6164ms] [INFO] 🔒 Clerk:
The <SignIn/> component cannot render when a user is already signed in, unless the application allows multiple sessions. Since a user is signed in and this application only allows a single session, Clerk is redirecting to the `afterSignIn` URL instead.
(This notice only appears in development) @ https://healthy-snipe-46.clerk.accounts.dev/npm/@clerk/clerk-js@5.127.1/dist/ui-common_clerk.browser_9854dd_5.127.1.js:4
[    6173ms] [INFO] 🔒 Clerk:
The <SignIn/> component cannot render when a user is already signed in, unless the application allows multiple sessions. Since a user is signed in and this application only allows a single session, Clerk is redirecting to the `afterSignIn` URL instead.
(This notice only appears in development) @ https://healthy-snipe-46.clerk.accounts.dev/npm/@clerk/clerk-js@5.127.1/dist/ui-common_clerk.browser_9854dd_5.127.1.js:4
[    6182ms] [INFO] 🔒 Clerk:
The <SignIn/> component cannot render when a user is already signed in, unless the application allows multiple sessions. Since a user is signed in and this application only allows a single session, Clerk is redirecting to the `afterSignIn` URL instead.
(This notice only appears in development) @ https://healthy-snipe-46.clerk.accounts.dev/npm/@clerk/clerk-js@5.127.1/dist/ui-common_clerk.browser_9854dd_5.127.1.js:4
[    6192ms] [INFO] 🔒 Clerk:
The <SignIn/> component cannot render when a user is already signed in, unless the application allows multiple sessions. Since a user is signed in and this application only allows a single session, Clerk is redirecting to the `afterSignIn` URL instead.
(This notice only appears in development) @ https://healthy-snipe-46.clerk.accounts.dev/npm/@clerk/clerk-js@5.127.1/dist/ui-common_clerk.browser_9854dd_5.127.1.js:4
[    6201ms] [INFO] 🔒 Clerk:
The <SignIn/> component cannot render when a user is already signed in, unless the application allows multiple sessions. Since a user is signed in and this application only allows a single session, Clerk is redirecting to the `afterSignIn` URL instead.
(This notice only appears in development) @ https://healthy-snipe-46.clerk.accounts.dev/npm/@clerk/clerk-js@5.127.1/dist/ui-common_clerk.browser_9854dd_5.127.1.js:4
[    6210ms] [INFO] 🔒 Clerk:
The <SignIn/> component cannot render when a user is already signed in, unless the application allows multiple sessions. Since a user is signed in and this application only allows a single session, Clerk is redirecting to the `afterSignIn` URL instead.
(This notice only appears in development) @ https://healthy-snipe-46.clerk.accounts.dev/npm/@clerk/clerk-js@5.127.1/dist/ui-common_clerk.browser_9854dd_5.127.1.js:4
[    6218ms] [INFO] 🔒 Clerk:
The <SignIn/> component cannot render when a user is already signed in, unless the application allows multiple sessions. Since a user is signed in and this application only allows a single session, Clerk is redirecting to the `afterSignIn` URL instead.
(This notice only appears in development) @ https://healthy-snipe-46.clerk.accounts.dev/npm/@clerk/clerk-js@5.127.1/dist/ui-common_clerk.browser_9854dd_5.127.1.js:4
[    6228ms] [INFO] 🔒 Clerk:
The <SignIn/> component cannot render when a user is already signed in, unless the application allows multiple sessions. Since a user is signed in and this application only allows a single session, Clerk is redirecting to the `afterSignIn` URL instead.
(This notice only appears in development) @ https://healthy-snipe-46.clerk.accounts.dev/npm/@clerk/clerk-js@5.127.1/dist/ui-common_clerk.browser_9854dd_5.127.1.js:4
[    6236ms] [INFO] 🔒 Clerk:
The <SignIn/> component cannot render when a user is already signed in, unless the application allows multiple sessions. Since a user is signed in and this application only allows a single session, Clerk is redirecting to the `afterSignIn` URL instead.
(This notice only appears in development) @ https://healthy-snipe-46.clerk.accounts.dev/npm/@clerk/clerk-js@5.127.1/dist/ui-common_clerk.browser_9854dd_5.127.1.js:4
[    6248ms] [INFO] 🔒 Clerk:
The <SignIn/> component cannot render when a user is already signed in, unless the application allows multiple sessions. Since a user is signed in and this application only allows a single session, Clerk is redirecting to the `afterSignIn` URL instead.
(This notice only appears in development) @ https://healthy-snipe-46.clerk.accounts.dev/npm/@clerk/clerk-js@5.127.1/dist/ui-common_clerk.browser_9854dd_5.127.1.js:4
[    6258ms] [INFO] 🔒 Clerk:
The <SignIn/> component cannot render when a user is already signed in, unless the application allows multiple sessions. Since a user is signed in and this application only allows a single session, Clerk is redirecting to the `afterSignIn` URL instead.
(This notice only appears in development) @ https://healthy-snipe-46.clerk.accounts.dev/npm/@clerk/clerk-js@5.127.1/dist/ui-common_clerk.browser_9854dd_5.127.1.js:4
[    6266ms] [INFO] 🔒 Clerk:
The <SignIn/> component cannot render when a user is already signed in, unless the application allows multiple sessions. Since a user is signed in and this application only allows a single session, Clerk is redirecting to the `afterSignIn` URL instead.
(This notice only appears in development) @ https://healthy-snipe-46.clerk.accounts.dev/npm/@clerk/clerk-js@5.127.1/dist/ui-common_clerk.browser_9854dd_5.127.1.js:4
[    6275ms] [INFO] 🔒 Clerk:
The <SignIn/> component cannot render when a user is already signed in, unless the application allows multiple sessions. Since a user is signed in and this application only allows a single session, Clerk is redirecting to the `afterSignIn` URL instead.
(This notice only appears in development) @ https://healthy-snipe-46.clerk.accounts.dev/npm/@clerk/clerk-js@5.127.1/dist/ui-common_clerk.browser_9854dd_5.127.1.js:4
[    6283ms] [INFO] 🔒 Clerk:
The <SignIn/> component cannot render when a user is already signed in, unless the application allows multiple sessions. Since a user is signed in and this application only allows a single session, Clerk is redirecting to the `afterSignIn` URL instead.
(This notice only appears in development) @ https://healthy-snipe-46.clerk.accounts.dev/npm/@clerk/clerk-js@5.127.1/dist/ui-common_clerk.browser_9854dd_5.127.1.js:4
[    6293ms] [INFO] 🔒 Clerk:
The <SignIn/> component cannot render when a user is already signed in, unless the application allows multiple sessions. Since a user is signed in and this application only allows a single session, Clerk is redirecting to the `afterSignIn` URL instead.
(This notice only appears in development) @ https://healthy-snipe-46.clerk.accounts.dev/npm/@clerk/clerk-js@5.127.1/dist/ui-common_clerk.browser_9854dd_5.127.1.js:4
[    6301ms] [INFO] 🔒 Clerk:
The <SignIn/> component cannot render when a user is already signed in, unless the application allows multiple sessions. Since a user is signed in and this application only allows a single session, Clerk is redirecting to the `afterSignIn` URL instead.
(This notice only appears in development) @ https://healthy-snipe-46.clerk.accounts.dev/npm/@clerk/clerk-js@5.127.1/dist/ui-common_clerk.browser_9854dd_5.127.1.js:4
[    6311ms] [INFO] 🔒 Clerk:
The <SignIn/> component cannot render when a user is already signed in, unless the application allows multiple sessions. Since a user is signed in and this application only allows a single session, Clerk is redirecting to the `afterSignIn` URL instead.
(This notice only appears in development) @ https://healthy-snipe-46.clerk.accounts.dev/npm/@clerk/clerk-js@5.127.1/dist/ui-common_clerk.browser_9854dd_5.127.1.js:4
[    6321ms] [INFO] 🔒 Clerk:
The <SignIn/> component cannot render when a user is already signed in, unless the application allows multiple sessions. Since a user is signed in and this application only allows a single session, Clerk is redirecting to the `afterSignIn` URL instead.
(This notice only appears in development) @ https://healthy-snipe-46.clerk.accounts.dev/npm/@clerk/clerk-js@5.127.1/dist/ui-common_clerk.browser_9854dd_5.127.1.js:4
[    6330ms] [INFO] 🔒 Clerk:
The <SignIn/> component cannot render when a user is already signed in, unless the application allows multiple sessions. Since a user is signed in and this application only allows a single session, Clerk is redirecting to the `afterSignIn` URL instead.
(This notice only appears in development) @ https://healthy-snipe-46.clerk.accounts.dev/npm/@clerk/clerk-js@5.127.1/dist/ui-common_clerk.browser_9854dd_5.127.1.js:4
[    6339ms] [INFO] 🔒 Clerk:
The <SignIn/> component cannot render when a user is already signed in, unless the application allows multiple sessions. Since a user is signed in and this application only allows a single session, Clerk is redirecting to the `afterSignIn` URL instead.
(This notice only appears in development) @ https://healthy-snipe-46.clerk.accounts.dev/npm/@clerk/clerk-js@5.127.1/dist/ui-common_clerk.browser_9854dd_5.127.1.js:4
[    6348ms] [INFO] 🔒 Clerk:
The <SignIn/> component cannot render when a user is already signed in, unless the application allows multiple sessions. Since a user is signed in and this application only allows a single session, Clerk is redirecting to the `afterSignIn` URL instead.
(This notice only appears in development) @ https://healthy-snipe-46.clerk.accounts.dev/npm/@clerk/clerk-js@5.127.1/dist/ui-common_clerk.browser_9854dd_5.127.1.js:4
[    6360ms] [INFO] 🔒 Clerk:
The <SignIn/> component cannot render when a user is already signed in, unless the application allows multiple sessions. Since a user is signed in and this application only allows a single session, Clerk is redirecting to the `afterSignIn` URL instead.
(This notice only appears in development) @ https://healthy-snipe-46.clerk.accounts.dev/npm/@clerk/clerk-js@5.127.1/dist/ui-common_clerk.browser_9854dd_5.127.1.js:4
[    6372ms] [INFO] 🔒 Clerk:
The <SignIn/> component cannot render when a user is already signed in, unless the application allows multiple sessions. Since a user is signed in and this application only allows a single session, Clerk is redirecting to the `afterSignIn` URL instead.
(This notice only appears in development) @ https://healthy-snipe-46.clerk.accounts.dev/npm/@clerk/clerk-js@5.127.1/dist/ui-common_clerk.browser_9854dd_5.127.1.js:4
[    6381ms] [INFO] 🔒 Clerk:
The <SignIn/> component cannot render when a user is already signed in, unless the application allows multiple sessions. Since a user is signed in and this application only allows a single session, Clerk is redirecting to the `afterSignIn` URL instead.
(This notice only appears in development) @ https://healthy-snipe-46.clerk.accounts.dev/npm/@clerk/clerk-js@5.127.1/dist/ui-common_clerk.browser_9854dd_5.127.1.js:4
[    6390ms] [INFO] 🔒 Clerk:
The <SignIn/> component cannot render when a user is already signed in, unless the application allows multiple sessions. Since a user is signed in and this application only allows a single session, Clerk is redirecting to the `afterSignIn` URL instead.
(This notice only appears in development) @ https://healthy-snipe-46.clerk.accounts.dev/npm/@clerk/clerk-js@5.127.1/dist/ui-common_clerk.browser_9854dd_5.127.1.js:4
[    6400ms] [INFO] 🔒 Clerk:
The <SignIn/> component cannot render when a user is already signed in, unless the application allows multiple sessions. Since a user is signed in and this application only allows a single session, Clerk is redirecting to the `afterSignIn` URL instead.
(This notice only appears in development) @ https://healthy-snipe-46.clerk.accounts.dev/npm/@clerk/clerk-js@5.127.1/dist/ui-common_clerk.browser_9854dd_5.127.1.js:4
[    6411ms] [INFO] 🔒 Clerk:
The <SignIn/> component cannot render when a user is already signed in, unless the application allows multiple sessions. Since a user is signed in and this application only allows a single session, Clerk is redirecting to the `afterSignIn` URL instead.
(This notice only appears in development) @ https://healthy-snipe-46.clerk.accounts.dev/npm/@clerk/clerk-js@5.127.1/dist/ui-common_clerk.browser_9854dd_5.127.1.js:4
[    6420ms] [INFO] 🔒 Clerk:
The <SignIn/> component cannot render when a user is already signed in, unless the application allows multiple sessions. Since a user is signed in and this application only allows a single session, Clerk is redirecting to the `afterSignIn` URL instead.
(This notice only appears in development) @ https://healthy-snipe-46.clerk.accounts.dev/npm/@clerk/clerk-js@5.127.1/dist/ui-common_clerk.browser_9854dd_5.127.1.js:4
[    6431ms] [INFO] 🔒 Clerk:
The <SignIn/> component cannot render when a user is already signed in, unless the application allows multiple sessions. Since a user is signed in and this application only allows a single session, Clerk is redirecting to the `afterSignIn` URL instead.
(This notice only appears in development) @ https://healthy-snipe-46.clerk.accounts.dev/npm/@clerk/clerk-js@5.127.1/dist/ui-common_clerk.browser_9854dd_5.127.1.js:4
[    6456ms] [INFO] 🔒 Clerk:
The <SignIn/> component cannot render when a user is already signed in, unless the application allows multiple sessions. Since a user is signed in and this application only allows a single session, Clerk is redirecting to the `afterSignIn` URL instead.
(This notice only appears in development) @ https://healthy-snipe-46.clerk.accounts.dev/npm/@clerk/clerk-js@5.127.1/dist/ui-common_clerk.browser_9854dd_5.127.1.js:4
[    6470ms] [INFO] 🔒 Clerk:
The <SignIn/> component cannot render when a user is already signed in, unless the application allows multiple sessions. Since a user is signed in and this application only allows a single session, Clerk is redirecting to the `afterSignIn` URL instead.
(This notice only appears in development) @ https://healthy-snipe-46.clerk.accounts.dev/npm/@clerk/clerk-js@5.127.1/dist/ui-common_clerk.browser_9854dd_5.127.1.js:4
[    6481ms] [INFO] 🔒 Clerk:
The <SignIn/> component cannot render when a user is already signed in, unless the application allows multiple sessions. Since a user is signed in and this application only allows a single session, Clerk is redirecting to the `afterSignIn` URL instead.
(This notice only appears in development) @ https://healthy-snipe-46.clerk.accounts.dev/npm/@clerk/clerk-js@5.127.1/dist/ui-common_clerk.browser_9854dd_5.127.1.js:4
[    6490ms] [INFO] 🔒 Clerk:
The <SignIn/> component cannot render when a user is already signed in, unless the application allows multiple sessions. Since a user is signed in and this application only allows a single session, Clerk is redirecting to the `afterSignIn` URL instead.
(This notice only appears in development) @ https://healthy-snipe-46.clerk.accounts.dev/npm/@clerk/clerk-js@5.127.1/dist/ui-common_clerk.browser_9854dd_5.127.1.js:4
[    6501ms] [INFO] 🔒 Clerk:
The <SignIn/> component cannot render when a user is already signed in, unless the application allows multiple sessions. Since a user is signed in and this application only allows a single session, Clerk is redirecting to the `afterSignIn` URL instead.
(This notice only appears in development) @ https://healthy-snipe-46.clerk.accounts.dev/npm/@clerk/clerk-js@5.127.1/dist/ui-common_clerk.browser_9854dd_5.127.1.js:4
[    6510ms] [INFO] 🔒 Clerk:
The <SignIn/> component cannot render when a user is already signed in, unless the application allows multiple sessions. Since a user is signed in and this application only allows a single session, Clerk is redirecting to the `afterSignIn` URL instead.
(This notice only appears in development) @ https://healthy-snipe-46.clerk.accounts.dev/npm/@clerk/clerk-js@5.127.1/dist/ui-common_clerk.browser_9854dd_5.127.1.js:4
[    6522ms] [INFO] 🔒 Clerk:
The <SignIn/> component cannot render when a user is already signed in, unless the application allows multiple sessions. Since a user is signed in and this application only allows a single session, Clerk is redirecting to the `afterSignIn` URL instead.
(This notice only appears in development) @ https://healthy-snipe-46.clerk.accounts.dev/npm/@clerk/clerk-js@5.127.1/dist/ui-common_clerk.browser_9854dd_5.127.1.js:4
[    6535ms] [INFO] 🔒 Clerk:
The <SignIn/> component cannot render when a user is already signed in, unless the application allows multiple sessions. Since a user is signed in and this application only allows a single session, Clerk is redirecting to the `afterSignIn` URL instead.
(This notice only appears in development) @ https://healthy-snipe-46.clerk.accounts.dev/npm/@clerk/clerk-js@5.127.1/dist/ui-common_clerk.browser_9854dd_5.127.1.js:4
[    6547ms] [INFO] 🔒 Clerk:
The <SignIn/> component cannot render when a user is already signed in, unless the application allows multiple sessions. Since a user is signed in and this application only allows a single session, Clerk is redirecting to the `afterSignIn` URL instead.
(This notice only appears in development) @ https://healthy-snipe-46.clerk.accounts.dev/npm/@clerk/clerk-js@5.127.1/dist/ui-common_clerk.browser_9854dd_5.127.1.js:4
[    6562ms] [INFO] 🔒 Clerk:
The <SignIn/> component cannot render when a user is already signed in, unless the application allows multiple sessions. Since a user is signed in and this application only allows a single session, Clerk is redirecting to the `afterSignIn` URL instead.
(This notice only appears in development) @ https://healthy-snipe-46.clerk.accounts.dev/npm/@clerk/clerk-js@5.127.1/dist/ui-common_clerk.browser_9854dd_5.127.1.js:4
[    6576ms] [INFO] 🔒 Clerk:
The <SignIn/> component cannot render when a user is already signed in, unless the application allows multiple sessions. Since a user is signed in and this application only allows a single session, Clerk is redirecting to the `afterSignIn` URL instead.
(This notice only appears in development) @ https://healthy-snipe-46.clerk.accounts.dev/npm/@clerk/clerk-js@5.127.1/dist/ui-common_clerk.browser_9854dd_5.127.1.js:4
[    6590ms] [INFO] 🔒 Clerk:
The <SignIn/> component cannot render when a user is already signed in, unless the application allows multiple sessions. Since a user is signed in and this application only allows a single session, Clerk is redirecting to the `afterSignIn` URL instead.
(This notice only appears in development) @ https://healthy-snipe-46.clerk.accounts.dev/npm/@clerk/clerk-js@5.127.1/dist/ui-common_clerk.browser_9854dd_5.127.1.js:4
[    6599ms] [INFO] 🔒 Clerk:
The <SignIn/> component cannot render when a user is already signed in, unless the application allows multiple sessions. Since a user is signed in and this application only allows a single session, Clerk is redirecting to the `afterSignIn` URL instead.
(This notice only appears in development) @ https://healthy-snipe-46.clerk.accounts.dev/npm/@clerk/clerk-js@5.127.1/dist/ui-common_clerk.browser_9854dd_5.127.1.js:4
[    6610ms] [INFO] 🔒 Clerk:
The <SignIn/> component cannot render when a user is already signed in, unless the application allows multiple sessions. Since a user is signed in and this application only allows a single session, Clerk is redirecting to the `afterSignIn` URL instead.
(This notice only appears in development) @ https://healthy-snipe-46.clerk.accounts.dev/npm/@clerk/clerk-js@5.127.1/dist/ui-common_clerk.browser_9854dd_5.127.1.js:4
[    6617ms] [INFO] 🔒 Clerk:
The <SignIn/> component cannot render when a user is already signed in, unless the application allows multiple sessions. Since a user is signed in and this application only allows a single session, Clerk is redirecting to the `afterSignIn` URL instead.
(This notice only appears in development) @ https://healthy-snipe-46.clerk.accounts.dev/npm/@clerk/clerk-js@5.127.1/dist/ui-common_clerk.browser_9854dd_5.127.1.js:4
[    6628ms] [INFO] 🔒 Clerk:
The <SignIn/> component cannot render when a user is already signed in, unless the application allows multiple sessions. Since a user is signed in and this application only allows a single session, Clerk is redirecting to the `afterSignIn` URL instead.
(This notice only appears in development) @ https://healthy-snipe-46.clerk.accounts.dev/npm/@clerk/clerk-js@5.127.1/dist/ui-common_clerk.browser_9854dd_5.127.1.js:4
[    6636ms] [INFO] 🔒 Clerk:
The <SignIn/> component cannot render when a user is already signed in, unless the application allows multiple sessions. Since a user is signed in and this application only allows a single session, Clerk is redirecting to the `afterSignIn` URL instead.
(This notice only appears in development) @ https://healthy-snipe-46.clerk.accounts.dev/npm/@clerk/clerk-js@5.127.1/dist/ui-common_clerk.browser_9854dd_5.127.1.js:4
[    6647ms] [INFO] 🔒 Clerk:
The <SignIn/> component cannot render when a user is already signed in, unless the application allows multiple sessions. Since a user is signed in and this application only allows a single session, Clerk is redirecting to the `afterSignIn` URL instead.
(This notice only appears in development) @ https://healthy-snipe-46.clerk.accounts.dev/npm/@clerk/clerk-js@5.127.1/dist/ui-common_clerk.browser_9854dd_5.127.1.js:4
[    6657ms] [INFO] 🔒 Clerk:
The <SignIn/> component cannot render when a user is already signed in, unless the application allows multiple sessions. Since a user is signed in and this application only allows a single session, Clerk is redirecting to the `afterSignIn` URL instead.
(This notice only appears in development) @ https://healthy-snipe-46.clerk.accounts.dev/npm/@clerk/clerk-js@5.127.1/dist/ui-common_clerk.browser_9854dd_5.127.1.js:4
[    6665ms] [INFO] 🔒 Clerk:
The <SignIn/> component cannot render when a user is already signed in, unless the application allows multiple sessions. Since a user is signed in and this application only allows a single session, Clerk is redirecting to the `afterSignIn` URL instead.
(This notice only appears in development) @ https://healthy-snipe-46.clerk.accounts.dev/npm/@clerk/clerk-js@5.127.1/dist/ui-common_clerk.browser_9854dd_5.127.1.js:4
[    6675ms] [INFO] 🔒 Clerk:
The <SignIn/> component cannot render when a user is already signed in, unless the application allows multiple sessions. Since a user is signed in and this application only allows a single session, Clerk is redirecting to the `afterSignIn` URL instead.
(This notice only appears in development) @ https://healthy-snipe-46.clerk.accounts.dev/npm/@clerk/clerk-js@5.127.1/dist/ui-common_clerk.browser_9854dd_5.127.1.js:4
[    6683ms] [INFO] 🔒 Clerk:
The <SignIn/> component cannot render when a user is already signed in, unless the application allows multiple sessions. Since a user is signed in and this application only allows a single session, Clerk is redirecting to the `afterSignIn` URL instead.
(This notice only appears in development) @ https://healthy-snipe-46.clerk.accounts.dev/npm/@clerk/clerk-js@5.127.1/dist/ui-common_clerk.browser_9854dd_5.127.1.js:4
[    6695ms] [INFO] 🔒 Clerk:
The <SignIn/> component cannot render when a user is already signed in, unless the application allows multiple sessions. Since a user is signed in and this application only allows a single session, Clerk is redirecting to the `afterSignIn` URL instead.
(This notice only appears in development) @ https://healthy-snipe-46.clerk.accounts.dev/npm/@clerk/clerk-js@5.127.1/dist/ui-common_clerk.browser_9854dd_5.127.1.js:4
[    6703ms] [INFO] 🔒 Clerk:
The <SignIn/> component cannot render when a user is already signed in, unless the application allows multiple sessions. Since a user is signed in and this application only allows a single session, Clerk is redirecting to the `afterSignIn` URL instead.
(This notice only appears in development) @ https://healthy-snipe-46.clerk.accounts.dev/npm/@clerk/clerk-js@5.127.1/dist/ui-common_clerk.browser_9854dd_5.127.1.js:4
[    6713ms] [INFO] 🔒 Clerk:
The <SignIn/> component cannot render when a user is already signed in, unless the application allows multiple sessions. Since a user is signed in and this application only allows a single session, Clerk is redirecting to the `afterSignIn` URL instead.
(This notice only appears in development) @ https://healthy-snipe-46.clerk.accounts.dev/npm/@clerk/clerk-js@5.127.1/dist/ui-common_clerk.browser_9854dd_5.127.1.js:4
[    6722ms] [INFO] 🔒 Clerk:
The <SignIn/> component cannot render when a user is already signed in, unless the application allows multiple sessions. Since a user is signed in and this application only allows a single session, Clerk is redirecting to the `afterSignIn` URL instead.
(This notice only appears in development) @ https://healthy-snipe-46.clerk.accounts.dev/npm/@clerk/clerk-js@5.127.1/dist/ui-common_clerk.browser_9854dd_5.127.1.js:4
[    6731ms] [INFO] 🔒 Clerk:
The <SignIn/> component cannot render when a user is already signed in, unless the application allows multiple sessions. Since a user is signed in and this application only allows a single session, Clerk is redirecting to the `afterSignIn` URL instead.
(This notice only appears in development) @ https://healthy-snipe-46.clerk.accounts.dev/npm/@clerk/clerk-js@5.127.1/dist/ui-common_clerk.browser_9854dd_5.127.1.js:4
[    6741ms] [INFO] 🔒 Clerk:
The <SignIn/> component cannot render when a user is already signed in, unless the application allows multiple sessions. Since a user is signed in and this application only allows a single session, Clerk is redirecting to the `afterSignIn` URL instead.
(This notice only appears in development) @ https://healthy-snipe-46.clerk.accounts.dev/npm/@clerk/clerk-js@5.127.1/dist/ui-common_clerk.browser_9854dd_5.127.1.js:4
[    6752ms] [INFO] 🔒 Clerk:
The <SignIn/> component cannot render when a user is already signed in, unless the application allows multiple sessions. Since a user is signed in and this application only allows a single session, Clerk is redirecting to the `afterSignIn` URL instead.
(This notice only appears in development) @ https://healthy-snipe-46.clerk.accounts.dev/npm/@clerk/clerk-js@5.127.1/dist/ui-common_clerk.browser_9854dd_5.127.1.js:4
[    6764ms] [INFO] 🔒 Clerk:
The <SignIn/> component cannot render when a user is already signed in, unless the application allows multiple sessions. Since a user is signed in and this application only allows a single session, Clerk is redirecting to the `afterSignIn` URL instead.
(This notice only appears in development) @ https://healthy-snipe-46.clerk.accounts.dev/npm/@clerk/clerk-js@5.127.1/dist/ui-common_clerk.browser_9854dd_5.127.1.js:4
[    6771ms] [INFO] 🔒 Clerk:
The <SignIn/> component cannot render when a user is already signed in, unless the application allows multiple sessions. Since a user is signed in and this application only allows a single session, Clerk is redirecting to the `afterSignIn` URL instead.
(This notice only appears in development) @ https://healthy-snipe-46.clerk.accounts.dev/npm/@clerk/clerk-js@5.127.1/dist/ui-common_clerk.browser_9854dd_5.127.1.js:4
[    6781ms] [INFO] 🔒 Clerk:
The <SignIn/> component cannot render when a user is already signed in, unless the application allows multiple sessions. Since a user is signed in and this application only allows a single session, Clerk is redirecting to the `afterSignIn` URL instead.
(This notice only appears in development) @ https://healthy-snipe-46.clerk.accounts.dev/npm/@clerk/clerk-js@5.127.1/dist/ui-common_clerk.browser_9854dd_5.127.1.js:4
[    6789ms] [INFO] 🔒 Clerk:
The <SignIn/> component cannot render when a user is already signed in, unless the application allows multiple sessions. Since a user is signed in and this application only allows a single session, Clerk is redirecting to the `afterSignIn` URL instead.
(This notice only appears in development) @ https://healthy-snipe-46.clerk.accounts.dev/npm/@clerk/clerk-js@5.127.1/dist/ui-common_clerk.browser_9854dd_5.127.1.js:4
[    6798ms] [INFO] 🔒 Clerk:
The <SignIn/> component cannot render when a user is already signed in, unless the application allows multiple sessions. Since a user is signed in and this application only allows a single session, Clerk is redirecting to the `afterSignIn` URL instead.
(This notice only appears in development) @ https://healthy-snipe-46.clerk.accounts.dev/npm/@clerk/clerk-js@5.127.1/dist/ui-common_clerk.browser_9854dd_5.127.1.js:4
[    6806ms] [INFO] 🔒 Clerk:
The <SignIn/> component cannot render when a user is already signed in, unless the application allows multiple sessions. Since a user is signed in and this application only allows a single session, Clerk is redirecting to the `afterSignIn` URL instead.
(This notice only appears in development) @ https://healthy-snipe-46.clerk.accounts.dev/npm/@clerk/clerk-js@5.127.1/dist/ui-common_clerk.browser_9854dd_5.127.1.js:4
[    6816ms] [INFO] 🔒 Clerk:
The <SignIn/> component cannot render when a user is already signed in, unless the application allows multiple sessions. Since a user is signed in and this application only allows a single session, Clerk is redirecting to the `afterSignIn` URL instead.
(This notice only appears in development) @ https://healthy-snipe-46.clerk.accounts.dev/npm/@clerk/clerk-js@5.127.1/dist/ui-common_clerk.browser_9854dd_5.127.1.js:4
[    6828ms] [INFO] 🔒 Clerk:
The <SignIn/> component cannot render when a user is already signed in, unless the application allows multiple sessions. Since a user is signed in and this application only allows a single session, Clerk is redirecting to the `afterSignIn` URL instead.
(This notice only appears in development) @ https://healthy-snipe-46.clerk.accounts.dev/npm/@clerk/clerk-js@5.127.1/dist/ui-common_clerk.browser_9854dd_5.127.1.js:4
[    6837ms] [INFO] 🔒 Clerk:
The <SignIn/> component cannot render when a user is already signed in, unless the application allows multiple sessions. Since a user is signed in and this application only allows a single session, Clerk is redirecting to the `afterSignIn` URL instead.
(This notice only appears in development) @ https://healthy-snipe-46.clerk.accounts.dev/npm/@clerk/clerk-js@5.127.1/dist/ui-common_clerk.browser_9854dd_5.127.1.js:4
[    6848ms] [INFO] 🔒 Clerk:
The <SignIn/> component cannot render when a user is already signed in, unless the application allows multiple sessions. Since a user is signed in and this application only allows a single session, Clerk is redirecting to the `afterSignIn` URL instead.
(This notice only appears in development) @ https://healthy-snipe-46.clerk.accounts.dev/npm/@clerk/clerk-js@5.127.1/dist/ui-common_clerk.browser_9854dd_5.127.1.js:4
[    6855ms] [INFO] 🔒 Clerk:
The <SignIn/> component cannot render when a user is already signed in, unless the application allows multiple sessions. Since a user is signed in and this application only allows a single session, Clerk is redirecting to the `afterSignIn` URL instead.
(This notice only appears in development) @ https://healthy-snipe-46.clerk.accounts.dev/npm/@clerk/clerk-js@5.127.1/dist/ui-common_clerk.browser_9854dd_5.127.1.js:4
[    6867ms] [INFO] 🔒 Clerk:
The <SignIn/> component cannot render when a user is already signed in, unless the application allows multiple sessions. Since a user is signed in and this application only allows a single session, Clerk is redirecting to the `afterSignIn` URL instead.
(This notice only appears in development) @ https://healthy-snipe-46.clerk.accounts.dev/npm/@clerk/clerk-js@5.127.1/dist/ui-common_clerk.browser_9854dd_5.127.1.js:4
[    6874ms] [INFO] 🔒 Clerk:
The <SignIn/> component cannot render when a user is already signed in, unless the application allows multiple sessions. Since a user is signed in and this application only allows a single session, Clerk is redirecting to the `afterSignIn` URL instead.
(This notice only appears in development) @ https://healthy-snipe-46.clerk.accounts.dev/npm/@clerk/clerk-js@5.127.1/dist/ui-common_clerk.browser_9854dd_5.127.1.js:4
[    6884ms] [INFO] 🔒 Clerk:
The <SignIn/> component cannot render when a user is already signed in, unless the application allows multiple sessions. Since a user is signed in and this application only allows a single session, Clerk is redirecting to the `afterSignIn` URL instead.
(This notice only appears in development) @ https://healthy-snipe-46.clerk.accounts.dev/npm/@clerk/clerk-js@5.127.1/dist/ui-common_clerk.browser_9854dd_5.127.1.js:4
[    6892ms] [INFO] 🔒 Clerk:
The <SignIn/> component cannot render when a user is already signed in, unless the application allows multiple sessions. Since a user is signed in and this application only allows a single session, Clerk is redirecting to the `afterSignIn` URL instead.
(This notice only appears in development) @ https://healthy-snipe-46.clerk.accounts.dev/npm/@clerk/clerk-js@5.127.1/dist/ui-common_clerk.browser_9854dd_5.127.1.js:4
[    6903ms] [INFO] 🔒 Clerk:
The <SignIn/> component cannot render when a user is already signed in, unless the application allows multiple sessions. Since a user is signed in and this application only allows a single session, Clerk is redirecting to the `afterSignIn` URL instead.
(This notice only appears in development) @ https://healthy-snipe-46.clerk.accounts.dev/npm/@clerk/clerk-js@5.127.1/dist/ui-common_clerk.browser_9854dd_5.127.1.js:4
[    6913ms] [INFO] 🔒 Clerk:
The <SignIn/> component cannot render when a user is already signed in, unless the application allows multiple sessions. Since a user is signed in and this application only allows a single session, Clerk is redirecting to the `afterSignIn` URL instead.
(This notice only appears in development) @ https://healthy-snipe-46.clerk.accounts.dev/npm/@clerk/clerk-js@5.127.1/dist/ui-common_clerk.browser_9854dd_5.127.1.js:4
[    6921ms] [INFO] 🔒 Clerk:
The <SignIn/> component cannot render when a user is already signed in, unless the application allows multiple sessions. Since a user is signed in and this application only allows a single session, Clerk is redirecting to the `afterSignIn` URL instead.
(This notice only appears in development) @ https://healthy-snipe-46.clerk.accounts.dev/npm/@clerk/clerk-js@5.127.1/dist/ui-common_clerk.browser_9854dd_5.127.1.js:4
[    6930ms] [INFO] 🔒 Clerk:
The <SignIn/> component cannot render when a user is already signed in, unless the application allows multiple sessions. Since a user is signed in and this application only allows a single session, Clerk is redirecting to the `afterSignIn` URL instead.
(This notice only appears in development) @ https://healthy-snipe-46.clerk.accounts.dev/npm/@clerk/clerk-js@5.127.1/dist/ui-common_clerk.browser_9854dd_5.127.1.js:4
[    6939ms] [INFO] 🔒 Clerk:
The <SignIn/> component cannot render when a user is already signed in, unless the application allows multiple sessions. Since a user is signed in and this application only allows a single session, Clerk is redirecting to the `afterSignIn` URL instead.
(This notice only appears in development) @ https://healthy-snipe-46.clerk.accounts.dev/npm/@clerk/clerk-js@5.127.1/dist/ui-common_clerk.browser_9854dd_5.127.1.js:4
[    6950ms] [INFO] 🔒 Clerk:
The <SignIn/> component cannot render when a user is already signed in, unless the application allows multiple sessions. Since a user is signed in and this application only allows a single session, Clerk is redirecting to the `afterSignIn` URL instead.
(This notice only appears in development) @ https://healthy-snipe-46.clerk.accounts.dev/npm/@clerk/clerk-js@5.127.1/dist/ui-common_clerk.browser_9854dd_5.127.1.js:4
[    6958ms] [INFO] 🔒 Clerk:
The <SignIn/> component cannot render when a user is already signed in, unless the application allows multiple sessions. Since a user is signed in and this application only allows a single session, Clerk is redirecting to the `afterSignIn` URL instead.
(This notice only appears in development) @ https://healthy-snipe-46.clerk.accounts.dev/npm/@clerk/clerk-js@5.127.1/dist/ui-common_clerk.browser_9854dd_5.127.1.js:4
[    6970ms] [INFO] 🔒 Clerk:
The <SignIn/> component cannot render when a user is already signed in, unless the application allows multiple sessions. Since a user is signed in and this application only allows a single session, Clerk is redirecting to the `afterSignIn` URL instead.
(This notice only appears in development) @ https://healthy-snipe-46.clerk.accounts.dev/npm/@clerk/clerk-js@5.127.1/dist/ui-common_clerk.browser_9854dd_5.127.1.js:4
[    6981ms] [INFO] 🔒 Clerk:
The <SignIn/> component cannot render when a user is already signed in, unless the application allows multiple sessions. Since a user is signed in and this application only allows a single session, Clerk is redirecting to the `afterSignIn` URL instead.
(This notice only appears in development) @ https://healthy-snipe-46.clerk.accounts.dev/npm/@clerk/clerk-js@5.127.1/dist/ui-common_clerk.browser_9854dd_5.127.1.js:4
[    6990ms] [INFO] 🔒 Clerk:
The <SignIn/> component cannot render when a user is already signed in, unless the application allows multiple sessions. Since a user is signed in and this application only allows a single session, Clerk is redirecting to the `afterSignIn` URL instead.
(This notice only appears in development) @ https://healthy-snipe-46.clerk.accounts.dev/npm/@clerk/clerk-js@5.127.1/dist/ui-common_clerk.browser_9854dd_5.127.1.js:4
[    6998ms] [INFO] 🔒 Clerk:
The <SignIn/> component cannot render when a user is already signed in, unless the application allows multiple sessions. Since a user is signed in and this application only allows a single session, Clerk is redirecting to the `afterSignIn` URL instead.
(This notice only appears in development) @ https://healthy-snipe-46.clerk.accounts.dev/npm/@clerk/clerk-js@5.127.1/dist/ui-common_clerk.browser_9854dd_5.127.1.js:4
[    7011ms] [INFO] 🔒 Clerk:
The <SignIn/> component cannot render when a user is already signed in, unless the application allows multiple sessions. Since a user is signed in and this application only allows a single session, Clerk is redirecting to the `afterSignIn` URL instead.
(This notice only appears in development) @ https://healthy-snipe-46.clerk.accounts.dev/npm/@clerk/clerk-js@5.127.1/dist/ui-common_clerk.browser_9854dd_5.127.1.js:4
[    7022ms] [INFO] 🔒 Clerk:
The <SignIn/> component cannot render when a user is already signed in, unless the application allows multiple sessions. Since a user is signed in and this application only allows a single session, Clerk is redirecting to the `afterSignIn` URL instead.
(This notice only appears in development) @ https://healthy-snipe-46.clerk.accounts.dev/npm/@clerk/clerk-js@5.127.1/dist/ui-common_clerk.browser_9854dd_5.127.1.js:4
[    7032ms] [INFO] 🔒 Clerk:
The <SignIn/> component cannot render when a user is already signed in, unless the application allows multiple sessions. Since a user is signed in and this application only allows a single session, Clerk is redirecting to the `afterSignIn` URL instead.
(This notice only appears in development) @ https://healthy-snipe-46.clerk.accounts.dev/npm/@clerk/clerk-js@5.127.1/dist/ui-common_clerk.browser_9854dd_5.127.1.js:4
[    7045ms] [INFO] 🔒 Clerk:
The <SignIn/> component cannot render when a user is already signed in, unless the application allows multiple sessions. Since a user is signed in and this application only allows a single session, Clerk is redirecting to the `afterSignIn` URL instead.
(This notice only appears in development) @ https://healthy-snipe-46.clerk.accounts.dev/npm/@clerk/clerk-js@5.127.1/dist/ui-common_clerk.browser_9854dd_5.127.1.js:4
[    7055ms] [INFO] 🔒 Clerk:
The <SignIn/> component cannot render when a user is already signed in, unless the application allows multiple sessions. Since a user is signed in and this application only allows a single session, Clerk is redirecting to the `afterSignIn` URL instead.
(This notice only appears in development) @ https://healthy-snipe-46.clerk.accounts.dev/npm/@clerk/clerk-js@5.127.1/dist/ui-common_clerk.browser_9854dd_5.127.1.js:4
[    7066ms] [INFO] 🔒 Clerk:
The <SignIn/> component cannot render when a user is already signed in, unless the application allows multiple sessions. Since a user is signed in and this application only allows a single session, Clerk is redirecting to the `afterSignIn` URL instead.
(This notice only appears in development) @ https://healthy-snipe-46.clerk.accounts.dev/npm/@clerk/clerk-js@5.127.1/dist/ui-common_clerk.browser_9854dd_5.127.1.js:4
[    7078ms] [INFO] 🔒 Clerk:
The <SignIn/> component cannot render when a user is already signed in, unless the application allows multiple sessions. Since a user is signed in and this application only allows a single session, Clerk is redirecting to the `afterSignIn` URL instead.
(This notice only appears in development) @ https://healthy-snipe-46.clerk.accounts.dev/npm/@clerk/clerk-js@5.127.1/dist/ui-common_clerk.browser_9854dd_5.127.1.js:4
[    7087ms] [INFO] 🔒 Clerk:
The <SignIn/> component cannot render when a user is already signed in, unless the application allows multiple sessions. Since a user is signed in and this application only allows a single session, Clerk is redirecting to the `afterSignIn` URL instead.
(This notice only appears in development) @ https://healthy-snipe-46.clerk.accounts.dev/npm/@clerk/clerk-js@5.127.1/dist/ui-common_clerk.browser_9854dd_5.127.1.js:4
[    7097ms] [INFO] 🔒 Clerk:
The <SignIn/> component cannot render when a user is already signed in, unless the application allows multiple sessions. Since a user is signed in and this application only allows a single session, Clerk is redirecting to the `afterSignIn` URL instead.
(This notice only appears in development) @ https://healthy-snipe-46.clerk.accounts.dev/npm/@clerk/clerk-js@5.127.1/dist/ui-common_clerk.browser_9854dd_5.127.1.js:4
[    7107ms] [INFO] 🔒 Clerk:
The <SignIn/> component cannot render when a user is already signed in, unless the application allows multiple sessions. Since a user is signed in and this application only allows a single session, Clerk is redirecting to the `afterSignIn` URL instead.
(This notice only appears in development) @ https://healthy-snipe-46.clerk.accounts.dev/npm/@clerk/clerk-js@5.127.1/dist/ui-common_clerk.browser_9854dd_5.127.1.js:4
[    7115ms] [INFO] 🔒 Clerk:
The <SignIn/> component cannot render when a user is already signed in, unless the application allows multiple sessions. Since a user is signed in and this application only allows a single session, Clerk is redirecting to the `afterSignIn` URL instead.
(This notice only appears in development) @ https://healthy-snipe-46.clerk.accounts.dev/npm/@clerk/clerk-js@5.127.1/dist/ui-common_clerk.browser_9854dd_5.127.1.js:4
[    7129ms] [INFO] 🔒 Clerk:
The <SignIn/> component cannot render when a user is already signed in, unless the application allows multiple sessions. Since a user is signed in and this application only allows a single session, Clerk is redirecting to the `afterSignIn` URL instead.
(This notice only appears in development) @ https://healthy-snipe-46.clerk.accounts.dev/npm/@clerk/clerk-js@5.127.1/dist/ui-common_clerk.browser_9854dd_5.127.1.js:4
[    7139ms] [INFO] 🔒 Clerk:
The <SignIn/> component cannot render when a user is already signed in, unless the application allows multiple sessions. Since a user is signed in and this application only allows a single session, Clerk is redirecting to the `afterSignIn` URL instead.
(This notice only appears in development) @ https://healthy-snipe-46.clerk.accounts.dev/npm/@clerk/clerk-js@5.127.1/dist/ui-common_clerk.browser_9854dd_5.127.1.js:4
[    7151ms] [INFO] 🔒 Clerk:
The <SignIn/> component cannot render when a user is already signed in, unless the application allows multiple sessions. Since a user is signed in and this application only allows a single session, Clerk is redirecting to the `afterSignIn` URL instead.
(This notice only appears in development) @ https://healthy-snipe-46.clerk.accounts.dev/npm/@clerk/clerk-js@5.127.1/dist/ui-common_clerk.browser_9854dd_5.127.1.js:4
[    7164ms] [INFO] 🔒 Clerk:
The <SignIn/> component cannot render when a user is already signed in, unless the application allows multiple sessions. Since a user is signed in and this application only allows a single session, Clerk is redirecting to the `afterSignIn` URL instead.
(This notice only appears in development) @ https://healthy-snipe-46.clerk.accounts.dev/npm/@clerk/clerk-js@5.127.1/dist/ui-common_clerk.browser_9854dd_5.127.1.js:4
[    7174ms] [INFO] 🔒 Clerk:
The <SignIn/> component cannot render when a user is already signed in, unless the application allows multiple sessions. Since a user is signed in and this application only allows a single session, Clerk is redirecting to the `afterSignIn` URL instead.
(This notice only appears in development) @ https://healthy-snipe-46.clerk.accounts.dev/npm/@clerk/clerk-js@5.127.1/dist/ui-common_clerk.browser_9854dd_5.127.1.js:4
[    7187ms] [INFO] 🔒 Clerk:
The <SignIn/> component cannot render when a user is already signed in, unless the application allows multiple sessions. Since a user is signed in and this application only allows a single session, Clerk is redirecting to the `afterSignIn` URL instead.
(This notice only appears in development) @ https://healthy-snipe-46.clerk.accounts.dev/npm/@clerk/clerk-js@5.127.1/dist/ui-common_clerk.browser_9854dd_5.127.1.js:4
[    7200ms] [INFO] 🔒 Clerk:
The <SignIn/> component cannot render when a user is already signed in, unless the application allows multiple sessions. Since a user is signed in and this application only allows a single session, Clerk is redirecting to the `afterSignIn` URL instead.
(This notice only appears in development) @ https://healthy-snipe-46.clerk.accounts.dev/npm/@clerk/clerk-js@5.127.1/dist/ui-common_clerk.browser_9854dd_5.127.1.js:4
[    7215ms] [INFO] 🔒 Clerk:
The <SignIn/> component cannot render when a user is already signed in, unless the application allows multiple sessions. Since a user is signed in and this application only allows a single session, Clerk is redirecting to the `afterSignIn` URL instead.
(This notice only appears in development) @ https://healthy-snipe-46.clerk.accounts.dev/npm/@clerk/clerk-js@5.127.1/dist/ui-common_clerk.browser_9854dd_5.127.1.js:4
[    7234ms] [INFO] 🔒 Clerk:
The <SignIn/> component cannot render when a user is already signed in, unless the application allows multiple sessions. Since a user is signed in and this application only allows a single session, Clerk is redirecting to the `afterSignIn` URL instead.
(This notice only appears in development) @ https://healthy-snipe-46.clerk.accounts.dev/npm/@clerk/clerk-js@5.127.1/dist/ui-common_clerk.browser_9854dd_5.127.1.js:4
[    7247ms] [INFO] 🔒 Clerk:
The <SignIn/> component cannot render when a user is already signed in, unless the application allows multiple sessions. Since a user is signed in and this application only allows a single session, Clerk is redirecting to the `afterSignIn` URL instead.
(This notice only appears in development) @ https://healthy-snipe-46.clerk.accounts.dev/npm/@clerk/clerk-js@5.127.1/dist/ui-common_clerk.browser_9854dd_5.127.1.js:4
[    7257ms] [INFO] 🔒 Clerk:
The <SignIn/> component cannot render when a user is already signed in, unless the application allows multiple sessions. Since a user is signed in and this application only allows a single session, Clerk is redirecting to the `afterSignIn` URL instead.
(This notice only appears in development) @ https://healthy-snipe-46.clerk.accounts.dev/npm/@clerk/clerk-js@5.127.1/dist/ui-common_clerk.browser_9854dd_5.127.1.js:4
[    7267ms] [INFO] 🔒 Clerk:
The <SignIn/> component cannot render when a user is already signed in, unless the application allows multiple sessions. Since a user is signed in and this application only allows a single session, Clerk is redirecting to the `afterSignIn` URL instead.
(This notice only appears in development) @ https://healthy-snipe-46.clerk.accounts.dev/npm/@clerk/clerk-js@5.127.1/dist/ui-common_clerk.browser_9854dd_5.127.1.js:4
[    7274ms] [INFO] 🔒 Clerk:
The <SignIn/> component cannot render when a user is already signed in, unless the application allows multiple sessions. Since a user is signed in and this application only allows a single session, Clerk is redirecting to the `afterSignIn` URL instead.
(This notice only appears in development) @ https://healthy-snipe-46.clerk.accounts.dev/npm/@clerk/clerk-js@5.127.1/dist/ui-common_clerk.browser_9854dd_5.127.1.js:4
[    7284ms] [INFO] 🔒 Clerk:
The <SignIn/> component cannot render when a user is already signed in, unless the application allows multiple sessions. Since a user is signed in and this application only allows a single session, Clerk is redirecting to the `afterSignIn` URL instead.
(This notice only appears in development) @ https://healthy-snipe-46.clerk.accounts.dev/npm/@clerk/clerk-js@5.127.1/dist/ui-common_clerk.browser_9854dd_5.127.1.js:4
[    7292ms] [INFO] 🔒 Clerk:
The <SignIn/> component cannot render when a user is already signed in, unless the application allows multiple sessions. Since a user is signed in and this application only allows a single session, Clerk is redirecting to the `afterSignIn` URL instead.
(This notice only appears in development) @ https://healthy-snipe-46.clerk.accounts.dev/npm/@clerk/clerk-js@5.127.1/dist/ui-common_clerk.browser_9854dd_5.127.1.js:4
[    7305ms] [INFO] 🔒 Clerk:
The <SignIn/> component cannot render when a user is already signed in, unless the application allows multiple sessions. Since a user is signed in and this application only allows a single session, Clerk is redirecting to the `afterSignIn` URL instead.
(This notice only appears in development) @ https://healthy-snipe-46.clerk.accounts.dev/npm/@clerk/clerk-js@5.127.1/dist/ui-common_clerk.browser_9854dd_5.127.1.js:4
[    7317ms] [INFO] 🔒 Clerk:
The <SignIn/> component cannot render when a user is already signed in, unless the application allows multiple sessions. Since a user is signed in and this application only allows a single session, Clerk is redirecting to the `afterSignIn` URL instead.
(This notice only appears in development) @ https://healthy-snipe-46.clerk.accounts.dev/npm/@clerk/clerk-js@5.127.1/dist/ui-common_clerk.browser_9854dd_5.127.1.js:4
[    7324ms] [INFO] 🔒 Clerk:
The <SignIn/> component cannot render when a user is already signed in, unless the application allows multiple sessions. Since a user is signed in and this application only allows a single session, Clerk is redirecting to the `afterSignIn` URL instead.
(This notice only appears in development) @ https://healthy-snipe-46.clerk.accounts.dev/npm/@clerk/clerk-js@5.127.1/dist/ui-common_clerk.browser_9854dd_5.127.1.js:4
[    7335ms] [INFO] 🔒 Clerk:
The <SignIn/> component cannot render when a user is already signed in, unless the application allows multiple sessions. Since a user is signed in and this application only allows a single session, Clerk is redirecting to the `afterSignIn` URL instead.
(This notice only appears in development) @ https://healthy-snipe-46.clerk.accounts.dev/npm/@clerk/clerk-js@5.127.1/dist/ui-common_clerk.browser_9854dd_5.127.1.js:4
[    7345ms] [INFO] 🔒 Clerk:
The <SignIn/> component cannot render when a user is already signed in, unless the application allows multiple sessions. Since a user is signed in and this application only allows a single session, Clerk is redirecting to the `afterSignIn` URL instead.
(This notice only appears in development) @ https://healthy-snipe-46.clerk.accounts.dev/npm/@clerk/clerk-js@5.127.1/dist/ui-common_clerk.browser_9854dd_5.127.1.js:4
[    7355ms] [INFO] 🔒 Clerk:
The <SignIn/> component cannot render when a user is already signed in, unless the application allows multiple sessions. Since a user is signed in and this application only allows a single session, Clerk is redirecting to the `afterSignIn` URL instead.
(This notice only appears in development) @ https://healthy-snipe-46.clerk.accounts.dev/npm/@clerk/clerk-js@5.127.1/dist/ui-common_clerk.browser_9854dd_5.127.1.js:4
[    7365ms] [INFO] 🔒 Clerk:
The <SignIn/> component cannot render when a user is already signed in, unless the application allows multiple sessions. Since a user is signed in and this application only allows a single session, Clerk is redirecting to the `afterSignIn` URL instead.
(This notice only appears in development) @ https://healthy-snipe-46.clerk.accounts.dev/npm/@clerk/clerk-js@5.127.1/dist/ui-common_clerk.browser_9854dd_5.127.1.js:4
[    7377ms] [INFO] 🔒 Clerk:
The <SignIn/> component cannot render when a user is already signed in, unless the application allows multiple sessions. Since a user is signed in and this application only allows a single session, Clerk is redirecting to the `afterSignIn` URL instead.
(This notice only appears in development) @ https://healthy-snipe-46.clerk.accounts.dev/npm/@clerk/clerk-js@5.127.1/dist/ui-common_clerk.browser_9854dd_5.127.1.js:4
[    7385ms] [INFO] 🔒 Clerk:
The <SignIn/> component cannot render when a user is already signed in, unless the application allows multiple sessions. Since a user is signed in and this application only allows a single session, Clerk is redirecting to the `afterSignIn` URL instead.
(This notice only appears in development) @ https://healthy-snipe-46.clerk.accounts.dev/npm/@clerk/clerk-js@5.127.1/dist/ui-common_clerk.browser_9854dd_5.127.1.js:4
[    7395ms] [INFO] 🔒 Clerk:
The <SignIn/> component cannot render when a user is already signed in, unless the application allows multiple sessions. Since a user is signed in and this application only allows a single session, Clerk is redirecting to the `afterSignIn` URL instead.
(This notice only appears in development) @ https://healthy-snipe-46.clerk.accounts.dev/npm/@clerk/clerk-js@5.127.1/dist/ui-common_clerk.browser_9854dd_5.127.1.js:4
[    7406ms] [INFO] 🔒 Clerk:
The <SignIn/> component cannot render when a user is already signed in, unless the application allows multiple sessions. Since a user is signed in and this application only allows a single session, Clerk is redirecting to the `afterSignIn` URL instead.
(This notice only appears in development) @ https://healthy-snipe-46.clerk.accounts.dev/npm/@clerk/clerk-js@5.127.1/dist/ui-common_clerk.browser_9854dd_5.127.1.js:4
[    7417ms] [INFO] 🔒 Clerk:
The <SignIn/> component cannot render when a user is already signed in, unless the application allows multiple sessions. Since a user is signed in and this application only allows a single session, Clerk is redirecting to the `afterSignIn` URL instead.
(This notice only appears in development) @ https://healthy-snipe-46.clerk.accounts.dev/npm/@clerk/clerk-js@5.127.1/dist/ui-common_clerk.browser_9854dd_5.127.1.js:4
[    7425ms] [INFO] 🔒 Clerk:
The <SignIn/> component cannot render when a user is already signed in, unless the application allows multiple sessions. Since a user is signed in and this application only allows a single session, Clerk is redirecting to the `afterSignIn` URL instead.
(This notice only appears in development) @ https://healthy-snipe-46.clerk.accounts.dev/npm/@clerk/clerk-js@5.127.1/dist/ui-common_clerk.browser_9854dd_5.127.1.js:4
[    7435ms] [INFO] 🔒 Clerk:
The <SignIn/> component cannot render when a user is already signed in, unless the application allows multiple sessions. Since a user is signed in and this application only allows a single session, Clerk is redirecting to the `afterSignIn` URL instead.
(This notice only appears in development) @ https://healthy-snipe-46.clerk.accounts.dev/npm/@clerk/clerk-js@5.127.1/dist/ui-common_clerk.browser_9854dd_5.127.1.js:4
[    7445ms] [INFO] 🔒 Clerk:
The <SignIn/> component cannot render when a user is already signed in, unless the application allows multiple sessions. Since a user is signed in and this application only allows a single session, Clerk is redirecting to the `afterSignIn` URL instead.
(This notice only appears in development) @ https://healthy-snipe-46.clerk.accounts.dev/npm/@clerk/clerk-js@5.127.1/dist/ui-common_clerk.browser_9854dd_5.127.1.js:4
[    7455ms] [INFO] 🔒 Clerk:
The <SignIn/> component cannot render when a user is already signed in, unless the application allows multiple sessions. Since a user is signed in and this application only allows a single session, Clerk is redirecting to the `afterSignIn` URL instead.
(This notice only appears in development) @ https://healthy-snipe-46.clerk.accounts.dev/npm/@clerk/clerk-js@5.127.1/dist/ui-common_clerk.browser_9854dd_5.127.1.js:4
[    7465ms] [INFO] 🔒 Clerk:
The <SignIn/> component cannot render when a user is already signed in, unless the application allows multiple sessions. Since a user is signed in and this application only allows a single session, Clerk is redirecting to the `afterSignIn` URL instead.
(This notice only appears in development) @ https://healthy-snipe-46.clerk.accounts.dev/npm/@clerk/clerk-js@5.127.1/dist/ui-common_clerk.browser_9854dd_5.127.1.js:4
[    7478ms] [INFO] 🔒 Clerk:
The <SignIn/> component cannot render when a user is already signed in, unless the application allows multiple sessions. Since a user is signed in and this application only allows a single session, Clerk is redirecting to the `afterSignIn` URL instead.
(This notice only appears in development) @ https://healthy-snipe-46.clerk.accounts.dev/npm/@clerk/clerk-js@5.127.1/dist/ui-common_clerk.browser_9854dd_5.127.1.js:4
[    7488ms] [INFO] 🔒 Clerk:
The <SignIn/> component cannot render when a user is already signed in, unless the application allows multiple sessions. Since a user is signed in and this application only allows a single session, Clerk is redirecting to the `afterSignIn` URL instead.
(This notice only appears in development) @ https://healthy-snipe-46.clerk.accounts.dev/npm/@clerk/clerk-js@5.127.1/dist/ui-common_clerk.browser_9854dd_5.127.1.js:4
[    7498ms] [INFO] 🔒 Clerk:
The <SignIn/> component cannot render when a user is already signed in, unless the application allows multiple sessions. Since a user is signed in and this application only allows a single session, Clerk is redirecting to the `afterSignIn` URL instead.
(This notice only appears in development) @ https://healthy-snipe-46.clerk.accounts.dev/npm/@clerk/clerk-js@5.127.1/dist/ui-common_clerk.browser_9854dd_5.127.1.js:4
[    7511ms] [INFO] 🔒 Clerk:
The <SignIn/> component cannot render when a user is already signed in, unless the application allows multiple sessions. Since a user is signed in and this application only allows a single session, Clerk is redirecting to the `afterSignIn` URL instead.
(This notice only appears in development) @ https://healthy-snipe-46.clerk.accounts.dev/npm/@clerk/clerk-js@5.127.1/dist/ui-common_clerk.browser_9854dd_5.127.1.js:4
[    7519ms] [INFO] 🔒 Clerk:
The <SignIn/> component cannot render when a user is already signed in, unless the application allows multiple sessions. Since a user is signed in and this application only allows a single session, Clerk is redirecting to the `afterSignIn` URL instead.
(This notice only appears in development) @ https://healthy-snipe-46.clerk.accounts.dev/npm/@clerk/clerk-js@5.127.1/dist/ui-common_clerk.browser_9854dd_5.127.1.js:4
[    7530ms] [INFO] 🔒 Clerk:
The <SignIn/> component cannot render when a user is already signed in, unless the application allows multiple sessions. Since a user is signed in and this application only allows a single session, Clerk is redirecting to the `afterSignIn` URL instead.
(This notice only appears in development) @ https://healthy-snipe-46.clerk.accounts.dev/npm/@clerk/clerk-js@5.127.1/dist/ui-common_clerk.browser_9854dd_5.127.1.js:4
[    7544ms] [INFO] 🔒 Clerk:
The <SignIn/> component cannot render when a user is already signed in, unless the application allows multiple sessions. Since a user is signed in and this application only allows a single session, Clerk is redirecting to the `afterSignIn` URL instead.
(This notice only appears in development) @ https://healthy-snipe-46.clerk.accounts.dev/npm/@clerk/clerk-js@5.127.1/dist/ui-common_clerk.browser_9854dd_5.127.1.js:4
[    7557ms] [INFO] 🔒 Clerk:
The <SignIn/> component cannot render when a user is already signed in, unless the application allows multiple sessions. Since a user is signed in and this application only allows a single session, Clerk is redirecting to the `afterSignIn` URL instead.
(This notice only appears in development) @ https://healthy-snipe-46.clerk.accounts.dev/npm/@clerk/clerk-js@5.127.1/dist/ui-common_clerk.browser_9854dd_5.127.1.js:4
[    7567ms] [INFO] 🔒 Clerk:
The <SignIn/> component cannot render when a user is already signed in, unless the application allows multiple sessions. Since a user is signed in and this application only allows a single session, Clerk is redirecting to the `afterSignIn` URL instead.
(This notice only appears in development) @ https://healthy-snipe-46.clerk.accounts.dev/npm/@clerk/clerk-js@5.127.1/dist/ui-common_clerk.browser_9854dd_5.127.1.js:4
[    7576ms] [INFO] 🔒 Clerk:
The <SignIn/> component cannot render when a user is already signed in, unless the application allows multiple sessions. Since a user is signed in and this application only allows a single session, Clerk is redirecting to the `afterSignIn` URL instead.
(This notice only appears in development) @ https://healthy-snipe-46.clerk.accounts.dev/npm/@clerk/clerk-js@5.127.1/dist/ui-common_clerk.browser_9854dd_5.127.1.js:4
[    7586ms] [INFO] 🔒 Clerk:
The <SignIn/> component cannot render when a user is already signed in, unless the application allows multiple sessions. Since a user is signed in and this application only allows a single session, Clerk is redirecting to the `afterSignIn` URL instead.
(This notice only appears in development) @ https://healthy-snipe-46.clerk.accounts.dev/npm/@clerk/clerk-js@5.127.1/dist/ui-common_clerk.browser_9854dd_5.127.1.js:4
[    7598ms] [INFO] 🔒 Clerk:
The <SignIn/> component cannot render when a user is already signed in, unless the application allows multiple sessions. Since a user is signed in and this application only allows a single session, Clerk is redirecting to the `afterSignIn` URL instead.
(This notice only appears in development) @ https://healthy-snipe-46.clerk.accounts.dev/npm/@clerk/clerk-js@5.127.1/dist/ui-common_clerk.browser_9854dd_5.127.1.js:4
[    7606ms] [INFO] 🔒 Clerk:
The <SignIn/> component cannot render when a user is already signed in, unless the application allows multiple sessions. Since a user is signed in and this application only allows a single session, Clerk is redirecting to the `afterSignIn` URL instead.
(This notice only appears in development) @ https://healthy-snipe-46.clerk.accounts.dev/npm/@clerk/clerk-js@5.127.1/dist/ui-common_clerk.browser_9854dd_5.127.1.js:4
[    7618ms] [INFO] 🔒 Clerk:
The <SignIn/> component cannot render when a user is already signed in, unless the application allows multiple sessions. Since a user is signed in and this application only allows a single session, Clerk is redirecting to the `afterSignIn` URL instead.
(This notice only appears in development) @ https://healthy-snipe-46.clerk.accounts.dev/npm/@clerk/clerk-js@5.127.1/dist/ui-common_clerk.browser_9854dd_5.127.1.js:4
[    7630ms] [INFO] 🔒 Clerk:
The <SignIn/> component cannot render when a user is already signed in, unless the application allows multiple sessions. Since a user is signed in and this application only allows a single session, Clerk is redirecting to the `afterSignIn` URL instead.
(This notice only appears in development) @ https://healthy-snipe-46.clerk.accounts.dev/npm/@clerk/clerk-js@5.127.1/dist/ui-common_clerk.browser_9854dd_5.127.1.js:4
[    7641ms] [INFO] 🔒 Clerk:
The <SignIn/> component cannot render when a user is already signed in, unless the application allows multiple sessions. Since a user is signed in and this application only allows a single session, Clerk is redirecting to the `afterSignIn` URL instead.
(This notice only appears in development) @ https://healthy-snipe-46.clerk.accounts.dev/npm/@clerk/clerk-js@5.127.1/dist/ui-common_clerk.browser_9854dd_5.127.1.js:4
[    7652ms] [INFO] 🔒 Clerk:
The <SignIn/> component cannot render when a user is already signed in, unless the application allows multiple sessions. Since a user is signed in and this application only allows a single session, Clerk is redirecting to the `afterSignIn` URL instead.
(This notice only appears in development) @ https://healthy-snipe-46.clerk.accounts.dev/npm/@clerk/clerk-js@5.127.1/dist/ui-common_clerk.browser_9854dd_5.127.1.js:4
[    7660ms] [INFO] 🔒 Clerk:
The <SignIn/> component cannot render when a user is already signed in, unless the application allows multiple sessions. Since a user is signed in and this application only allows a single session, Clerk is redirecting to the `afterSignIn` URL instead.
(This notice only appears in development) @ https://healthy-snipe-46.clerk.accounts.dev/npm/@clerk/clerk-js@5.127.1/dist/ui-common_clerk.browser_9854dd_5.127.1.js:4
[    7670ms] [INFO] 🔒 Clerk:
The <SignIn/> component cannot render when a user is already signed in, unless the application allows multiple sessions. Since a user is signed in and this application only allows a single session, Clerk is redirecting to the `afterSignIn` URL instead.
(This notice only appears in development) @ https://healthy-snipe-46.clerk.accounts.dev/npm/@clerk/clerk-js@5.127.1/dist/ui-common_clerk.browser_9854dd_5.127.1.js:4
[    7679ms] [INFO] 🔒 Clerk:
The <SignIn/> component cannot render when a user is already signed in, unless the application allows multiple sessions. Since a user is signed in and this application only allows a single session, Clerk is redirecting to the `afterSignIn` URL instead.
(This notice only appears in development) @ https://healthy-snipe-46.clerk.accounts.dev/npm/@clerk/clerk-js@5.127.1/dist/ui-common_clerk.browser_9854dd_5.127.1.js:4
[    7687ms] [INFO] 🔒 Clerk:
The <SignIn/> component cannot render when a user is already signed in, unless the application allows multiple sessions. Since a user is signed in and this application only allows a single session, Clerk is redirecting to the `afterSignIn` URL instead.
(This notice only appears in development) @ https://healthy-snipe-46.clerk.accounts.dev/npm/@clerk/clerk-js@5.127.1/dist/ui-common_clerk.browser_9854dd_5.127.1.js:4
[    7699ms] [INFO] 🔒 Clerk:
The <SignIn/> component cannot render when a user is already signed in, unless the application allows multiple sessions. Since a user is signed in and this application only allows a single session, Clerk is redirecting to the `afterSignIn` URL instead.
(This notice only appears in development) @ https://healthy-snipe-46.clerk.accounts.dev/npm/@clerk/clerk-js@5.127.1/dist/ui-common_clerk.browser_9854dd_5.127.1.js:4
[    7708ms] [INFO] 🔒 Clerk:
The <SignIn/> component cannot render when a user is already signed in, unless the application allows multiple sessions. Since a user is signed in and this application only allows a single session, Clerk is redirecting to the `afterSignIn` URL instead.
(This notice only appears in development) @ https://healthy-snipe-46.clerk.accounts.dev/npm/@clerk/clerk-js@5.127.1/dist/ui-common_clerk.browser_9854dd_5.127.1.js:4
[    7719ms] [INFO] 🔒 Clerk:
The <SignIn/> component cannot render when a user is already signed in, unless the application allows multiple sessions. Since a user is signed in and this application only allows a single session, Clerk is redirecting to the `afterSignIn` URL instead.
(This notice only appears in development) @ https://healthy-snipe-46.clerk.accounts.dev/npm/@clerk/clerk-js@5.127.1/dist/ui-common_clerk.browser_9854dd_5.127.1.js:4
[    7730ms] [INFO] 🔒 Clerk:
The <SignIn/> component cannot render when a user is already signed in, unless the application allows multiple sessions. Since a user is signed in and this application only allows a single session, Clerk is redirecting to the `afterSignIn` URL instead.
(This notice only appears in development) @ https://healthy-snipe-46.clerk.accounts.dev/npm/@clerk/clerk-js@5.127.1/dist/ui-common_clerk.browser_9854dd_5.127.1.js:4
[    7742ms] [INFO] 🔒 Clerk:
The <SignIn/> component cannot render when a user is already signed in, unless the application allows multiple sessions. Since a user is signed in and this application only allows a single session, Clerk is redirecting to the `afterSignIn` URL instead.
(This notice only appears in development) @ https://healthy-snipe-46.clerk.accounts.dev/npm/@clerk/clerk-js@5.127.1/dist/ui-common_clerk.browser_9854dd_5.127.1.js:4
[    7754ms] [INFO] 🔒 Clerk:
The <SignIn/> component cannot render when a user is already signed in, unless the application allows multiple sessions. Since a user is signed in and this application only allows a single session, Clerk is redirecting to the `afterSignIn` URL instead.
(This notice only appears in development) @ https://healthy-snipe-46.clerk.accounts.dev/npm/@clerk/clerk-js@5.127.1/dist/ui-common_clerk.browser_9854dd_5.127.1.js:4
[    7763ms] [INFO] 🔒 Clerk:
The <SignIn/> component cannot render when a user is already signed in, unless the application allows multiple sessions. Since a user is signed in and this application only allows a single session, Clerk is redirecting to the `afterSignIn` URL instead.
(This notice only appears in development) @ https://healthy-snipe-46.clerk.accounts.dev/npm/@clerk/clerk-js@5.127.1/dist/ui-common_clerk.browser_9854dd_5.127.1.js:4
[    7774ms] [INFO] 🔒 Clerk:
The <SignIn/> component cannot render when a user is already signed in, unless the application allows multiple sessions. Since a user is signed in and this application only allows a single session, Clerk is redirecting to the `afterSignIn` URL instead.
(This notice only appears in development) @ https://healthy-snipe-46.clerk.accounts.dev/npm/@clerk/clerk-js@5.127.1/dist/ui-common_clerk.browser_9854dd_5.127.1.js:4
[    7783ms] [INFO] 🔒 Clerk:
The <SignIn/> component cannot render when a user is already signed in, unless the application allows multiple sessions. Since a user is signed in and this application only allows a single session, Clerk is redirecting to the `afterSignIn` URL instead.
(This notice only appears in development) @ https://healthy-snipe-46.clerk.accounts.dev/npm/@clerk/clerk-js@5.127.1/dist/ui-common_clerk.browser_9854dd_5.127.1.js:4
[    7792ms] [INFO] 🔒 Clerk:
The <SignIn/> component cannot render when a user is already signed in, unless the application allows multiple sessions. Since a user is signed in and this application only allows a single session, Clerk is redirecting to the `afterSignIn` URL instead.
(This notice only appears in development) @ https://healthy-snipe-46.clerk.accounts.dev/npm/@clerk/clerk-js@5.127.1/dist/ui-common_clerk.browser_9854dd_5.127.1.js:4
[    7804ms] [INFO] 🔒 Clerk:
The <SignIn/> component cannot render when a user is already signed in, unless the application allows multiple sessions. Since a user is signed in and this application only allows a single session, Clerk is redirecting to the `afterSignIn` URL instead.
(This notice only appears in development) @ https://healthy-snipe-46.clerk.accounts.dev/npm/@clerk/clerk-js@5.127.1/dist/ui-common_clerk.browser_9854dd_5.127.1.js:4
[    7815ms] [INFO] 🔒 Clerk:
The <SignIn/> component cannot render when a user is already signed in, unless the application allows multiple sessions. Since a user is signed in and this application only allows a single session, Clerk is redirecting to the `afterSignIn` URL instead.
(This notice only appears in development) @ https://healthy-snipe-46.clerk.accounts.dev/npm/@clerk/clerk-js@5.127.1/dist/ui-common_clerk.browser_9854dd_5.127.1.js:4
[    7827ms] [INFO] 🔒 Clerk:
The <SignIn/> component cannot render when a user is already signed in, unless the application allows multiple sessions. Since a user is signed in and this application only allows a single session, Clerk is redirecting to the `afterSignIn` URL instead.
(This notice only appears in development) @ https://healthy-snipe-46.clerk.accounts.dev/npm/@clerk/clerk-js@5.127.1/dist/ui-common_clerk.browser_9854dd_5.127.1.js:4
[    7836ms] [INFO] 🔒 Clerk:
The <SignIn/> component cannot render when a user is already signed in, unless the application allows multiple sessions. Since a user is signed in and this application only allows a single session, Clerk is redirecting to the `afterSignIn` URL instead.
(This notice only appears in development) @ https://healthy-snipe-46.clerk.accounts.dev/npm/@clerk/clerk-js@5.127.1/dist/ui-common_clerk.browser_9854dd_5.127.1.js:4
[    7848ms] [INFO] 🔒 Clerk:
The <SignIn/> component cannot render when a user is already signed in, unless the application allows multiple sessions. Since a user is signed in and this application only allows a single session, Clerk is redirecting to the `afterSignIn` URL instead.
(This notice only appears in development) @ https://healthy-snipe-46.clerk.accounts.dev/npm/@clerk/clerk-js@5.127.1/dist/ui-common_clerk.browser_9854dd_5.127.1.js:4
[    7859ms] [INFO] 🔒 Clerk:
The <SignIn/> component cannot render when a user is already signed in, unless the application allows multiple sessions. Since a user is signed in and this application only allows a single session, Clerk is redirecting to the `afterSignIn` URL instead.
(This notice only appears in development) @ https://healthy-snipe-46.clerk.accounts.dev/npm/@clerk/clerk-js@5.127.1/dist/ui-common_clerk.browser_9854dd_5.127.1.js:4
[    7870ms] [INFO] 🔒 Clerk:
The <SignIn/> component cannot render when a user is already signed in, unless the application allows multiple sessions. Since a user is signed in and this application only allows a single session, Clerk is redirecting to the `afterSignIn` URL instead.
(This notice only appears in development) @ https://healthy-snipe-46.clerk.accounts.dev/npm/@clerk/clerk-js@5.127.1/dist/ui-common_clerk.browser_9854dd_5.127.1.js:4
[    7880ms] [INFO] 🔒 Clerk:
The <SignIn/> component cannot render when a user is already signed in, unless the application allows multiple sessions. Since a user is signed in and this application only allows a single session, Clerk is redirecting to the `afterSignIn` URL instead.
(This notice only appears in development) @ https://healthy-snipe-46.clerk.accounts.dev/npm/@clerk/clerk-js@5.127.1/dist/ui-common_clerk.browser_9854dd_5.127.1.js:4
[    7893ms] [INFO] 🔒 Clerk:
The <SignIn/> component cannot render when a user is already signed in, unless the application allows multiple sessions. Since a user is signed in and this application only allows a single session, Clerk is redirecting to the `afterSignIn` URL instead.
(This notice only appears in development) @ https://healthy-snipe-46.clerk.accounts.dev/npm/@clerk/clerk-js@5.127.1/dist/ui-common_clerk.browser_9854dd_5.127.1.js:4
[    7901ms] [INFO] 🔒 Clerk:
The <SignIn/> component cannot render when a user is already signed in, unless the application allows multiple sessions. Since a user is signed in and this application only allows a single session, Clerk is redirecting to the `afterSignIn` URL instead.
(This notice only appears in development) @ https://healthy-snipe-46.clerk.accounts.dev/npm/@clerk/clerk-js@5.127.1/dist/ui-common_clerk.browser_9854dd_5.127.1.js:4
[    7912ms] [INFO] 🔒 Clerk:
The <SignIn/> component cannot render when a user is already signed in, unless the application allows multiple sessions. Since a user is signed in and this application only allows a single session, Clerk is redirecting to the `afterSignIn` URL instead.
(This notice only appears in development) @ https://healthy-snipe-46.clerk.accounts.dev/npm/@clerk/clerk-js@5.127.1/dist/ui-common_clerk.browser_9854dd_5.127.1.js:4
[    7924ms] [INFO] 🔒 Clerk:
The <SignIn/> component cannot render when a user is already signed in, unless the application allows multiple sessions. Since a user is signed in and this application only allows a single session, Clerk is redirecting to the `afterSignIn` URL instead.
(This notice only appears in development) @ https://healthy-snipe-46.clerk.accounts.dev/npm/@clerk/clerk-js@5.127.1/dist/ui-common_clerk.browser_9854dd_5.127.1.js:4
[    7935ms] [INFO] 🔒 Clerk:
The <SignIn/> component cannot render when a user is already signed in, unless the application allows multiple sessions. Since a user is signed in and this application only allows a single session, Clerk is redirecting to the `afterSignIn` URL instead.
(This notice only appears in development) @ https://healthy-snipe-46.clerk.accounts.dev/npm/@clerk/clerk-js@5.127.1/dist/ui-common_clerk.browser_9854dd_5.127.1.js:4
[    7945ms] [INFO] 🔒 Clerk:
The <SignIn/> component cannot render when a user is already signed in, unless the application allows multiple sessions. Since a user is signed in and this application only allows a single session, Clerk is redirecting to the `afterSignIn` URL instead.
(This notice only appears in development) @ https://healthy-snipe-46.clerk.accounts.dev/npm/@clerk/clerk-js@5.127.1/dist/ui-common_clerk.browser_9854dd_5.127.1.js:4
[    7958ms] [INFO] 🔒 Clerk:
The <SignIn/> component cannot render when a user is already signed in, unless the application allows multiple sessions. Since a user is signed in and this application only allows a single session, Clerk is redirecting to the `afterSignIn` URL instead.
(This notice only appears in development) @ https://healthy-snipe-46.clerk.accounts.dev/npm/@clerk/clerk-js@5.127.1/dist/ui-common_clerk.browser_9854dd_5.127.1.js:4
[    7969ms] [INFO] 🔒 Clerk:
The <SignIn/> component cannot render when a user is already signed in, unless the application allows multiple sessions. Since a user is signed in and this application only allows a single session, Clerk is redirecting to the `afterSignIn` URL instead.
(This notice only appears in development) @ https://healthy-snipe-46.clerk.accounts.dev/npm/@clerk/clerk-js@5.127.1/dist/ui-common_clerk.browser_9854dd_5.127.1.js:4
[    7982ms] [INFO] 🔒 Clerk:
The <SignIn/> component cannot render when a user is already signed in, unless the application allows multiple sessions. Since a user is signed in and this application only allows a single session, Clerk is redirecting to the `afterSignIn` URL instead.
(This notice only appears in development) @ https://healthy-snipe-46.clerk.accounts.dev/npm/@clerk/clerk-js@5.127.1/dist/ui-common_clerk.browser_9854dd_5.127.1.js:4
[    7993ms] [INFO] 🔒 Clerk:
The <SignIn/> component cannot render when a user is already signed in, unless the application allows multiple sessions. Since a user is signed in and this application only allows a single session, Clerk is redirecting to the `afterSignIn` URL instead.
(This notice only appears in development) @ https://healthy-snipe-46.clerk.accounts.dev/npm/@clerk/clerk-js@5.127.1/dist/ui-common_clerk.browser_9854dd_5.127.1.js:4
[    8002ms] [INFO] 🔒 Clerk:
The <SignIn/> component cannot render when a user is already signed in, unless the application allows multiple sessions. Since a user is signed in and this application only allows a single session, Clerk is redirecting to the `afterSignIn` URL instead.
(This notice only appears in development) @ https://healthy-snipe-46.clerk.accounts.dev/npm/@clerk/clerk-js@5.127.1/dist/ui-common_clerk.browser_9854dd_5.127.1.js:4
[    8013ms] [INFO] 🔒 Clerk:
The <SignIn/> component cannot render when a user is already signed in, unless the application allows multiple sessions. Since a user is signed in and this application only allows a single session, Clerk is redirecting to the `afterSignIn` URL instead.
(This notice only appears in development) @ https://healthy-snipe-46.clerk.accounts.dev/npm/@clerk/clerk-js@5.127.1/dist/ui-common_clerk.browser_9854dd_5.127.1.js:4
[    8023ms] [INFO] 🔒 Clerk:
The <SignIn/> component cannot render when a user is already signed in, unless the application allows multiple sessions. Since a user is signed in and this application only allows a single session, Clerk is redirecting to the `afterSignIn` URL instead.
(This notice only appears in development) @ https://healthy-snipe-46.clerk.accounts.dev/npm/@clerk/clerk-js@5.127.1/dist/ui-common_clerk.browser_9854dd_5.127.1.js:4
[    8034ms] [INFO] 🔒 Clerk:
The <SignIn/> component cannot render when a user is already signed in, unless the application allows multiple sessions. Since a user is signed in and this application only allows a single session, Clerk is redirecting to the `afterSignIn` URL instead.
(This notice only appears in development) @ https://healthy-snipe-46.clerk.accounts.dev/npm/@clerk/clerk-js@5.127.1/dist/ui-common_clerk.browser_9854dd_5.127.1.js:4
[    8047ms] [INFO] 🔒 Clerk:
The <SignIn/> component cannot render when a user is already signed in, unless the application allows multiple sessions. Since a user is signed in and this application only allows a single session, Clerk is redirecting to the `afterSignIn` URL instead.
(This notice only appears in development) @ https://healthy-snipe-46.clerk.accounts.dev/npm/@clerk/clerk-js@5.127.1/dist/ui-common_clerk.browser_9854dd_5.127.1.js:4
[    8056ms] [INFO] 🔒 Clerk:
The <SignIn/> component cannot render when a user is already signed in, unless the application allows multiple sessions. Since a user is signed in and this application only allows a single session, Clerk is redirecting to the `afterSignIn` URL instead.
(This notice only appears in development) @ https://healthy-snipe-46.clerk.accounts.dev/npm/@clerk/clerk-js@5.127.1/dist/ui-common_clerk.browser_9854dd_5.127.1.js:4
[    8068ms] [INFO] 🔒 Clerk:
The <SignIn/> component cannot render when a user is already signed in, unless the application allows multiple sessions. Since a user is signed in and this application only allows a single session, Clerk is redirecting to the `afterSignIn` URL instead.
(This notice only appears in development) @ https://healthy-snipe-46.clerk.accounts.dev/npm/@clerk/clerk-js@5.127.1/dist/ui-common_clerk.browser_9854dd_5.127.1.js:4
[    8077ms] [INFO] 🔒 Clerk:
The <SignIn/> component cannot render when a user is already signed in, unless the application allows multiple sessions. Since a user is signed in and this application only allows a single session, Clerk is redirecting to the `afterSignIn` URL instead.
(This notice only appears in development) @ https://healthy-snipe-46.clerk.accounts.dev/npm/@clerk/clerk-js@5.127.1/dist/ui-common_clerk.browser_9854dd_5.127.1.js:4
[    8088ms] [INFO] 🔒 Clerk:
The <SignIn/> component cannot render when a user is already signed in, unless the application allows multiple sessions. Since a user is signed in and this application only allows a single session, Clerk is redirecting to the `afterSignIn` URL instead.
(This notice only appears in development) @ https://healthy-snipe-46.clerk.accounts.dev/npm/@clerk/clerk-js@5.127.1/dist/ui-common_clerk.browser_9854dd_5.127.1.js:4
[    8100ms] [INFO] 🔒 Clerk:
The <SignIn/> component cannot render when a user is already signed in, unless the application allows multiple sessions. Since a user is signed in and this application only allows a single session, Clerk is redirecting to the `afterSignIn` URL instead.
(This notice only appears in development) @ https://healthy-snipe-46.clerk.accounts.dev/npm/@clerk/clerk-js@5.127.1/dist/ui-common_clerk.browser_9854dd_5.127.1.js:4
[    8110ms] [INFO] 🔒 Clerk:
The <SignIn/> component cannot render when a user is already signed in, unless the application allows multiple sessions. Since a user is signed in and this application only allows a single session, Clerk is redirecting to the `afterSignIn` URL instead.
(This notice only appears in development) @ https://healthy-snipe-46.clerk.accounts.dev/npm/@clerk/clerk-js@5.127.1/dist/ui-common_clerk.browser_9854dd_5.127.1.js:4
[    8126ms] [INFO] 🔒 Clerk:
The <SignIn/> component cannot render when a user is already signed in, unless the application allows multiple sessions. Since a user is signed in and this application only allows a single session, Clerk is redirecting to the `afterSignIn` URL instead.
(This notice only appears in development) @ https://healthy-snipe-46.clerk.accounts.dev/npm/@clerk/clerk-js@5.127.1/dist/ui-common_clerk.browser_9854dd_5.127.1.js:4
[    8143ms] [INFO] 🔒 Clerk:
The <SignIn/> component cannot render when a user is already signed in, unless the application allows multiple sessions. Since a user is signed in and this application only allows a single session, Clerk is redirecting to the `afterSignIn` URL instead.
(This notice only appears in development) @ https://healthy-snipe-46.clerk.accounts.dev/npm/@clerk/clerk-js@5.127.1/dist/ui-common_clerk.browser_9854dd_5.127.1.js:4
[    8156ms] [INFO] 🔒 Clerk:
The <SignIn/> component cannot render when a user is already signed in, unless the application allows multiple sessions. Since a user is signed in and this application only allows a single session, Clerk is redirecting to the `afterSignIn` URL instead.
(This notice only appears in development) @ https://healthy-snipe-46.clerk.accounts.dev/npm/@clerk/clerk-js@5.127.1/dist/ui-common_clerk.browser_9854dd_5.127.1.js:4
[    8170ms] [INFO] 🔒 Clerk:
The <SignIn/> component cannot render when a user is already signed in, unless the application allows multiple sessions. Since a user is signed in and this application only allows a single session, Clerk is redirecting to the `afterSignIn` URL instead.
(This notice only appears in development) @ https://healthy-snipe-46.clerk.accounts.dev/npm/@clerk/clerk-js@5.127.1/dist/ui-common_clerk.browser_9854dd_5.127.1.js:4
[    8181ms] [INFO] 🔒 Clerk:
The <SignIn/> component cannot render when a user is already signed in, unless the application allows multiple sessions. Since a user is signed in and this application only allows a single session, Clerk is redirecting to the `afterSignIn` URL instead.
(This notice only appears in development) @ https://healthy-snipe-46.clerk.accounts.dev/npm/@clerk/clerk-js@5.127.1/dist/ui-common_clerk.browser_9854dd_5.127.1.js:4
[    8200ms] [INFO] 🔒 Clerk:
The <SignIn/> component cannot render when a user is already signed in, unless the application allows multiple sessions. Since a user is signed in and this application only allows a single session, Clerk is redirecting to the `afterSignIn` URL instead.
(This notice only appears in development) @ https://healthy-snipe-46.clerk.accounts.dev/npm/@clerk/clerk-js@5.127.1/dist/ui-common_clerk.browser_9854dd_5.127.1.js:4
[    8212ms] [INFO] 🔒 Clerk:
The <SignIn/> component cannot render when a user is already signed in, unless the application allows multiple sessions. Since a user is signed in and this application only allows a single session, Clerk is redirecting to the `afterSignIn` URL instead.
(This notice only appears in development) @ https://healthy-snipe-46.clerk.accounts.dev/npm/@clerk/clerk-js@5.127.1/dist/ui-common_clerk.browser_9854dd_5.127.1.js:4
[    8222ms] [INFO] 🔒 Clerk:
The <SignIn/> component cannot render when a user is already signed in, unless the application allows multiple sessions. Since a user is signed in and this application only allows a single session, Clerk is redirecting to the `afterSignIn` URL instead.
(This notice only appears in development) @ https://healthy-snipe-46.clerk.accounts.dev/npm/@clerk/clerk-js@5.127.1/dist/ui-common_clerk.browser_9854dd_5.127.1.js:4
[    8233ms] [INFO] 🔒 Clerk:
The <SignIn/> component cannot render when a user is already signed in, unless the application allows multiple sessions. Since a user is signed in and this application only allows a single session, Clerk is redirecting to the `afterSignIn` URL instead.
(This notice only appears in development) @ https://healthy-snipe-46.clerk.accounts.dev/npm/@clerk/clerk-js@5.127.1/dist/ui-common_clerk.browser_9854dd_5.127.1.js:4
[    8244ms] [INFO] 🔒 Clerk:
The <SignIn/> component cannot render when a user is already signed in, unless the application allows multiple sessions. Since a user is signed in and this application only allows a single session, Clerk is redirecting to the `afterSignIn` URL instead.
(This notice only appears in development) @ https://healthy-snipe-46.clerk.accounts.dev/npm/@clerk/clerk-js@5.127.1/dist/ui-common_clerk.browser_9854dd_5.127.1.js:4
[    8256ms] [INFO] 🔒 Clerk:
The <SignIn/> component cannot render when a user is already signed in, unless the application allows multiple sessions. Since a user is signed in and this application only allows a single session, Clerk is redirecting to the `afterSignIn` URL instead.
(This notice only appears in development) @ https://healthy-snipe-46.clerk.accounts.dev/npm/@clerk/clerk-js@5.127.1/dist/ui-common_clerk.browser_9854dd_5.127.1.js:4
[    8266ms] [INFO] 🔒 Clerk:
The <SignIn/> component cannot render when a user is already signed in, unless the application allows multiple sessions. Since a user is signed in and this application only allows a single session, Clerk is redirecting to the `afterSignIn` URL instead.
(This notice only appears in development) @ https://healthy-snipe-46.clerk.accounts.dev/npm/@clerk/clerk-js@5.127.1/dist/ui-common_clerk.browser_9854dd_5.127.1.js:4
[    8279ms] [INFO] 🔒 Clerk:
The <SignIn/> component cannot render when a user is already signed in, unless the application allows multiple sessions. Since a user is signed in and this application only allows a single session, Clerk is redirecting to the `afterSignIn` URL instead.
(This notice only appears in development) @ https://healthy-snipe-46.clerk.accounts.dev/npm/@clerk/clerk-js@5.127.1/dist/ui-common_clerk.browser_9854dd_5.127.1.js:4
[    8294ms] [INFO] 🔒 Clerk:
The <SignIn/> component cannot render when a user is already signed in, unless the application allows multiple sessions. Since a user is signed in and this application only allows a single session, Clerk is redirecting to the `afterSignIn` URL instead.
(This notice only appears in development) @ https://healthy-snipe-46.clerk.accounts.dev/npm/@clerk/clerk-js@5.127.1/dist/ui-common_clerk.browser_9854dd_5.127.1.js:4
[    8306ms] [INFO] 🔒 Clerk:
The <SignIn/> component cannot render when a user is already signed in, unless the application allows multiple sessions. Since a user is signed in and this application only allows a single session, Clerk is redirecting to the `afterSignIn` URL instead.
(This notice only appears in development) @ https://healthy-snipe-46.clerk.accounts.dev/npm/@clerk/clerk-js@5.127.1/dist/ui-common_clerk.browser_9854dd_5.127.1.js:4
[    8318ms] [INFO] 🔒 Clerk:
The <SignIn/> component cannot render when a user is already signed in, unless the application allows multiple sessions. Since a user is signed in and this application only allows a single session, Clerk is redirecting to the `afterSignIn` URL instead.
(This notice only appears in development) @ https://healthy-snipe-46.clerk.accounts.dev/npm/@clerk/clerk-js@5.127.1/dist/ui-common_clerk.browser_9854dd_5.127.1.js:4
[    8330ms] [INFO] 🔒 Clerk:
The <SignIn/> component cannot render when a user is already signed in, unless the application allows multiple sessions. Since a user is signed in and this application only allows a single session, Clerk is redirecting to the `afterSignIn` URL instead.
(This notice only appears in development) @ https://healthy-snipe-46.clerk.accounts.dev/npm/@clerk/clerk-js@5.127.1/dist/ui-common_clerk.browser_9854dd_5.127.1.js:4
[    8340ms] [INFO] 🔒 Clerk:
The <SignIn/> component cannot render when a user is already signed in, unless the application allows multiple sessions. Since a user is signed in and this application only allows a single session, Clerk is redirecting to the `afterSignIn` URL instead.
(This notice only appears in development) @ https://healthy-snipe-46.clerk.accounts.dev/npm/@clerk/clerk-js@5.127.1/dist/ui-common_clerk.browser_9854dd_5.127.1.js:4
[    8351ms] [INFO] 🔒 Clerk:
The <SignIn/> component cannot render when a user is already signed in, unless the application allows multiple sessions. Since a user is signed in and this application only allows a single session, Clerk is redirecting to the `afterSignIn` URL instead.
(This notice only appears in development) @ https://healthy-snipe-46.clerk.accounts.dev/npm/@clerk/clerk-js@5.127.1/dist/ui-common_clerk.browser_9854dd_5.127.1.js:4
[    8361ms] [INFO] 🔒 Clerk:
The <SignIn/> component cannot render when a user is already signed in, unless the application allows multiple sessions. Since a user is signed in and this application only allows a single session, Clerk is redirecting to the `afterSignIn` URL instead.
(This notice only appears in development) @ https://healthy-snipe-46.clerk.accounts.dev/npm/@clerk/clerk-js@5.127.1/dist/ui-common_clerk.browser_9854dd_5.127.1.js:4
[    8371ms] [INFO] 🔒 Clerk:
The <SignIn/> component cannot render when a user is already signed in, unless the application allows multiple sessions. Since a user is signed in and this application only allows a single session, Clerk is redirecting to the `afterSignIn` URL instead.
(This notice only appears in development) @ https://healthy-snipe-46.clerk.accounts.dev/npm/@clerk/clerk-js@5.127.1/dist/ui-common_clerk.browser_9854dd_5.127.1.js:4
[    8384ms] [INFO] 🔒 Clerk:
The <SignIn/> component cannot render when a user is already signed in, unless the application allows multiple sessions. Since a user is signed in and this application only allows a single session, Clerk is redirecting to the `afterSignIn` URL instead.
(This notice only appears in development) @ https://healthy-snipe-46.clerk.accounts.dev/npm/@clerk/clerk-js@5.127.1/dist/ui-common_clerk.browser_9854dd_5.127.1.js:4
[    8395ms] [INFO] 🔒 Clerk:
The <SignIn/> component cannot render when a user is already signed in, unless the application allows multiple sessions. Since a user is signed in and this application only allows a single session, Clerk is redirecting to the `afterSignIn` URL instead.
(This notice only appears in development) @ https://healthy-snipe-46.clerk.accounts.dev/npm/@clerk/clerk-js@5.127.1/dist/ui-common_clerk.browser_9854dd_5.127.1.js:4
[    8405ms] [INFO] 🔒 Clerk:
The <SignIn/> component cannot render when a user is already signed in, unless the application allows multiple sessions. Since a user is signed in and this application only allows a single session, Clerk is redirecting to the `afterSignIn` URL instead.
(This notice only appears in development) @ https://healthy-snipe-46.clerk.accounts.dev/npm/@clerk/clerk-js@5.127.1/dist/ui-common_clerk.browser_9854dd_5.127.1.js:4
[    8419ms] [INFO] 🔒 Clerk:
The <SignIn/> component cannot render when a user is already signed in, unless the application allows multiple sessions. Since a user is signed in and this application only allows a single session, Clerk is redirecting to the `afterSignIn` URL instead.
(This notice only appears in development) @ https://healthy-snipe-46.clerk.accounts.dev/npm/@clerk/clerk-js@5.127.1/dist/ui-common_clerk.browser_9854dd_5.127.1.js:4
[    8430ms] [INFO] 🔒 Clerk:
The <SignIn/> component cannot render when a user is already signed in, unless the application allows multiple sessions. Since a user is signed in and this application only allows a single session, Clerk is redirecting to the `afterSignIn` URL instead.
(This notice only appears in development) @ https://healthy-snipe-46.clerk.accounts.dev/npm/@clerk/clerk-js@5.127.1/dist/ui-common_clerk.browser_9854dd_5.127.1.js:4
[    8441ms] [INFO] 🔒 Clerk:
The <SignIn/> component cannot render when a user is already signed in, unless the application allows multiple sessions. Since a user is signed in and this application only allows a single session, Clerk is redirecting to the `afterSignIn` URL instead.
(This notice only appears in development) @ https://healthy-snipe-46.clerk.accounts.dev/npm/@clerk/clerk-js@5.127.1/dist/ui-common_clerk.browser_9854dd_5.127.1.js:4
[    8453ms] [INFO] 🔒 Clerk:
The <SignIn/> component cannot render when a user is already signed in, unless the application allows multiple sessions. Since a user is signed in and this application only allows a single session, Clerk is redirecting to the `afterSignIn` URL instead.
(This notice only appears in development) @ https://healthy-snipe-46.clerk.accounts.dev/npm/@clerk/clerk-js@5.127.1/dist/ui-common_clerk.browser_9854dd_5.127.1.js:4
[    8463ms] [INFO] 🔒 Clerk:
The <SignIn/> component cannot render when a user is already signed in, unless the application allows multiple sessions. Since a user is signed in and this application only allows a single session, Clerk is redirecting to the `afterSignIn` URL instead.
(This notice only appears in development) @ https://healthy-snipe-46.clerk.accounts.dev/npm/@clerk/clerk-js@5.127.1/dist/ui-common_clerk.browser_9854dd_5.127.1.js:4
[    8476ms] [INFO] 🔒 Clerk:
The <SignIn/> component cannot render when a user is already signed in, unless the application allows multiple sessions. Since a user is signed in and this application only allows a single session, Clerk is redirecting to the `afterSignIn` URL instead.
(This notice only appears in development) @ https://healthy-snipe-46.clerk.accounts.dev/npm/@clerk/clerk-js@5.127.1/dist/ui-common_clerk.browser_9854dd_5.127.1.js:4
[    8488ms] [INFO] 🔒 Clerk:
The <SignIn/> component cannot render when a user is already signed in, unless the application allows multiple sessions. Since a user is signed in and this application only allows a single session, Clerk is redirecting to the `afterSignIn` URL instead.
(This notice only appears in development) @ https://healthy-snipe-46.clerk.accounts.dev/npm/@clerk/clerk-js@5.127.1/dist/ui-common_clerk.browser_9854dd_5.127.1.js:4
[    8503ms] [INFO] 🔒 Clerk:
The <SignIn/> component cannot render when a user is already signed in, unless the application allows multiple sessions. Since a user is signed in and this application only allows a single session, Clerk is redirecting to the `afterSignIn` URL instead.
(This notice only appears in development) @ https://healthy-snipe-46.clerk.accounts.dev/npm/@clerk/clerk-js@5.127.1/dist/ui-common_clerk.browser_9854dd_5.127.1.js:4
[    8515ms] [INFO] 🔒 Clerk:
The <SignIn/> component cannot render when a user is already signed in, unless the application allows multiple sessions. Since a user is signed in and this application only allows a single session, Clerk is redirecting to the `afterSignIn` URL instead.
(This notice only appears in development) @ https://healthy-snipe-46.clerk.accounts.dev/npm/@clerk/clerk-js@5.127.1/dist/ui-common_clerk.browser_9854dd_5.127.1.js:4
[    8529ms] [INFO] 🔒 Clerk:
The <SignIn/> component cannot render when a user is already signed in, unless the application allows multiple sessions. Since a user is signed in and this application only allows a single session, Clerk is redirecting to the `afterSignIn` URL instead.
(This notice only appears in development) @ https://healthy-snipe-46.clerk.accounts.dev/npm/@clerk/clerk-js@5.127.1/dist/ui-common_clerk.browser_9854dd_5.127.1.js:4
[    8542ms] [INFO] 🔒 Clerk:
The <SignIn/> component cannot render when a user is already signed in, unless the application allows multiple sessions. Since a user is signed in and this application only allows a single session, Clerk is redirecting to the `afterSignIn` URL instead.
(This notice only appears in development) @ https://healthy-snipe-46.clerk.accounts.dev/npm/@clerk/clerk-js@5.127.1/dist/ui-common_clerk.browser_9854dd_5.127.1.js:4
[    8552ms] [INFO] 🔒 Clerk:
The <SignIn/> component cannot render when a user is already signed in, unless the application allows multiple sessions. Since a user is signed in and this application only allows a single session, Clerk is redirecting to the `afterSignIn` URL instead.
(This notice only appears in development) @ https://healthy-snipe-46.clerk.accounts.dev/npm/@clerk/clerk-js@5.127.1/dist/ui-common_clerk.browser_9854dd_5.127.1.js:4
[    8560ms] [INFO] 🔒 Clerk:
The <SignIn/> component cannot render when a user is already signed in, unless the application allows multiple sessions. Since a user is signed in and this application only allows a single session, Clerk is redirecting to the `afterSignIn` URL instead.
(This notice only appears in development) @ https://healthy-snipe-46.clerk.accounts.dev/npm/@clerk/clerk-js@5.127.1/dist/ui-common_clerk.browser_9854dd_5.127.1.js:4
[    8573ms] [INFO] 🔒 Clerk:
The <SignIn/> component cannot render when a user is already signed in, unless the application allows multiple sessions. Since a user is signed in and this application only allows a single session, Clerk is redirecting to the `afterSignIn` URL instead.
(This notice only appears in development) @ https://healthy-snipe-46.clerk.accounts.dev/npm/@clerk/clerk-js@5.127.1/dist/ui-common_clerk.browser_9854dd_5.127.1.js:4
[    8588ms] [INFO] 🔒 Clerk:
The <SignIn/> component cannot render when a user is already signed in, unless the application allows multiple sessions. Since a user is signed in and this application only allows a single session, Clerk is redirecting to the `afterSignIn` URL instead.
(This notice only appears in development) @ https://healthy-snipe-46.clerk.accounts.dev/npm/@clerk/clerk-js@5.127.1/dist/ui-common_clerk.browser_9854dd_5.127.1.js:4
[    8600ms] [INFO] 🔒 Clerk:
The <SignIn/> component cannot render when a user is already signed in, unless the application allows multiple sessions. Since a user is signed in and this application only allows a single session, Clerk is redirecting to the `afterSignIn` URL instead.
(This notice only appears in development) @ https://healthy-snipe-46.clerk.accounts.dev/npm/@clerk/clerk-js@5.127.1/dist/ui-common_clerk.browser_9854dd_5.127.1.js:4
[    8613ms] [INFO] 🔒 Clerk:
The <SignIn/> component cannot render when a user is already signed in, unless the application allows multiple sessions. Since a user is signed in and this application only allows a single session, Clerk is redirecting to the `afterSignIn` URL instead.
(This notice only appears in development) @ https://healthy-snipe-46.clerk.accounts.dev/npm/@clerk/clerk-js@5.127.1/dist/ui-common_clerk.browser_9854dd_5.127.1.js:4
[    8628ms] [INFO] 🔒 Clerk:
The <SignIn/> component cannot render when a user is already signed in, unless the application allows multiple sessions. Since a user is signed in and this application only allows a single session, Clerk is redirecting to the `afterSignIn` URL instead.
(This notice only appears in development) @ https://healthy-snipe-46.clerk.accounts.dev/npm/@clerk/clerk-js@5.127.1/dist/ui-common_clerk.browser_9854dd_5.127.1.js:4
[    8643ms] [INFO] 🔒 Clerk:
The <SignIn/> component cannot render when a user is already signed in, unless the application allows multiple sessions. Since a user is signed in and this application only allows a single session, Clerk is redirecting to the `afterSignIn` URL instead.
(This notice only appears in development) @ https://healthy-snipe-46.clerk.accounts.dev/npm/@clerk/clerk-js@5.127.1/dist/ui-common_clerk.browser_9854dd_5.127.1.js:4
[    8653ms] [INFO] 🔒 Clerk:
The <SignIn/> component cannot render when a user is already signed in, unless the application allows multiple sessions. Since a user is signed in and this application only allows a single session, Clerk is redirecting to the `afterSignIn` URL instead.
(This notice only appears in development) @ https://healthy-snipe-46.clerk.accounts.dev/npm/@clerk/clerk-js@5.127.1/dist/ui-common_clerk.browser_9854dd_5.127.1.js:4
[    8666ms] [INFO] 🔒 Clerk:
The <SignIn/> component cannot render when a user is already signed in, unless the application allows multiple sessions. Since a user is signed in and this application only allows a single session, Clerk is redirecting to the `afterSignIn` URL instead.
(This notice only appears in development) @ https://healthy-snipe-46.clerk.accounts.dev/npm/@clerk/clerk-js@5.127.1/dist/ui-common_clerk.browser_9854dd_5.127.1.js:4
[    8678ms] [INFO] 🔒 Clerk:
The <SignIn/> component cannot render when a user is already signed in, unless the application allows multiple sessions. Since a user is signed in and this application only allows a single session, Clerk is redirecting to the `afterSignIn` URL instead.
(This notice only appears in development) @ https://healthy-snipe-46.clerk.accounts.dev/npm/@clerk/clerk-js@5.127.1/dist/ui-common_clerk.browser_9854dd_5.127.1.js:4
[    8689ms] [INFO] 🔒 Clerk:
The <SignIn/> component cannot render when a user is already signed in, unless the application allows multiple sessions. Since a user is signed in and this application only allows a single session, Clerk is redirecting to the `afterSignIn` URL instead.
(This notice only appears in development) @ https://healthy-snipe-46.clerk.accounts.dev/npm/@clerk/clerk-js@5.127.1/dist/ui-common_clerk.browser_9854dd_5.127.1.js:4
[    8700ms] [INFO] 🔒 Clerk:
The <SignIn/> component cannot render when a user is already signed in, unless the application allows multiple sessions. Since a user is signed in and this application only allows a single session, Clerk is redirecting to the `afterSignIn` URL instead.
(This notice only appears in development) @ https://healthy-snipe-46.clerk.accounts.dev/npm/@clerk/clerk-js@5.127.1/dist/ui-common_clerk.browser_9854dd_5.127.1.js:4
[    8711ms] [INFO] 🔒 Clerk:
The <SignIn/> component cannot render when a user is already signed in, unless the application allows multiple sessions. Since a user is signed in and this application only allows a single session, Clerk is redirecting to the `afterSignIn` URL instead.
(This notice only appears in development) @ https://healthy-snipe-46.clerk.accounts.dev/npm/@clerk/clerk-js@5.127.1/dist/ui-common_clerk.browser_9854dd_5.127.1.js:4
[    8721ms] [INFO] 🔒 Clerk:
The <SignIn/> component cannot render when a user is already signed in, unless the application allows multiple sessions. Since a user is signed in and this application only allows a single session, Clerk is redirecting to the `afterSignIn` URL instead.
(This notice only appears in development) @ https://healthy-snipe-46.clerk.accounts.dev/npm/@clerk/clerk-js@5.127.1/dist/ui-common_clerk.browser_9854dd_5.127.1.js:4
[    8735ms] [INFO] 🔒 Clerk:
The <SignIn/> component cannot render when a user is already signed in, unless the application allows multiple sessions. Since a user is signed in and this application only allows a single session, Clerk is redirecting to the `afterSignIn` URL instead.
(This notice only appears in development) @ https://healthy-snipe-46.clerk.accounts.dev/npm/@clerk/clerk-js@5.127.1/dist/ui-common_clerk.browser_9854dd_5.127.1.js:4
[    8746ms] [INFO] 🔒 Clerk:
The <SignIn/> component cannot render when a user is already signed in, unless the application allows multiple sessions. Since a user is signed in and this application only allows a single session, Clerk is redirecting to the `afterSignIn` URL instead.
(This notice only appears in development) @ https://healthy-snipe-46.clerk.accounts.dev/npm/@clerk/clerk-js@5.127.1/dist/ui-common_clerk.browser_9854dd_5.127.1.js:4
[    8757ms] [INFO] 🔒 Clerk:
The <SignIn/> component cannot render when a user is already signed in, unless the application allows multiple sessions. Since a user is signed in and this application only allows a single session, Clerk is redirecting to the `afterSignIn` URL instead.
(This notice only appears in development) @ https://healthy-snipe-46.clerk.accounts.dev/npm/@clerk/clerk-js@5.127.1/dist/ui-common_clerk.browser_9854dd_5.127.1.js:4
[    8769ms] [INFO] 🔒 Clerk:
The <SignIn/> component cannot render when a user is already signed in, unless the application allows multiple sessions. Since a user is signed in and this application only allows a single session, Clerk is redirecting to the `afterSignIn` URL instead.
(This notice only appears in development) @ https://healthy-snipe-46.clerk.accounts.dev/npm/@clerk/clerk-js@5.127.1/dist/ui-common_clerk.browser_9854dd_5.127.1.js:4
[    8780ms] [INFO] 🔒 Clerk:
The <SignIn/> component cannot render when a user is already signed in, unless the application allows multiple sessions. Since a user is signed in and this application only allows a single session, Clerk is redirecting to the `afterSignIn` URL instead.
(This notice only appears in development) @ https://healthy-snipe-46.clerk.accounts.dev/npm/@clerk/clerk-js@5.127.1/dist/ui-common_clerk.browser_9854dd_5.127.1.js:4
[    8790ms] [INFO] 🔒 Clerk:
The <SignIn/> component cannot render when a user is already signed in, unless the application allows multiple sessions. Since a user is signed in and this application only allows a single session, Clerk is redirecting to the `afterSignIn` URL instead.
(This notice only appears in development) @ https://healthy-snipe-46.clerk.accounts.dev/npm/@clerk/clerk-js@5.127.1/dist/ui-common_clerk.browser_9854dd_5.127.1.js:4
[    8803ms] [INFO] 🔒 Clerk:
The <SignIn/> component cannot render when a user is already signed in, unless the application allows multiple sessions. Since a user is signed in and this application only allows a single session, Clerk is redirecting to the `afterSignIn` URL instead.
(This notice only appears in development) @ https://healthy-snipe-46.clerk.accounts.dev/npm/@clerk/clerk-js@5.127.1/dist/ui-common_clerk.browser_9854dd_5.127.1.js:4
[    8812ms] [INFO] 🔒 Clerk:
The <SignIn/> component cannot render when a user is already signed in, unless the application allows multiple sessions. Since a user is signed in and this application only allows a single session, Clerk is redirecting to the `afterSignIn` URL instead.
(This notice only appears in development) @ https://healthy-snipe-46.clerk.accounts.dev/npm/@clerk/clerk-js@5.127.1/dist/ui-common_clerk.browser_9854dd_5.127.1.js:4
[    8824ms] [INFO] 🔒 Clerk:
The <SignIn/> component cannot render when a user is already signed in, unless the application allows multiple sessions. Since a user is signed in and this application only allows a single session, Clerk is redirecting to the `afterSignIn` URL instead.
(This notice only appears in development) @ https://healthy-snipe-46.clerk.accounts.dev/npm/@clerk/clerk-js@5.127.1/dist/ui-common_clerk.browser_9854dd_5.127.1.js:4
[    8836ms] [INFO] 🔒 Clerk:
The <SignIn/> component cannot render when a user is already signed in, unless the application allows multiple sessions. Since a user is signed in and this application only allows a single session, Clerk is redirecting to the `afterSignIn` URL instead.
(This notice only appears in development) @ https://healthy-snipe-46.clerk.accounts.dev/npm/@clerk/clerk-js@5.127.1/dist/ui-common_clerk.browser_9854dd_5.127.1.js:4
[    8844ms] [INFO] 🔒 Clerk:
The <SignIn/> component cannot render when a user is already signed in, unless the application allows multiple sessions. Since a user is signed in and this application only allows a single session, Clerk is redirecting to the `afterSignIn` URL instead.
(This notice only appears in development) @ https://healthy-snipe-46.clerk.accounts.dev/npm/@clerk/clerk-js@5.127.1/dist/ui-common_clerk.browser_9854dd_5.127.1.js:4
[    8858ms] [INFO] 🔒 Clerk:
The <SignIn/> component cannot render when a user is already signed in, unless the application allows multiple sessions. Since a user is signed in and this application only allows a single session, Clerk is redirecting to the `afterSignIn` URL instead.
(This notice only appears in development) @ https://healthy-snipe-46.clerk.accounts.dev/npm/@clerk/clerk-js@5.127.1/dist/ui-common_clerk.browser_9854dd_5.127.1.js:4
[    8870ms] [INFO] 🔒 Clerk:
The <SignIn/> component cannot render when a user is already signed in, unless the application allows multiple sessions. Since a user is signed in and this application only allows a single session, Clerk is redirecting to the `afterSignIn` URL instead.
(This notice only appears in development) @ https://healthy-snipe-46.clerk.accounts.dev/npm/@clerk/clerk-js@5.127.1/dist/ui-common_clerk.browser_9854dd_5.127.1.js:4
[    8882ms] [INFO] 🔒 Clerk:
The <SignIn/> component cannot render when a user is already signed in, unless the application allows multiple sessions. Since a user is signed in and this application only allows a single session, Clerk is redirecting to the `afterSignIn` URL instead.
(This notice only appears in development) @ https://healthy-snipe-46.clerk.accounts.dev/npm/@clerk/clerk-js@5.127.1/dist/ui-common_clerk.browser_9854dd_5.127.1.js:4
[    8892ms] [INFO] 🔒 Clerk:
The <SignIn/> component cannot render when a user is already signed in, unless the application allows multiple sessions. Since a user is signed in and this application only allows a single session, Clerk is redirecting to the `afterSignIn` URL instead.
(This notice only appears in development) @ https://healthy-snipe-46.clerk.accounts.dev/npm/@clerk/clerk-js@5.127.1/dist/ui-common_clerk.browser_9854dd_5.127.1.js:4
[    8904ms] [INFO] 🔒 Clerk:
The <SignIn/> component cannot render when a user is already signed in, unless the application allows multiple sessions. Since a user is signed in and this application only allows a single session, Clerk is redirecting to the `afterSignIn` URL instead.
(This notice only appears in development) @ https://healthy-snipe-46.clerk.accounts.dev/npm/@clerk/clerk-js@5.127.1/dist/ui-common_clerk.browser_9854dd_5.127.1.js:4
[    8915ms] [INFO] 🔒 Clerk:
The <SignIn/> component cannot render when a user is already signed in, unless the application allows multiple sessions. Since a user is signed in and this application only allows a single session, Clerk is redirecting to the `afterSignIn` URL instead.
(This notice only appears in development) @ https://healthy-snipe-46.clerk.accounts.dev/npm/@clerk/clerk-js@5.127.1/dist/ui-common_clerk.browser_9854dd_5.127.1.js:4
[    8929ms] [INFO] 🔒 Clerk:
The <SignIn/> component cannot render when a user is already signed in, unless the application allows multiple sessions. Since a user is signed in and this application only allows a single session, Clerk is redirecting to the `afterSignIn` URL instead.
(This notice only appears in development) @ https://healthy-snipe-46.clerk.accounts.dev/npm/@clerk/clerk-js@5.127.1/dist/ui-common_clerk.browser_9854dd_5.127.1.js:4
[    8940ms] [INFO] 🔒 Clerk:
The <SignIn/> component cannot render when a user is already signed in, unless the application allows multiple sessions. Since a user is signed in and this application only allows a single session, Clerk is redirecting to the `afterSignIn` URL instead.
(This notice only appears in development) @ https://healthy-snipe-46.clerk.accounts.dev/npm/@clerk/clerk-js@5.127.1/dist/ui-common_clerk.browser_9854dd_5.127.1.js:4
[    8954ms] [INFO] 🔒 Clerk:
The <SignIn/> component cannot render when a user is already signed in, unless the application allows multiple sessions. Since a user is signed in and this application only allows a single session, Clerk is redirecting to the `afterSignIn` URL instead.
(This notice only appears in development) @ https://healthy-snipe-46.clerk.accounts.dev/npm/@clerk/clerk-js@5.127.1/dist/ui-common_clerk.browser_9854dd_5.127.1.js:4
[    8965ms] [INFO] 🔒 Clerk:
The <SignIn/> component cannot render when a user is already signed in, unless the application allows multiple sessions. Since a user is signed in and this application only allows a single session, Clerk is redirecting to the `afterSignIn` URL instead.
(This notice only appears in development) @ https://healthy-snipe-46.clerk.accounts.dev/npm/@clerk/clerk-js@5.127.1/dist/ui-common_clerk.browser_9854dd_5.127.1.js:4
[    8977ms] [INFO] 🔒 Clerk:
The <SignIn/> component cannot render when a user is already signed in, unless the application allows multiple sessions. Since a user is signed in and this application only allows a single session, Clerk is redirecting to the `afterSignIn` URL instead.
(This notice only appears in development) @ https://healthy-snipe-46.clerk.accounts.dev/npm/@clerk/clerk-js@5.127.1/dist/ui-common_clerk.browser_9854dd_5.127.1.js:4
[    8991ms] [INFO] 🔒 Clerk:
The <SignIn/> component cannot render when a user is already signed in, unless the application allows multiple sessions. Since a user is signed in and this application only allows a single session, Clerk is redirecting to the `afterSignIn` URL instead.
(This notice only appears in development) @ https://healthy-snipe-46.clerk.accounts.dev/npm/@clerk/clerk-js@5.127.1/dist/ui-common_clerk.browser_9854dd_5.127.1.js:4
[    9002ms] [INFO] 🔒 Clerk:
The <SignIn/> component cannot render when a user is already signed in, unless the application allows multiple sessions. Since a user is signed in and this application only allows a single session, Clerk is redirecting to the `afterSignIn` URL instead.
(This notice only appears in development) @ https://healthy-snipe-46.clerk.accounts.dev/npm/@clerk/clerk-js@5.127.1/dist/ui-common_clerk.browser_9854dd_5.127.1.js:4
[    9013ms] [INFO] 🔒 Clerk:
The <SignIn/> component cannot render when a user is already signed in, unless the application allows multiple sessions. Since a user is signed in and this application only allows a single session, Clerk is redirecting to the `afterSignIn` URL instead.
(This notice only appears in development) @ https://healthy-snipe-46.clerk.accounts.dev/npm/@clerk/clerk-js@5.127.1/dist/ui-common_clerk.browser_9854dd_5.127.1.js:4
[    9026ms] [INFO] 🔒 Clerk:
The <SignIn/> component cannot render when a user is already signed in, unless the application allows multiple sessions. Since a user is signed in and this application only allows a single session, Clerk is redirecting to the `afterSignIn` URL instead.
(This notice only appears in development) @ https://healthy-snipe-46.clerk.accounts.dev/npm/@clerk/clerk-js@5.127.1/dist/ui-common_clerk.browser_9854dd_5.127.1.js:4
[    9036ms] [INFO] 🔒 Clerk:
The <SignIn/> component cannot render when a user is already signed in, unless the application allows multiple sessions. Since a user is signed in and this application only allows a single session, Clerk is redirecting to the `afterSignIn` URL instead.
(This notice only appears in development) @ https://healthy-snipe-46.clerk.accounts.dev/npm/@clerk/clerk-js@5.127.1/dist/ui-common_clerk.browser_9854dd_5.127.1.js:4
[    9047ms] [INFO] 🔒 Clerk:
The <SignIn/> component cannot render when a user is already signed in, unless the application allows multiple sessions. Since a user is signed in and this application only allows a single session, Clerk is redirecting to the `afterSignIn` URL instead.
(This notice only appears in development) @ https://healthy-snipe-46.clerk.accounts.dev/npm/@clerk/clerk-js@5.127.1/dist/ui-common_clerk.browser_9854dd_5.127.1.js:4
[    9060ms] [INFO] 🔒 Clerk:
The <SignIn/> component cannot render when a user is already signed in, unless the application allows multiple sessions. Since a user is signed in and this application only allows a single session, Clerk is redirecting to the `afterSignIn` URL instead.
(This notice only appears in development) @ https://healthy-snipe-46.clerk.accounts.dev/npm/@clerk/clerk-js@5.127.1/dist/ui-common_clerk.browser_9854dd_5.127.1.js:4
[    9069ms] [INFO] 🔒 Clerk:
The <SignIn/> component cannot render when a user is already signed in, unless the application allows multiple sessions. Since a user is signed in and this application only allows a single session, Clerk is redirecting to the `afterSignIn` URL instead.
(This notice only appears in development) @ https://healthy-snipe-46.clerk.accounts.dev/npm/@clerk/clerk-js@5.127.1/dist/ui-common_clerk.browser_9854dd_5.127.1.js:4
[    9081ms] [INFO] 🔒 Clerk:
The <SignIn/> component cannot render when a user is already signed in, unless the application allows multiple sessions. Since a user is signed in and this application only allows a single session, Clerk is redirecting to the `afterSignIn` URL instead.
(This notice only appears in development) @ https://healthy-snipe-46.clerk.accounts.dev/npm/@clerk/clerk-js@5.127.1/dist/ui-common_clerk.browser_9854dd_5.127.1.js:4
[    9091ms] [INFO] 🔒 Clerk:
The <SignIn/> component cannot render when a user is already signed in, unless the application allows multiple sessions. Since a user is signed in and this application only allows a single session, Clerk is redirecting to the `afterSignIn` URL instead.
(This notice only appears in development) @ https://healthy-snipe-46.clerk.accounts.dev/npm/@clerk/clerk-js@5.127.1/dist/ui-common_clerk.browser_9854dd_5.127.1.js:4
[    9103ms] [INFO] 🔒 Clerk:
The <SignIn/> component cannot render when a user is already signed in, unless the application allows multiple sessions. Since a user is signed in and this application only allows a single session, Clerk is redirecting to the `afterSignIn` URL instead.
(This notice only appears in development) @ https://healthy-snipe-46.clerk.accounts.dev/npm/@clerk/clerk-js@5.127.1/dist/ui-common_clerk.browser_9854dd_5.127.1.js:4
[    9113ms] [INFO] 🔒 Clerk:
The <SignIn/> component cannot render when a user is already signed in, unless the application allows multiple sessions. Since a user is signed in and this application only allows a single session, Clerk is redirecting to the `afterSignIn` URL instead.
(This notice only appears in development) @ https://healthy-snipe-46.clerk.accounts.dev/npm/@clerk/clerk-js@5.127.1/dist/ui-common_clerk.browser_9854dd_5.127.1.js:4
[    9125ms] [INFO] 🔒 Clerk:
The <SignIn/> component cannot render when a user is already signed in, unless the application allows multiple sessions. Since a user is signed in and this application only allows a single session, Clerk is redirecting to the `afterSignIn` URL instead.
(This notice only appears in development) @ https://healthy-snipe-46.clerk.accounts.dev/npm/@clerk/clerk-js@5.127.1/dist/ui-common_clerk.browser_9854dd_5.127.1.js:4
[    9138ms] [INFO] 🔒 Clerk:
The <SignIn/> component cannot render when a user is already signed in, unless the application allows multiple sessions. Since a user is signed in and this application only allows a single session, Clerk is redirecting to the `afterSignIn` URL instead.
(This notice only appears in development) @ https://healthy-snipe-46.clerk.accounts.dev/npm/@clerk/clerk-js@5.127.1/dist/ui-common_clerk.browser_9854dd_5.127.1.js:4
[    9153ms] [INFO] 🔒 Clerk:
The <SignIn/> component cannot render when a user is already signed in, unless the application allows multiple sessions. Since a user is signed in and this application only allows a single session, Clerk is redirecting to the `afterSignIn` URL instead.
(This notice only appears in development) @ https://healthy-snipe-46.clerk.accounts.dev/npm/@clerk/clerk-js@5.127.1/dist/ui-common_clerk.browser_9854dd_5.127.1.js:4
[    9165ms] [INFO] 🔒 Clerk:
The <SignIn/> component cannot render when a user is already signed in, unless the application allows multiple sessions. Since a user is signed in and this application only allows a single session, Clerk is redirecting to the `afterSignIn` URL instead.
(This notice only appears in development) @ https://healthy-snipe-46.clerk.accounts.dev/npm/@clerk/clerk-js@5.127.1/dist/ui-common_clerk.browser_9854dd_5.127.1.js:4
[    9174ms] [INFO] 🔒 Clerk:
The <SignIn/> component cannot render when a user is already signed in, unless the application allows multiple sessions. Since a user is signed in and this application only allows a single session, Clerk is redirecting to the `afterSignIn` URL instead.
(This notice only appears in development) @ https://healthy-snipe-46.clerk.accounts.dev/npm/@clerk/clerk-js@5.127.1/dist/ui-common_clerk.browser_9854dd_5.127.1.js:4
[    9187ms] [INFO] 🔒 Clerk:
The <SignIn/> component cannot render when a user is already signed in, unless the application allows multiple sessions. Since a user is signed in and this application only allows a single session, Clerk is redirecting to the `afterSignIn` URL instead.
(This notice only appears in development) @ https://healthy-snipe-46.clerk.accounts.dev/npm/@clerk/clerk-js@5.127.1/dist/ui-common_clerk.browser_9854dd_5.127.1.js:4
[    9199ms] [INFO] 🔒 Clerk:
The <SignIn/> component cannot render when a user is already signed in, unless the application allows multiple sessions. Since a user is signed in and this application only allows a single session, Clerk is redirecting to the `afterSignIn` URL instead.
(This notice only appears in development) @ https://healthy-snipe-46.clerk.accounts.dev/npm/@clerk/clerk-js@5.127.1/dist/ui-common_clerk.browser_9854dd_5.127.1.js:4
[    9209ms] [INFO] 🔒 Clerk:
The <SignIn/> component cannot render when a user is already signed in, unless the application allows multiple sessions. Since a user is signed in and this application only allows a single session, Clerk is redirecting to the `afterSignIn` URL instead.
(This notice only appears in development) @ https://healthy-snipe-46.clerk.accounts.dev/npm/@clerk/clerk-js@5.127.1/dist/ui-common_clerk.browser_9854dd_5.127.1.js:4
[    9221ms] [INFO] 🔒 Clerk:
The <SignIn/> component cannot render when a user is already signed in, unless the application allows multiple sessions. Since a user is signed in and this application only allows a single session, Clerk is redirecting to the `afterSignIn` URL instead.
(This notice only appears in development) @ https://healthy-snipe-46.clerk.accounts.dev/npm/@clerk/clerk-js@5.127.1/dist/ui-common_clerk.browser_9854dd_5.127.1.js:4
[    9233ms] [INFO] 🔒 Clerk:
The <SignIn/> component cannot render when a user is already signed in, unless the application allows multiple sessions. Since a user is signed in and this application only allows a single session, Clerk is redirecting to the `afterSignIn` URL instead.
(This notice only appears in development) @ https://healthy-snipe-46.clerk.accounts.dev/npm/@clerk/clerk-js@5.127.1/dist/ui-common_clerk.browser_9854dd_5.127.1.js:4
[    9242ms] [INFO] 🔒 Clerk:
The <SignIn/> component cannot render when a user is already signed in, unless the application allows multiple sessions. Since a user is signed in and this application only allows a single session, Clerk is redirecting to the `afterSignIn` URL instead.
(This notice only appears in development) @ https://healthy-snipe-46.clerk.accounts.dev/npm/@clerk/clerk-js@5.127.1/dist/ui-common_clerk.browser_9854dd_5.127.1.js:4
[    9255ms] [INFO] 🔒 Clerk:
The <SignIn/> component cannot render when a user is already signed in, unless the application allows multiple sessions. Since a user is signed in and this application only allows a single session, Clerk is redirecting to the `afterSignIn` URL instead.
(This notice only appears in development) @ https://healthy-snipe-46.clerk.accounts.dev/npm/@clerk/clerk-js@5.127.1/dist/ui-common_clerk.browser_9854dd_5.127.1.js:4
[    9267ms] [INFO] 🔒 Clerk:
The <SignIn/> component cannot render when a user is already signed in, unless the application allows multiple sessions. Since a user is signed in and this application only allows a single session, Clerk is redirecting to the `afterSignIn` URL instead.
(This notice only appears in development) @ https://healthy-snipe-46.clerk.accounts.dev/npm/@clerk/clerk-js@5.127.1/dist/ui-common_clerk.browser_9854dd_5.127.1.js:4
[    9276ms] [INFO] 🔒 Clerk:
The <SignIn/> component cannot render when a user is already signed in, unless the application allows multiple sessions. Since a user is signed in and this application only allows a single session, Clerk is redirecting to the `afterSignIn` URL instead.
(This notice only appears in development) @ https://healthy-snipe-46.clerk.accounts.dev/npm/@clerk/clerk-js@5.127.1/dist/ui-common_clerk.browser_9854dd_5.127.1.js:4
[    9289ms] [INFO] 🔒 Clerk:
The <SignIn/> component cannot render when a user is already signed in, unless the application allows multiple sessions. Since a user is signed in and this application only allows a single session, Clerk is redirecting to the `afterSignIn` URL instead.
(This notice only appears in development) @ https://healthy-snipe-46.clerk.accounts.dev/npm/@clerk/clerk-js@5.127.1/dist/ui-common_clerk.browser_9854dd_5.127.1.js:4
[    9300ms] [INFO] 🔒 Clerk:
The <SignIn/> component cannot render when a user is already signed in, unless the application allows multiple sessions. Since a user is signed in and this application only allows a single session, Clerk is redirecting to the `afterSignIn` URL instead.
(This notice only appears in development) @ https://healthy-snipe-46.clerk.accounts.dev/npm/@clerk/clerk-js@5.127.1/dist/ui-common_clerk.browser_9854dd_5.127.1.js:4
[    9310ms] [INFO] 🔒 Clerk:
The <SignIn/> component cannot render when a user is already signed in, unless the application allows multiple sessions. Since a user is signed in and this application only allows a single session, Clerk is redirecting to the `afterSignIn` URL instead.
(This notice only appears in development) @ https://healthy-snipe-46.clerk.accounts.dev/npm/@clerk/clerk-js@5.127.1/dist/ui-common_clerk.browser_9854dd_5.127.1.js:4
[    9325ms] [INFO] 🔒 Clerk:
The <SignIn/> component cannot render when a user is already signed in, unless the application allows multiple sessions. Since a user is signed in and this application only allows a single session, Clerk is redirecting to the `afterSignIn` URL instead.
(This notice only appears in development) @ https://healthy-snipe-46.clerk.accounts.dev/npm/@clerk/clerk-js@5.127.1/dist/ui-common_clerk.browser_9854dd_5.127.1.js:4
[    9336ms] [INFO] 🔒 Clerk:
The <SignIn/> component cannot render when a user is already signed in, unless the application allows multiple sessions. Since a user is signed in and this application only allows a single session, Clerk is redirecting to the `afterSignIn` URL instead.
(This notice only appears in development) @ https://healthy-snipe-46.clerk.accounts.dev/npm/@clerk/clerk-js@5.127.1/dist/ui-common_clerk.browser_9854dd_5.127.1.js:4
[    9347ms] [INFO] 🔒 Clerk:
The <SignIn/> component cannot render when a user is already signed in, unless the application allows multiple sessions. Since a user is signed in and this application only allows a single session, Clerk is redirecting to the `afterSignIn` URL instead.
(This notice only appears in development) @ https://healthy-snipe-46.clerk.accounts.dev/npm/@clerk/clerk-js@5.127.1/dist/ui-common_clerk.browser_9854dd_5.127.1.js:4
[    9361ms] [INFO] 🔒 Clerk:
The <SignIn/> component cannot render when a user is already signed in, unless the application allows multiple sessions. Since a user is signed in and this application only allows a single session, Clerk is redirecting to the `afterSignIn` URL instead.
(This notice only appears in development) @ https://healthy-snipe-46.clerk.accounts.dev/npm/@clerk/clerk-js@5.127.1/dist/ui-common_clerk.browser_9854dd_5.127.1.js:4
[    9371ms] [INFO] 🔒 Clerk:
The <SignIn/> component cannot render when a user is already signed in, unless the application allows multiple sessions. Since a user is signed in and this application only allows a single session, Clerk is redirecting to the `afterSignIn` URL instead.
(This notice only appears in development) @ https://healthy-snipe-46.clerk.accounts.dev/npm/@clerk/clerk-js@5.127.1/dist/ui-common_clerk.browser_9854dd_5.127.1.js:4
[    9383ms] [INFO] 🔒 Clerk:
The <SignIn/> component cannot render when a user is already signed in, unless the application allows multiple sessions. Since a user is signed in and this application only allows a single session, Clerk is redirecting to the `afterSignIn` URL instead.
(This notice only appears in development) @ https://healthy-snipe-46.clerk.accounts.dev/npm/@clerk/clerk-js@5.127.1/dist/ui-common_clerk.browser_9854dd_5.127.1.js:4
[    9398ms] [INFO] 🔒 Clerk:
The <SignIn/> component cannot render when a user is already signed in, unless the application allows multiple sessions. Since a user is signed in and this application only allows a single session, Clerk is redirecting to the `afterSignIn` URL instead.
(This notice only appears in development) @ https://healthy-snipe-46.clerk.accounts.dev/npm/@clerk/clerk-js@5.127.1/dist/ui-common_clerk.browser_9854dd_5.127.1.js:4
[    9402ms] [INFO] 🔒 Clerk:
The <SignIn/> component cannot render when a user is already signed in, unless the application allows multiple sessions. Since a user is signed in and this application only allows a single session, Clerk is redirecting to the `afterSignIn` URL instead.
(This notice only appears in development) @ https://healthy-snipe-46.clerk.accounts.dev/npm/@clerk/clerk-js@5.127.1/dist/ui-common_clerk.browser_9854dd_5.127.1.js:4
[    9413ms] [INFO] 🔒 Clerk:
The <SignIn/> component cannot render when a user is already signed in, unless the application allows multiple sessions. Since a user is signed in and this application only allows a single session, Clerk is redirecting to the `afterSignIn` URL instead.
(This notice only appears in development) @ https://healthy-snipe-46.clerk.accounts.dev/npm/@clerk/clerk-js@5.127.1/dist/ui-common_clerk.browser_9854dd_5.127.1.js:4
[    9425ms] [INFO] 🔒 Clerk:
The <SignIn/> component cannot render when a user is already signed in, unless the application allows multiple sessions. Since a user is signed in and this application only allows a single session, Clerk is redirecting to the `afterSignIn` URL instead.
(This notice only appears in development) @ https://healthy-snipe-46.clerk.accounts.dev/npm/@clerk/clerk-js@5.127.1/dist/ui-common_clerk.browser_9854dd_5.127.1.js:4
[    9435ms] [INFO] 🔒 Clerk:
The <SignIn/> component cannot render when a user is already signed in, unless the application allows multiple sessions. Since a user is signed in and this application only allows a single session, Clerk is redirecting to the `afterSignIn` URL instead.
(This notice only appears in development) @ https://healthy-snipe-46.clerk.accounts.dev/npm/@clerk/clerk-js@5.127.1/dist/ui-common_clerk.browser_9854dd_5.127.1.js:4
[    9446ms] [INFO] 🔒 Clerk:
The <SignIn/> component cannot render when a user is already signed in, unless the application allows multiple sessions. Since a user is signed in and this application only allows a single session, Clerk is redirecting to the `afterSignIn` URL instead.
(This notice only appears in development) @ https://healthy-snipe-46.clerk.accounts.dev/npm/@clerk/clerk-js@5.127.1/dist/ui-common_clerk.browser_9854dd_5.127.1.js:4
[    9459ms] [INFO] 🔒 Clerk:
The <SignIn/> component cannot render when a user is already signed in, unless the application allows multiple sessions. Since a user is signed in and this application only allows a single session, Clerk is redirecting to the `afterSignIn` URL instead.
(This notice only appears in development) @ https://healthy-snipe-46.clerk.accounts.dev/npm/@clerk/clerk-js@5.127.1/dist/ui-common_clerk.browser_9854dd_5.127.1.js:4
[    9470ms] [INFO] 🔒 Clerk:
The <SignIn/> component cannot render when a user is already signed in, unless the application allows multiple sessions. Since a user is signed in and this application only allows a single session, Clerk is redirecting to the `afterSignIn` URL instead.
(This notice only appears in development) @ https://healthy-snipe-46.clerk.accounts.dev/npm/@clerk/clerk-js@5.127.1/dist/ui-common_clerk.browser_9854dd_5.127.1.js:4
[    9482ms] [INFO] 🔒 Clerk:
The <SignIn/> component cannot render when a user is already signed in, unless the application allows multiple sessions. Since a user is signed in and this application only allows a single session, Clerk is redirecting to the `afterSignIn` URL instead.
(This notice only appears in development) @ https://healthy-snipe-46.clerk.accounts.dev/npm/@clerk/clerk-js@5.127.1/dist/ui-common_clerk.browser_9854dd_5.127.1.js:4
[    9495ms] [INFO] 🔒 Clerk:
The <SignIn/> component cannot render when a user is already signed in, unless the application allows multiple sessions. Since a user is signed in and this application only allows a single session, Clerk is redirecting to the `afterSignIn` URL instead.
(This notice only appears in development) @ https://healthy-snipe-46.clerk.accounts.dev/npm/@clerk/clerk-js@5.127.1/dist/ui-common_clerk.browser_9854dd_5.127.1.js:4
[    9506ms] [INFO] 🔒 Clerk:
The <SignIn/> component cannot render when a user is already signed in, unless the application allows multiple sessions. Since a user is signed in and this application only allows a single session, Clerk is redirecting to the `afterSignIn` URL instead.
(This notice only appears in development) @ https://healthy-snipe-46.clerk.accounts.dev/npm/@clerk/clerk-js@5.127.1/dist/ui-common_clerk.browser_9854dd_5.127.1.js:4
[    9517ms] [INFO] 🔒 Clerk:
The <SignIn/> component cannot render when a user is already signed in, unless the application allows multiple sessions. Since a user is signed in and this application only allows a single session, Clerk is redirecting to the `afterSignIn` URL instead.
(This notice only appears in development) @ https://healthy-snipe-46.clerk.accounts.dev/npm/@clerk/clerk-js@5.127.1/dist/ui-common_clerk.browser_9854dd_5.127.1.js:4
[    9531ms] [INFO] 🔒 Clerk:
The <SignIn/> component cannot render when a user is already signed in, unless the application allows multiple sessions. Since a user is signed in and this application only allows a single session, Clerk is redirecting to the `afterSignIn` URL instead.
(This notice only appears in development) @ https://healthy-snipe-46.clerk.accounts.dev/npm/@clerk/clerk-js@5.127.1/dist/ui-common_clerk.browser_9854dd_5.127.1.js:4
[    9544ms] [INFO] 🔒 Clerk:
The <SignIn/> component cannot render when a user is already signed in, unless the application allows multiple sessions. Since a user is signed in and this application only allows a single session, Clerk is redirecting to the `afterSignIn` URL instead.
(This notice only appears in development) @ https://healthy-snipe-46.clerk.accounts.dev/npm/@clerk/clerk-js@5.127.1/dist/ui-common_clerk.browser_9854dd_5.127.1.js:4
[    9554ms] [INFO] 🔒 Clerk:
The <SignIn/> component cannot render when a user is already signed in, unless the application allows multiple sessions. Since a user is signed in and this application only allows a single session, Clerk is redirecting to the `afterSignIn` URL instead.
(This notice only appears in development) @ https://healthy-snipe-46.clerk.accounts.dev/npm/@clerk/clerk-js@5.127.1/dist/ui-common_clerk.browser_9854dd_5.127.1.js:4
[    9568ms] [INFO] 🔒 Clerk:
The <SignIn/> component cannot render when a user is already signed in, unless the application allows multiple sessions. Since a user is signed in and this application only allows a single session, Clerk is redirecting to the `afterSignIn` URL instead.
(This notice only appears in development) @ https://healthy-snipe-46.clerk.accounts.dev/npm/@clerk/clerk-js@5.127.1/dist/ui-common_clerk.browser_9854dd_5.127.1.js:4
[    9580ms] [INFO] 🔒 Clerk:
The <SignIn/> component cannot render when a user is already signed in, unless the application allows multiple sessions. Since a user is signed in and this application only allows a single session, Clerk is redirecting to the `afterSignIn` URL instead.
(This notice only appears in development) @ https://healthy-snipe-46.clerk.accounts.dev/npm/@clerk/clerk-js@5.127.1/dist/ui-common_clerk.browser_9854dd_5.127.1.js:4
[    9589ms] [INFO] 🔒 Clerk:
The <SignIn/> component cannot render when a user is already signed in, unless the application allows multiple sessions. Since a user is signed in and this application only allows a single session, Clerk is redirecting to the `afterSignIn` URL instead.
(This notice only appears in development) @ https://healthy-snipe-46.clerk.accounts.dev/npm/@clerk/clerk-js@5.127.1/dist/ui-common_clerk.browser_9854dd_5.127.1.js:4
[    9603ms] [INFO] 🔒 Clerk:
The <SignIn/> component cannot render when a user is already signed in, unless the application allows multiple sessions. Since a user is signed in and this application only allows a single session, Clerk is redirecting to the `afterSignIn` URL instead.
(This notice only appears in development) @ https://healthy-snipe-46.clerk.accounts.dev/npm/@clerk/clerk-js@5.127.1/dist/ui-common_clerk.browser_9854dd_5.127.1.js:4
[    9615ms] [INFO] 🔒 Clerk:
The <SignIn/> component cannot render when a user is already signed in, unless the application allows multiple sessions. Since a user is signed in and this application only allows a single session, Clerk is redirecting to the `afterSignIn` URL instead.
(This notice only appears in development) @ https://healthy-snipe-46.clerk.accounts.dev/npm/@clerk/clerk-js@5.127.1/dist/ui-common_clerk.browser_9854dd_5.127.1.js:4
[    9631ms] [INFO] 🔒 Clerk:
The <SignIn/> component cannot render when a user is already signed in, unless the application allows multiple sessions. Since a user is signed in and this application only allows a single session, Clerk is redirecting to the `afterSignIn` URL instead.
(This notice only appears in development) @ https://healthy-snipe-46.clerk.accounts.dev/npm/@clerk/clerk-js@5.127.1/dist/ui-common_clerk.browser_9854dd_5.127.1.js:4
[    9645ms] [INFO] 🔒 Clerk:
The <SignIn/> component cannot render when a user is already signed in, unless the application allows multiple sessions. Since a user is signed in and this application only allows a single session, Clerk is redirecting to the `afterSignIn` URL instead.
(This notice only appears in development) @ https://healthy-snipe-46.clerk.accounts.dev/npm/@clerk/clerk-js@5.127.1/dist/ui-common_clerk.browser_9854dd_5.127.1.js:4
[    9658ms] [INFO] 🔒 Clerk:
The <SignIn/> component cannot render when a user is already signed in, unless the application allows multiple sessions. Since a user is signed in and this application only allows a single session, Clerk is redirecting to the `afterSignIn` URL instead.
(This notice only appears in development) @ https://healthy-snipe-46.clerk.accounts.dev/npm/@clerk/clerk-js@5.127.1/dist/ui-common_clerk.browser_9854dd_5.127.1.js:4
[    9671ms] [INFO] 🔒 Clerk:
The <SignIn/> component cannot render when a user is already signed in, unless the application allows multiple sessions. Since a user is signed in and this application only allows a single session, Clerk is redirecting to the `afterSignIn` URL instead.
(This notice only appears in development) @ https://healthy-snipe-46.clerk.accounts.dev/npm/@clerk/clerk-js@5.127.1/dist/ui-common_clerk.browser_9854dd_5.127.1.js:4
[    9687ms] [INFO] 🔒 Clerk:
The <SignIn/> component cannot render when a user is already signed in, unless the application allows multiple sessions. Since a user is signed in and this application only allows a single session, Clerk is redirecting to the `afterSignIn` URL instead.
(This notice only appears in development) @ https://healthy-snipe-46.clerk.accounts.dev/npm/@clerk/clerk-js@5.127.1/dist/ui-common_clerk.browser_9854dd_5.127.1.js:4
[    9702ms] [INFO] 🔒 Clerk:
The <SignIn/> component cannot render when a user is already signed in, unless the application allows multiple sessions. Since a user is signed in and this application only allows a single session, Clerk is redirecting to the `afterSignIn` URL instead.
(This notice only appears in development) @ https://healthy-snipe-46.clerk.accounts.dev/npm/@clerk/clerk-js@5.127.1/dist/ui-common_clerk.browser_9854dd_5.127.1.js:4
[    9713ms] [INFO] 🔒 Clerk:
The <SignIn/> component cannot render when a user is already signed in, unless the application allows multiple sessions. Since a user is signed in and this application only allows a single session, Clerk is redirecting to the `afterSignIn` URL instead.
(This notice only appears in development) @ https://healthy-snipe-46.clerk.accounts.dev/npm/@clerk/clerk-js@5.127.1/dist/ui-common_clerk.browser_9854dd_5.127.1.js:4
[    9726ms] [INFO] 🔒 Clerk:
The <SignIn/> component cannot render when a user is already signed in, unless the application allows multiple sessions. Since a user is signed in and this application only allows a single session, Clerk is redirecting to the `afterSignIn` URL instead.
(This notice only appears in development) @ https://healthy-snipe-46.clerk.accounts.dev/npm/@clerk/clerk-js@5.127.1/dist/ui-common_clerk.browser_9854dd_5.127.1.js:4
[    9739ms] [INFO] 🔒 Clerk:
The <SignIn/> component cannot render when a user is already signed in, unless the application allows multiple sessions. Since a user is signed in and this application only allows a single session, Clerk is redirecting to the `afterSignIn` URL instead.
(This notice only appears in development) @ https://healthy-snipe-46.clerk.accounts.dev/npm/@clerk/clerk-js@5.127.1/dist/ui-common_clerk.browser_9854dd_5.127.1.js:4
[    9752ms] [INFO] 🔒 Clerk:
The <SignIn/> component cannot render when a user is already signed in, unless the application allows multiple sessions. Since a user is signed in and this application only allows a single session, Clerk is redirecting to the `afterSignIn` URL instead.
(This notice only appears in development) @ https://healthy-snipe-46.clerk.accounts.dev/npm/@clerk/clerk-js@5.127.1/dist/ui-common_clerk.browser_9854dd_5.127.1.js:4
[    9764ms] [INFO] 🔒 Clerk:
The <SignIn/> component cannot render when a user is already signed in, unless the application allows multiple sessions. Since a user is signed in and this application only allows a single session, Clerk is redirecting to the `afterSignIn` URL instead.
(This notice only appears in development) @ https://healthy-snipe-46.clerk.accounts.dev/npm/@clerk/clerk-js@5.127.1/dist/ui-common_clerk.browser_9854dd_5.127.1.js:4
[    9777ms] [INFO] 🔒 Clerk:
The <SignIn/> component cannot render when a user is already signed in, unless the application allows multiple sessions. Since a user is signed in and this application only allows a single session, Clerk is redirecting to the `afterSignIn` URL instead.
(This notice only appears in development) @ https://healthy-snipe-46.clerk.accounts.dev/npm/@clerk/clerk-js@5.127.1/dist/ui-common_clerk.browser_9854dd_5.127.1.js:4
[    9794ms] [INFO] 🔒 Clerk:
The <SignIn/> component cannot render when a user is already signed in, unless the application allows multiple sessions. Since a user is signed in and this application only allows a single session, Clerk is redirecting to the `afterSignIn` URL instead.
(This notice only appears in development) @ https://healthy-snipe-46.clerk.accounts.dev/npm/@clerk/clerk-js@5.127.1/dist/ui-common_clerk.browser_9854dd_5.127.1.js:4
[    9806ms] [INFO] 🔒 Clerk:
The <SignIn/> component cannot render when a user is already signed in, unless the application allows multiple sessions. Since a user is signed in and this application only allows a single session, Clerk is redirecting to the `afterSignIn` URL instead.
(This notice only appears in development) @ https://healthy-snipe-46.clerk.accounts.dev/npm/@clerk/clerk-js@5.127.1/dist/ui-common_clerk.browser_9854dd_5.127.1.js:4
[    9816ms] [INFO] 🔒 Clerk:
The <SignIn/> component cannot render when a user is already signed in, unless the application allows multiple sessions. Since a user is signed in and this application only allows a single session, Clerk is redirecting to the `afterSignIn` URL instead.
(This notice only appears in development) @ https://healthy-snipe-46.clerk.accounts.dev/npm/@clerk/clerk-js@5.127.1/dist/ui-common_clerk.browser_9854dd_5.127.1.js:4
[    9830ms] [INFO] 🔒 Clerk:
The <SignIn/> component cannot render when a user is already signed in, unless the application allows multiple sessions. Since a user is signed in and this application only allows a single session, Clerk is redirecting to the `afterSignIn` URL instead.
(This notice only appears in development) @ https://healthy-snipe-46.clerk.accounts.dev/npm/@clerk/clerk-js@5.127.1/dist/ui-common_clerk.browser_9854dd_5.127.1.js:4
[    9842ms] [INFO] 🔒 Clerk:
The <SignIn/> component cannot render when a user is already signed in, unless the application allows multiple sessions. Since a user is signed in and this application only allows a single session, Clerk is redirecting to the `afterSignIn` URL instead.
(This notice only appears in development) @ https://healthy-snipe-46.clerk.accounts.dev/npm/@clerk/clerk-js@5.127.1/dist/ui-common_clerk.browser_9854dd_5.127.1.js:4
[    9853ms] [INFO] 🔒 Clerk:
The <SignIn/> component cannot render when a user is already signed in, unless the application allows multiple sessions. Since a user is signed in and this application only allows a single session, Clerk is redirecting to the `afterSignIn` URL instead.
(This notice only appears in development) @ https://healthy-snipe-46.clerk.accounts.dev/npm/@clerk/clerk-js@5.127.1/dist/ui-common_clerk.browser_9854dd_5.127.1.js:4
[    9866ms] [INFO] 🔒 Clerk:
The <SignIn/> component cannot render when a user is already signed in, unless the application allows multiple sessions. Since a user is signed in and this application only allows a single session, Clerk is redirecting to the `afterSignIn` URL instead.
(This notice only appears in development) @ https://healthy-snipe-46.clerk.accounts.dev/npm/@clerk/clerk-js@5.127.1/dist/ui-common_clerk.browser_9854dd_5.127.1.js:4
[    9882ms] [INFO] 🔒 Clerk:
The <SignIn/> component cannot render when a user is already signed in, unless the application allows multiple sessions. Since a user is signed in and this application only allows a single session, Clerk is redirecting to the `afterSignIn` URL instead.
(This notice only appears in development) @ https://healthy-snipe-46.clerk.accounts.dev/npm/@clerk/clerk-js@5.127.1/dist/ui-common_clerk.browser_9854dd_5.127.1.js:4
[    9894ms] [INFO] 🔒 Clerk:
The <SignIn/> component cannot render when a user is already signed in, unless the application allows multiple sessions. Since a user is signed in and this application only allows a single session, Clerk is redirecting to the `afterSignIn` URL instead.
(This notice only appears in development) @ https://healthy-snipe-46.clerk.accounts.dev/npm/@clerk/clerk-js@5.127.1/dist/ui-common_clerk.browser_9854dd_5.127.1.js:4
[    9908ms] [INFO] 🔒 Clerk:
The <SignIn/> component cannot render when a user is already signed in, unless the application allows multiple sessions. Since a user is signed in and this application only allows a single session, Clerk is redirecting to the `afterSignIn` URL instead.
(This notice only appears in development) @ https://healthy-snipe-46.clerk.accounts.dev/npm/@clerk/clerk-js@5.127.1/dist/ui-common_clerk.browser_9854dd_5.127.1.js:4
[    9920ms] [INFO] 🔒 Clerk:
The <SignIn/> component cannot render when a user is already signed in, unless the application allows multiple sessions. Since a user is signed in and this application only allows a single session, Clerk is redirecting to the `afterSignIn` URL instead.
(This notice only appears in development) @ https://healthy-snipe-46.clerk.accounts.dev/npm/@clerk/clerk-js@5.127.1/dist/ui-common_clerk.browser_9854dd_5.127.1.js:4
[    9933ms] [INFO] 🔒 Clerk:
The <SignIn/> component cannot render when a user is already signed in, unless the application allows multiple sessions. Since a user is signed in and this application only allows a single session, Clerk is redirecting to the `afterSignIn` URL instead.
(This notice only appears in development) @ https://healthy-snipe-46.clerk.accounts.dev/npm/@clerk/clerk-js@5.127.1/dist/ui-common_clerk.browser_9854dd_5.127.1.js:4
[    9947ms] [INFO] 🔒 Clerk:
The <SignIn/> component cannot render when a user is already signed in, unless the application allows multiple sessions. Since a user is signed in and this application only allows a single session, Clerk is redirecting to the `afterSignIn` URL instead.
(This notice only appears in development) @ https://healthy-snipe-46.clerk.accounts.dev/npm/@clerk/clerk-js@5.127.1/dist/ui-common_clerk.browser_9854dd_5.127.1.js:4
[    9956ms] [INFO] 🔒 Clerk:
The <SignIn/> component cannot render when a user is already signed in, unless the application allows multiple sessions. Since a user is signed in and this application only allows a single session, Clerk is redirecting to the `afterSignIn` URL instead.
(This notice only appears in development) @ https://healthy-snipe-46.clerk.accounts.dev/npm/@clerk/clerk-js@5.127.1/dist/ui-common_clerk.browser_9854dd_5.127.1.js:4
[    9971ms] [INFO] 🔒 Clerk:
The <SignIn/> component cannot render when a user is already signed in, unless the application allows multiple sessions. Since a user is signed in and this application only allows a single session, Clerk is redirecting to the `afterSignIn` URL instead.
(This notice only appears in development) @ https://healthy-snipe-46.clerk.accounts.dev/npm/@clerk/clerk-js@5.127.1/dist/ui-common_clerk.browser_9854dd_5.127.1.js:4
[    9984ms] [INFO] 🔒 Clerk:
The <SignIn/> component cannot render when a user is already signed in, unless the application allows multiple sessions. Since a user is signed in and this application only allows a single session, Clerk is redirecting to the `afterSignIn` URL instead.
(This notice only appears in development) @ https://healthy-snipe-46.clerk.accounts.dev/npm/@clerk/clerk-js@5.127.1/dist/ui-common_clerk.browser_9854dd_5.127.1.js:4
[    9998ms] [INFO] 🔒 Clerk:
The <SignIn/> component cannot render when a user is already signed in, unless the application allows multiple sessions. Since a user is signed in and this application only allows a single session, Clerk is redirecting to the `afterSignIn` URL instead.
(This notice only appears in development) @ https://healthy-snipe-46.clerk.accounts.dev/npm/@clerk/clerk-js@5.127.1/dist/ui-common_clerk.browser_9854dd_5.127.1.js:4
[   10008ms] [INFO] 🔒 Clerk:
The <SignIn/> component cannot render when a user is already signed in, unless the application allows multiple sessions. Since a user is signed in and this application only allows a single session, Clerk is redirecting to the `afterSignIn` URL instead.
(This notice only appears in development) @ https://healthy-snipe-46.clerk.accounts.dev/npm/@clerk/clerk-js@5.127.1/dist/ui-common_clerk.browser_9854dd_5.127.1.js:4
[   10020ms] [INFO] 🔒 Clerk:
The <SignIn/> component cannot render when a user is already signed in, unless the application allows multiple sessions. Since a user is signed in and this application only allows a single session, Clerk is redirecting to the `afterSignIn` URL instead.
(This notice only appears in development) @ https://healthy-snipe-46.clerk.accounts.dev/npm/@clerk/clerk-js@5.127.1/dist/ui-common_clerk.browser_9854dd_5.127.1.js:4
[   10033ms] [INFO] 🔒 Clerk:
The <SignIn/> component cannot render when a user is already signed in, unless the application allows multiple sessions. Since a user is signed in and this application only allows a single session, Clerk is redirecting to the `afterSignIn` URL instead.
(This notice only appears in development) @ https://healthy-snipe-46.clerk.accounts.dev/npm/@clerk/clerk-js@5.127.1/dist/ui-common_clerk.browser_9854dd_5.127.1.js:4
[   10044ms] [INFO] 🔒 Clerk:
The <SignIn/> component cannot render when a user is already signed in, unless the application allows multiple sessions. Since a user is signed in and this application only allows a single session, Clerk is redirecting to the `afterSignIn` URL instead.
(This notice only appears in development) @ https://healthy-snipe-46.clerk.accounts.dev/npm/@clerk/clerk-js@5.127.1/dist/ui-common_clerk.browser_9854dd_5.127.1.js:4
[   10059ms] [INFO] 🔒 Clerk:
The <SignIn/> component cannot render when a user is already signed in, unless the application allows multiple sessions. Since a user is signed in and this application only allows a single session, Clerk is redirecting to the `afterSignIn` URL instead.
(This notice only appears in development) @ https://healthy-snipe-46.clerk.accounts.dev/npm/@clerk/clerk-js@5.127.1/dist/ui-common_clerk.browser_9854dd_5.127.1.js:4
[   10074ms] [INFO] 🔒 Clerk:
The <SignIn/> component cannot render when a user is already signed in, unless the application allows multiple sessions. Since a user is signed in and this application only allows a single session, Clerk is redirecting to the `afterSignIn` URL instead.
(This notice only appears in development) @ https://healthy-snipe-46.clerk.accounts.dev/npm/@clerk/clerk-js@5.127.1/dist/ui-common_clerk.browser_9854dd_5.127.1.js:4
[   10090ms] [INFO] 🔒 Clerk:
The <SignIn/> component cannot render when a user is already signed in, unless the application allows multiple sessions. Since a user is signed in and this application only allows a single session, Clerk is redirecting to the `afterSignIn` URL instead.
(This notice only appears in development) @ https://healthy-snipe-46.clerk.accounts.dev/npm/@clerk/clerk-js@5.127.1/dist/ui-common_clerk.browser_9854dd_5.127.1.js:4
[   10104ms] [INFO] 🔒 Clerk:
The <SignIn/> component cannot render when a user is already signed in, unless the application allows multiple sessions. Since a user is signed in and this application only allows a single session, Clerk is redirecting to the `afterSignIn` URL instead.
(This notice only appears in development) @ https://healthy-snipe-46.clerk.accounts.dev/npm/@clerk/clerk-js@5.127.1/dist/ui-common_clerk.browser_9854dd_5.127.1.js:4
[   10117ms] [INFO] 🔒 Clerk:
The <SignIn/> component cannot render when a user is already signed in, unless the application allows multiple sessions. Since a user is signed in and this application only allows a single session, Clerk is redirecting to the `afterSignIn` URL instead.
(This notice only appears in development) @ https://healthy-snipe-46.clerk.accounts.dev/npm/@clerk/clerk-js@5.127.1/dist/ui-common_clerk.browser_9854dd_5.127.1.js:4
[   10130ms] [INFO] 🔒 Clerk:
The <SignIn/> component cannot render when a user is already signed in, unless the application allows multiple sessions. Since a user is signed in and this application only allows a single session, Clerk is redirecting to the `afterSignIn` URL instead.
(This notice only appears in development) @ https://healthy-snipe-46.clerk.accounts.dev/npm/@clerk/clerk-js@5.127.1/dist/ui-common_clerk.browser_9854dd_5.127.1.js:4
[   10143ms] [INFO] 🔒 Clerk:
The <SignIn/> component cannot render when a user is already signed in, unless the application allows multiple sessions. Since a user is signed in and this application only allows a single session, Clerk is redirecting to the `afterSignIn` URL instead.
(This notice only appears in development) @ https://healthy-snipe-46.clerk.accounts.dev/npm/@clerk/clerk-js@5.127.1/dist/ui-common_clerk.browser_9854dd_5.127.1.js:4
[   10156ms] [INFO] 🔒 Clerk:
The <SignIn/> component cannot render when a user is already signed in, unless the application allows multiple sessions. Since a user is signed in and this application only allows a single session, Clerk is redirecting to the `afterSignIn` URL instead.
(This notice only appears in development) @ https://healthy-snipe-46.clerk.accounts.dev/npm/@clerk/clerk-js@5.127.1/dist/ui-common_clerk.browser_9854dd_5.127.1.js:4
[   10169ms] [INFO] 🔒 Clerk:
The <SignIn/> component cannot render when a user is already signed in, unless the application allows multiple sessions. Since a user is signed in and this application only allows a single session, Clerk is redirecting to the `afterSignIn` URL instead.
(This notice only appears in development) @ https://healthy-snipe-46.clerk.accounts.dev/npm/@clerk/clerk-js@5.127.1/dist/ui-common_clerk.browser_9854dd_5.127.1.js:4
[   10181ms] [INFO] 🔒 Clerk:
The <SignIn/> component cannot render when a user is already signed in, unless the application allows multiple sessions. Since a user is signed in and this application only allows a single session, Clerk is redirecting to the `afterSignIn` URL instead.
(This notice only appears in development) @ https://healthy-snipe-46.clerk.accounts.dev/npm/@clerk/clerk-js@5.127.1/dist/ui-common_clerk.browser_9854dd_5.127.1.js:4
[   10196ms] [INFO] 🔒 Clerk:
The <SignIn/> component cannot render when a user is already signed in, unless the application allows multiple sessions. Since a user is signed in and this application only allows a single session, Clerk is redirecting to the `afterSignIn` URL instead.
(This notice only appears in development) @ https://healthy-snipe-46.clerk.accounts.dev/npm/@clerk/clerk-js@5.127.1/dist/ui-common_clerk.browser_9854dd_5.127.1.js:4
[   10210ms] [INFO] 🔒 Clerk:
The <SignIn/> component cannot render when a user is already signed in, unless the application allows multiple sessions. Since a user is signed in and this application only allows a single session, Clerk is redirecting to the `afterSignIn` URL instead.
(This notice only appears in development) @ https://healthy-snipe-46.clerk.accounts.dev/npm/@clerk/clerk-js@5.127.1/dist/ui-common_clerk.browser_9854dd_5.127.1.js:4
[   10224ms] [INFO] 🔒 Clerk:
The <SignIn/> component cannot render when a user is already signed in, unless the application allows multiple sessions. Since a user is signed in and this application only allows a single session, Clerk is redirecting to the `afterSignIn` URL instead.
(This notice only appears in development) @ https://healthy-snipe-46.clerk.accounts.dev/npm/@clerk/clerk-js@5.127.1/dist/ui-common_clerk.browser_9854dd_5.127.1.js:4
[   10236ms] [INFO] 🔒 Clerk:
The <SignIn/> component cannot render when a user is already signed in, unless the application allows multiple sessions. Since a user is signed in and this application only allows a single session, Clerk is redirecting to the `afterSignIn` URL instead.
(This notice only appears in development) @ https://healthy-snipe-46.clerk.accounts.dev/npm/@clerk/clerk-js@5.127.1/dist/ui-common_clerk.browser_9854dd_5.127.1.js:4
[   10249ms] [INFO] 🔒 Clerk:
The <SignIn/> component cannot render when a user is already signed in, unless the application allows multiple sessions. Since a user is signed in and this application only allows a single session, Clerk is redirecting to the `afterSignIn` URL instead.
(This notice only appears in development) @ https://healthy-snipe-46.clerk.accounts.dev/npm/@clerk/clerk-js@5.127.1/dist/ui-common_clerk.browser_9854dd_5.127.1.js:4
[   10261ms] [INFO] 🔒 Clerk:
The <SignIn/> component cannot render when a user is already signed in, unless the application allows multiple sessions. Since a user is signed in and this application only allows a single session, Clerk is redirecting to the `afterSignIn` URL instead.
(This notice only appears in development) @ https://healthy-snipe-46.clerk.accounts.dev/npm/@clerk/clerk-js@5.127.1/dist/ui-common_clerk.browser_9854dd_5.127.1.js:4
[   10285ms] [INFO] 🔒 Clerk:
The <SignIn/> component cannot render when a user is already signed in, unless the application allows multiple sessions. Since a user is signed in and this application only allows a single session, Clerk is redirecting to the `afterSignIn` URL instead.
(This notice only appears in development) @ https://healthy-snipe-46.clerk.accounts.dev/npm/@clerk/clerk-js@5.127.1/dist/ui-common_clerk.browser_9854dd_5.127.1.js:4
[   10304ms] [INFO] 🔒 Clerk:
The <SignIn/> component cannot render when a user is already signed in, unless the application allows multiple sessions. Since a user is signed in and this application only allows a single session, Clerk is redirecting to the `afterSignIn` URL instead.
(This notice only appears in development) @ https://healthy-snipe-46.clerk.accounts.dev/npm/@clerk/clerk-js@5.127.1/dist/ui-common_clerk.browser_9854dd_5.127.1.js:4
[   10319ms] [INFO] 🔒 Clerk:
The <SignIn/> component cannot render when a user is already signed in, unless the application allows multiple sessions. Since a user is signed in and this application only allows a single session, Clerk is redirecting to the `afterSignIn` URL instead.
(This notice only appears in development) @ https://healthy-snipe-46.clerk.accounts.dev/npm/@clerk/clerk-js@5.127.1/dist/ui-common_clerk.browser_9854dd_5.127.1.js:4
[   10334ms] [INFO] 🔒 Clerk:
The <SignIn/> component cannot render when a user is already signed in, unless the application allows multiple sessions. Since a user is signed in and this application only allows a single session, Clerk is redirecting to the `afterSignIn` URL instead.
(This notice only appears in development) @ https://healthy-snipe-46.clerk.accounts.dev/npm/@clerk/clerk-js@5.127.1/dist/ui-common_clerk.browser_9854dd_5.127.1.js:4
[   10347ms] [INFO] 🔒 Clerk:
The <SignIn/> component cannot render when a user is already signed in, unless the application allows multiple sessions. Since a user is signed in and this application only allows a single session, Clerk is redirecting to the `afterSignIn` URL instead.
(This notice only appears in development) @ https://healthy-snipe-46.clerk.accounts.dev/npm/@clerk/clerk-js@5.127.1/dist/ui-common_clerk.browser_9854dd_5.127.1.js:4
[   10359ms] [INFO] 🔒 Clerk:
The <SignIn/> component cannot render when a user is already signed in, unless the application allows multiple sessions. Since a user is signed in and this application only allows a single session, Clerk is redirecting to the `afterSignIn` URL instead.
(This notice only appears in development) @ https://healthy-snipe-46.clerk.accounts.dev/npm/@clerk/clerk-js@5.127.1/dist/ui-common_clerk.browser_9854dd_5.127.1.js:4
[   10378ms] [INFO] 🔒 Clerk:
The <SignIn/> component cannot render when a user is already signed in, unless the application allows multiple sessions. Since a user is signed in and this application only allows a single session, Clerk is redirecting to the `afterSignIn` URL instead.
(This notice only appears in development) @ https://healthy-snipe-46.clerk.accounts.dev/npm/@clerk/clerk-js@5.127.1/dist/ui-common_clerk.browser_9854dd_5.127.1.js:4
[   10398ms] [INFO] 🔒 Clerk:
The <SignIn/> component cannot render when a user is already signed in, unless the application allows multiple sessions. Since a user is signed in and this application only allows a single session, Clerk is redirecting to the `afterSignIn` URL instead.
(This notice only appears in development) @ https://healthy-snipe-46.clerk.accounts.dev/npm/@clerk/clerk-js@5.127.1/dist/ui-common_clerk.browser_9854dd_5.127.1.js:4
[   10409ms] [INFO] 🔒 Clerk:
The <SignIn/> component cannot render when a user is already signed in, unless the application allows multiple sessions. Since a user is signed in and this application only allows a single session, Clerk is redirecting to the `afterSignIn` URL instead.
(This notice only appears in development) @ https://healthy-snipe-46.clerk.accounts.dev/npm/@clerk/clerk-js@5.127.1/dist/ui-common_clerk.browser_9854dd_5.127.1.js:4
[   10420ms] [INFO] 🔒 Clerk:
The <SignIn/> component cannot render when a user is already signed in, unless the application allows multiple sessions. Since a user is signed in and this application only allows a single session, Clerk is redirecting to the `afterSignIn` URL instead.
(This notice only appears in development) @ https://healthy-snipe-46.clerk.accounts.dev/npm/@clerk/clerk-js@5.127.1/dist/ui-common_clerk.browser_9854dd_5.127.1.js:4
[   10432ms] [INFO] 🔒 Clerk:
The <SignIn/> component cannot render when a user is already signed in, unless the application allows multiple sessions. Since a user is signed in and this application only allows a single session, Clerk is redirecting to the `afterSignIn` URL instead.
(This notice only appears in development) @ https://healthy-snipe-46.clerk.accounts.dev/npm/@clerk/clerk-js@5.127.1/dist/ui-common_clerk.browser_9854dd_5.127.1.js:4
[   10448ms] [INFO] 🔒 Clerk:
The <SignIn/> component cannot render when a user is already signed in, unless the application allows multiple sessions. Since a user is signed in and this application only allows a single session, Clerk is redirecting to the `afterSignIn` URL instead.
(This notice only appears in development) @ https://healthy-snipe-46.clerk.accounts.dev/npm/@clerk/clerk-js@5.127.1/dist/ui-common_clerk.browser_9854dd_5.127.1.js:4
[   10459ms] [INFO] 🔒 Clerk:
The <SignIn/> component cannot render when a user is already signed in, unless the application allows multiple sessions. Since a user is signed in and this application only allows a single session, Clerk is redirecting to the `afterSignIn` URL instead.
(This notice only appears in development) @ https://healthy-snipe-46.clerk.accounts.dev/npm/@clerk/clerk-js@5.127.1/dist/ui-common_clerk.browser_9854dd_5.127.1.js:4
[   10472ms] [INFO] 🔒 Clerk:
The <SignIn/> component cannot render when a user is already signed in, unless the application allows multiple sessions. Since a user is signed in and this application only allows a single session, Clerk is redirecting to the `afterSignIn` URL instead.
(This notice only appears in development) @ https://healthy-snipe-46.clerk.accounts.dev/npm/@clerk/clerk-js@5.127.1/dist/ui-common_clerk.browser_9854dd_5.127.1.js:4
[   10484ms] [INFO] 🔒 Clerk:
The <SignIn/> component cannot render when a user is already signed in, unless the application allows multiple sessions. Since a user is signed in and this application only allows a single session, Clerk is redirecting to the `afterSignIn` URL instead.
(This notice only appears in development) @ https://healthy-snipe-46.clerk.accounts.dev/npm/@clerk/clerk-js@5.127.1/dist/ui-common_clerk.browser_9854dd_5.127.1.js:4
[   10493ms] [INFO] 🔒 Clerk:
The <SignIn/> component cannot render when a user is already signed in, unless the application allows multiple sessions. Since a user is signed in and this application only allows a single session, Clerk is redirecting to the `afterSignIn` URL instead.
(This notice only appears in development) @ https://healthy-snipe-46.clerk.accounts.dev/npm/@clerk/clerk-js@5.127.1/dist/ui-common_clerk.browser_9854dd_5.127.1.js:4
[   10508ms] [INFO] 🔒 Clerk:
The <SignIn/> component cannot render when a user is already signed in, unless the application allows multiple sessions. Since a user is signed in and this application only allows a single session, Clerk is redirecting to the `afterSignIn` URL instead.
(This notice only appears in development) @ https://healthy-snipe-46.clerk.accounts.dev/npm/@clerk/clerk-js@5.127.1/dist/ui-common_clerk.browser_9854dd_5.127.1.js:4
[   10522ms] [INFO] 🔒 Clerk:
The <SignIn/> component cannot render when a user is already signed in, unless the application allows multiple sessions. Since a user is signed in and this application only allows a single session, Clerk is redirecting to the `afterSignIn` URL instead.
(This notice only appears in development) @ https://healthy-snipe-46.clerk.accounts.dev/npm/@clerk/clerk-js@5.127.1/dist/ui-common_clerk.browser_9854dd_5.127.1.js:4
[   10536ms] [INFO] 🔒 Clerk:
The <SignIn/> component cannot render when a user is already signed in, unless the application allows multiple sessions. Since a user is signed in and this application only allows a single session, Clerk is redirecting to the `afterSignIn` URL instead.
(This notice only appears in development) @ https://healthy-snipe-46.clerk.accounts.dev/npm/@clerk/clerk-js@5.127.1/dist/ui-common_clerk.browser_9854dd_5.127.1.js:4
[   10547ms] [INFO] 🔒 Clerk:
The <SignIn/> component cannot render when a user is already signed in, unless the application allows multiple sessions. Since a user is signed in and this application only allows a single session, Clerk is redirecting to the `afterSignIn` URL instead.
(This notice only appears in development) @ https://healthy-snipe-46.clerk.accounts.dev/npm/@clerk/clerk-js@5.127.1/dist/ui-common_clerk.browser_9854dd_5.127.1.js:4
[   10558ms] [INFO] 🔒 Clerk:
The <SignIn/> component cannot render when a user is already signed in, unless the application allows multiple sessions. Since a user is signed in and this application only allows a single session, Clerk is redirecting to the `afterSignIn` URL instead.
(This notice only appears in development) @ https://healthy-snipe-46.clerk.accounts.dev/npm/@clerk/clerk-js@5.127.1/dist/ui-common_clerk.browser_9854dd_5.127.1.js:4
[   10571ms] [INFO] 🔒 Clerk:
The <SignIn/> component cannot render when a user is already signed in, unless the application allows multiple sessions. Since a user is signed in and this application only allows a single session, Clerk is redirecting to the `afterSignIn` URL instead.
(This notice only appears in development) @ https://healthy-snipe-46.clerk.accounts.dev/npm/@clerk/clerk-js@5.127.1/dist/ui-common_clerk.browser_9854dd_5.127.1.js:4
[   10584ms] [INFO] 🔒 Clerk:
The <SignIn/> component cannot render when a user is already signed in, unless the application allows multiple sessions. Since a user is signed in and this application only allows a single session, Clerk is redirecting to the `afterSignIn` URL instead.
(This notice only appears in development) @ https://healthy-snipe-46.clerk.accounts.dev/npm/@clerk/clerk-js@5.127.1/dist/ui-common_clerk.browser_9854dd_5.127.1.js:4
[   10597ms] [INFO] 🔒 Clerk:
The <SignIn/> component cannot render when a user is already signed in, unless the application allows multiple sessions. Since a user is signed in and this application only allows a single session, Clerk is redirecting to the `afterSignIn` URL instead.
(This notice only appears in development) @ https://healthy-snipe-46.clerk.accounts.dev/npm/@clerk/clerk-js@5.127.1/dist/ui-common_clerk.browser_9854dd_5.127.1.js:4
[   10609ms] [INFO] 🔒 Clerk:
The <SignIn/> component cannot render when a user is already signed in, unless the application allows multiple sessions. Since a user is signed in and this application only allows a single session, Clerk is redirecting to the `afterSignIn` URL instead.
(This notice only appears in development) @ https://healthy-snipe-46.clerk.accounts.dev/npm/@clerk/clerk-js@5.127.1/dist/ui-common_clerk.browser_9854dd_5.127.1.js:4
[   10632ms] [INFO] 🔒 Clerk:
The <SignIn/> component cannot render when a user is already signed in, unless the application allows multiple sessions. Since a user is signed in and this application only allows a single session, Clerk is redirecting to the `afterSignIn` URL instead.
(This notice only appears in development) @ https://healthy-snipe-46.clerk.accounts.dev/npm/@clerk/clerk-js@5.127.1/dist/ui-common_clerk.browser_9854dd_5.127.1.js:4
[   10649ms] [INFO] 🔒 Clerk:
The <SignIn/> component cannot render when a user is already signed in, unless the application allows multiple sessions. Since a user is signed in and this application only allows a single session, Clerk is redirecting to the `afterSignIn` URL instead.
(This notice only appears in development) @ https://healthy-snipe-46.clerk.accounts.dev/npm/@clerk/clerk-js@5.127.1/dist/ui-common_clerk.browser_9854dd_5.127.1.js:4
[   10663ms] [INFO] 🔒 Clerk:
The <SignIn/> component cannot render when a user is already signed in, unless the application allows multiple sessions. Since a user is signed in and this application only allows a single session, Clerk is redirecting to the `afterSignIn` URL instead.
(This notice only appears in development) @ https://healthy-snipe-46.clerk.accounts.dev/npm/@clerk/clerk-js@5.127.1/dist/ui-common_clerk.browser_9854dd_5.127.1.js:4
[   10674ms] [INFO] 🔒 Clerk:
The <SignIn/> component cannot render when a user is already signed in, unless the application allows multiple sessions. Since a user is signed in and this application only allows a single session, Clerk is redirecting to the `afterSignIn` URL instead.
(This notice only appears in development) @ https://healthy-snipe-46.clerk.accounts.dev/npm/@clerk/clerk-js@5.127.1/dist/ui-common_clerk.browser_9854dd_5.127.1.js:4
[   10686ms] [INFO] 🔒 Clerk:
The <SignIn/> component cannot render when a user is already signed in, unless the application allows multiple sessions. Since a user is signed in and this application only allows a single session, Clerk is redirecting to the `afterSignIn` URL instead.
(This notice only appears in development) @ https://healthy-snipe-46.clerk.accounts.dev/npm/@clerk/clerk-js@5.127.1/dist/ui-common_clerk.browser_9854dd_5.127.1.js:4
[   10701ms] [INFO] 🔒 Clerk:
The <SignIn/> component cannot render when a user is already signed in, unless the application allows multiple sessions. Since a user is signed in and this application only allows a single session, Clerk is redirecting to the `afterSignIn` URL instead.
(This notice only appears in development) @ https://healthy-snipe-46.clerk.accounts.dev/npm/@clerk/clerk-js@5.127.1/dist/ui-common_clerk.browser_9854dd_5.127.1.js:4
[   10717ms] [INFO] 🔒 Clerk:
The <SignIn/> component cannot render when a user is already signed in, unless the application allows multiple sessions. Since a user is signed in and this application only allows a single session, Clerk is redirecting to the `afterSignIn` URL instead.
(This notice only appears in development) @ https://healthy-snipe-46.clerk.accounts.dev/npm/@clerk/clerk-js@5.127.1/dist/ui-common_clerk.browser_9854dd_5.127.1.js:4
[   10731ms] [INFO] 🔒 Clerk:
The <SignIn/> component cannot render when a user is already signed in, unless the application allows multiple sessions. Since a user is signed in and this application only allows a single session, Clerk is redirecting to the `afterSignIn` URL instead.
(This notice only appears in development) @ https://healthy-snipe-46.clerk.accounts.dev/npm/@clerk/clerk-js@5.127.1/dist/ui-common_clerk.browser_9854dd_5.127.1.js:4
[   10743ms] [INFO] 🔒 Clerk:
The <SignIn/> component cannot render when a user is already signed in, unless the application allows multiple sessions. Since a user is signed in and this application only allows a single session, Clerk is redirecting to the `afterSignIn` URL instead.
(This notice only appears in development) @ https://healthy-snipe-46.clerk.accounts.dev/npm/@clerk/clerk-js@5.127.1/dist/ui-common_clerk.browser_9854dd_5.127.1.js:4
[   10779ms] [INFO] 🔒 Clerk:
The <SignIn/> component cannot render when a user is already signed in, unless the application allows multiple sessions. Since a user is signed in and this application only allows a single session, Clerk is redirecting to the `afterSignIn` URL instead.
(This notice only appears in development) @ https://healthy-snipe-46.clerk.accounts.dev/npm/@clerk/clerk-js@5.127.1/dist/ui-common_clerk.browser_9854dd_5.127.1.js:4
[   10794ms] [INFO] 🔒 Clerk:
The <SignIn/> component cannot render when a user is already signed in, unless the application allows multiple sessions. Since a user is signed in and this application only allows a single session, Clerk is redirecting to the `afterSignIn` URL instead.
(This notice only appears in development) @ https://healthy-snipe-46.clerk.accounts.dev/npm/@clerk/clerk-js@5.127.1/dist/ui-common_clerk.browser_9854dd_5.127.1.js:4
[   10808ms] [INFO] 🔒 Clerk:
The <SignIn/> component cannot render when a user is already signed in, unless the application allows multiple sessions. Since a user is signed in and this application only allows a single session, Clerk is redirecting to the `afterSignIn` URL instead.
(This notice only appears in development) @ https://healthy-snipe-46.clerk.accounts.dev/npm/@clerk/clerk-js@5.127.1/dist/ui-common_clerk.browser_9854dd_5.127.1.js:4
[   10822ms] [INFO] 🔒 Clerk:
The <SignIn/> component cannot render when a user is already signed in, unless the application allows multiple sessions. Since a user is signed in and this application only allows a single session, Clerk is redirecting to the `afterSignIn` URL instead.
(This notice only appears in development) @ https://healthy-snipe-46.clerk.accounts.dev/npm/@clerk/clerk-js@5.127.1/dist/ui-common_clerk.browser_9854dd_5.127.1.js:4
[   10836ms] [INFO] 🔒 Clerk:
The <SignIn/> component cannot render when a user is already signed in, unless the application allows multiple sessions. Since a user is signed in and this application only allows a single session, Clerk is redirecting to the `afterSignIn` URL instead.
(This notice only appears in development) @ https://healthy-snipe-46.clerk.accounts.dev/npm/@clerk/clerk-js@5.127.1/dist/ui-common_clerk.browser_9854dd_5.127.1.js:4
[   10847ms] [INFO] 🔒 Clerk:
The <SignIn/> component cannot render when a user is already signed in, unless the application allows multiple sessions. Since a user is signed in and this application only allows a single session, Clerk is redirecting to the `afterSignIn` URL instead.
(This notice only appears in development) @ https://healthy-snipe-46.clerk.accounts.dev/npm/@clerk/clerk-js@5.127.1/dist/ui-common_clerk.browser_9854dd_5.127.1.js:4
[   10860ms] [INFO] 🔒 Clerk:
The <SignIn/> component cannot render when a user is already signed in, unless the application allows multiple sessions. Since a user is signed in and this application only allows a single session, Clerk is redirecting to the `afterSignIn` URL instead.
(This notice only appears in development) @ https://healthy-snipe-46.clerk.accounts.dev/npm/@clerk/clerk-js@5.127.1/dist/ui-common_clerk.browser_9854dd_5.127.1.js:4
[   10872ms] [INFO] 🔒 Clerk:
The <SignIn/> component cannot render when a user is already signed in, unless the application allows multiple sessions. Since a user is signed in and this application only allows a single session, Clerk is redirecting to the `afterSignIn` URL instead.
(This notice only appears in development) @ https://healthy-snipe-46.clerk.accounts.dev/npm/@clerk/clerk-js@5.127.1/dist/ui-common_clerk.browser_9854dd_5.127.1.js:4
[   10896ms] [INFO] 🔒 Clerk:
The <SignIn/> component cannot render when a user is already signed in, unless the application allows multiple sessions. Since a user is signed in and this application only allows a single session, Clerk is redirecting to the `afterSignIn` URL instead.
(This notice only appears in development) @ https://healthy-snipe-46.clerk.accounts.dev/npm/@clerk/clerk-js@5.127.1/dist/ui-common_clerk.browser_9854dd_5.127.1.js:4
[   10914ms] [INFO] 🔒 Clerk:
The <SignIn/> component cannot render when a user is already signed in, unless the application allows multiple sessions. Since a user is signed in and this application only allows a single session, Clerk is redirecting to the `afterSignIn` URL instead.
(This notice only appears in development) @ https://healthy-snipe-46.clerk.accounts.dev/npm/@clerk/clerk-js@5.127.1/dist/ui-common_clerk.browser_9854dd_5.127.1.js:4
[   10927ms] [INFO] 🔒 Clerk:
The <SignIn/> component cannot render when a user is already signed in, unless the application allows multiple sessions. Since a user is signed in and this application only allows a single session, Clerk is redirecting to the `afterSignIn` URL instead.
(This notice only appears in development) @ https://healthy-snipe-46.clerk.accounts.dev/npm/@clerk/clerk-js@5.127.1/dist/ui-common_clerk.browser_9854dd_5.127.1.js:4
[   10942ms] [INFO] 🔒 Clerk:
The <SignIn/> component cannot render when a user is already signed in, unless the application allows multiple sessions. Since a user is signed in and this application only allows a single session, Clerk is redirecting to the `afterSignIn` URL instead.
(This notice only appears in development) @ https://healthy-snipe-46.clerk.accounts.dev/npm/@clerk/clerk-js@5.127.1/dist/ui-common_clerk.browser_9854dd_5.127.1.js:4
[   10956ms] [INFO] 🔒 Clerk:
The <SignIn/> component cannot render when a user is already signed in, unless the application allows multiple sessions. Since a user is signed in and this application only allows a single session, Clerk is redirecting to the `afterSignIn` URL instead.
(This notice only appears in development) @ https://healthy-snipe-46.clerk.accounts.dev/npm/@clerk/clerk-js@5.127.1/dist/ui-common_clerk.browser_9854dd_5.127.1.js:4
[   10970ms] [INFO] 🔒 Clerk:
The <SignIn/> component cannot render when a user is already signed in, unless the application allows multiple sessions. Since a user is signed in and this application only allows a single session, Clerk is redirecting to the `afterSignIn` URL instead.
(This notice only appears in development) @ https://healthy-snipe-46.clerk.accounts.dev/npm/@clerk/clerk-js@5.127.1/dist/ui-common_clerk.browser_9854dd_5.127.1.js:4
[   10983ms] [INFO] 🔒 Clerk:
The <SignIn/> component cannot render when a user is already signed in, unless the application allows multiple sessions. Since a user is signed in and this application only allows a single session, Clerk is redirecting to the `afterSignIn` URL instead.
(This notice only appears in development) @ https://healthy-snipe-46.clerk.accounts.dev/npm/@clerk/clerk-js@5.127.1/dist/ui-common_clerk.browser_9854dd_5.127.1.js:4
[   10995ms] [INFO] 🔒 Clerk:
The <SignIn/> component cannot render when a user is already signed in, unless the application allows multiple sessions. Since a user is signed in and this application only allows a single session, Clerk is redirecting to the `afterSignIn` URL instead.
(This notice only appears in development) @ https://healthy-snipe-46.clerk.accounts.dev/npm/@clerk/clerk-js@5.127.1/dist/ui-common_clerk.browser_9854dd_5.127.1.js:4
[   11008ms] [INFO] 🔒 Clerk:
The <SignIn/> component cannot render when a user is already signed in, unless the application allows multiple sessions. Since a user is signed in and this application only allows a single session, Clerk is redirecting to the `afterSignIn` URL instead.
(This notice only appears in development) @ https://healthy-snipe-46.clerk.accounts.dev/npm/@clerk/clerk-js@5.127.1/dist/ui-common_clerk.browser_9854dd_5.127.1.js:4
[   11021ms] [INFO] 🔒 Clerk:
The <SignIn/> component cannot render when a user is already signed in, unless the application allows multiple sessions. Since a user is signed in and this application only allows a single session, Clerk is redirecting to the `afterSignIn` URL instead.
(This notice only appears in development) @ https://healthy-snipe-46.clerk.accounts.dev/npm/@clerk/clerk-js@5.127.1/dist/ui-common_clerk.browser_9854dd_5.127.1.js:4
[   11034ms] [INFO] 🔒 Clerk:
The <SignIn/> component cannot render when a user is already signed in, unless the application allows multiple sessions. Since a user is signed in and this application only allows a single session, Clerk is redirecting to the `afterSignIn` URL instead.
(This notice only appears in development) @ https://healthy-snipe-46.clerk.accounts.dev/npm/@clerk/clerk-js@5.127.1/dist/ui-common_clerk.browser_9854dd_5.127.1.js:4
[   11047ms] [INFO] 🔒 Clerk:
The <SignIn/> component cannot render when a user is already signed in, unless the application allows multiple sessions. Since a user is signed in and this application only allows a single session, Clerk is redirecting to the `afterSignIn` URL instead.
(This notice only appears in development) @ https://healthy-snipe-46.clerk.accounts.dev/npm/@clerk/clerk-js@5.127.1/dist/ui-common_clerk.browser_9854dd_5.127.1.js:4
[   11058ms] [INFO] 🔒 Clerk:
The <SignIn/> component cannot render when a user is already signed in, unless the application allows multiple sessions. Since a user is signed in and this application only allows a single session, Clerk is redirecting to the `afterSignIn` URL instead.
(This notice only appears in development) @ https://healthy-snipe-46.clerk.accounts.dev/npm/@clerk/clerk-js@5.127.1/dist/ui-common_clerk.browser_9854dd_5.127.1.js:4
[   11070ms] [INFO] 🔒 Clerk:
The <SignIn/> component cannot render when a user is already signed in, unless the application allows multiple sessions. Since a user is signed in and this application only allows a single session, Clerk is redirecting to the `afterSignIn` URL instead.
(This notice only appears in development) @ https://healthy-snipe-46.clerk.accounts.dev/npm/@clerk/clerk-js@5.127.1/dist/ui-common_clerk.browser_9854dd_5.127.1.js:4
[   11086ms] [INFO] 🔒 Clerk:
The <SignIn/> component cannot render when a user is already signed in, unless the application allows multiple sessions. Since a user is signed in and this application only allows a single session, Clerk is redirecting to the `afterSignIn` URL instead.
(This notice only appears in development) @ https://healthy-snipe-46.clerk.accounts.dev/npm/@clerk/clerk-js@5.127.1/dist/ui-common_clerk.browser_9854dd_5.127.1.js:4
[   11097ms] [INFO] 🔒 Clerk:
The <SignIn/> component cannot render when a user is already signed in, unless the application allows multiple sessions. Since a user is signed in and this application only allows a single session, Clerk is redirecting to the `afterSignIn` URL instead.
(This notice only appears in development) @ https://healthy-snipe-46.clerk.accounts.dev/npm/@clerk/clerk-js@5.127.1/dist/ui-common_clerk.browser_9854dd_5.127.1.js:4
[   11110ms] [INFO] 🔒 Clerk:
The <SignIn/> component cannot render when a user is already signed in, unless the application allows multiple sessions. Since a user is signed in and this application only allows a single session, Clerk is redirecting to the `afterSignIn` URL instead.
(This notice only appears in development) @ https://healthy-snipe-46.clerk.accounts.dev/npm/@clerk/clerk-js@5.127.1/dist/ui-common_clerk.browser_9854dd_5.127.1.js:4
[   11123ms] [INFO] 🔒 Clerk:
The <SignIn/> component cannot render when a user is already signed in, unless the application allows multiple sessions. Since a user is signed in and this application only allows a single session, Clerk is redirecting to the `afterSignIn` URL instead.
(This notice only appears in development) @ https://healthy-snipe-46.clerk.accounts.dev/npm/@clerk/clerk-js@5.127.1/dist/ui-common_clerk.browser_9854dd_5.127.1.js:4
[   11137ms] [INFO] 🔒 Clerk:
The <SignIn/> component cannot render when a user is already signed in, unless the application allows multiple sessions. Since a user is signed in and this application only allows a single session, Clerk is redirecting to the `afterSignIn` URL instead.
(This notice only appears in development) @ https://healthy-snipe-46.clerk.accounts.dev/npm/@clerk/clerk-js@5.127.1/dist/ui-common_clerk.browser_9854dd_5.127.1.js:4
[   11151ms] [INFO] 🔒 Clerk:
The <SignIn/> component cannot render when a user is already signed in, unless the application allows multiple sessions. Since a user is signed in and this application only allows a single session, Clerk is redirecting to the `afterSignIn` URL instead.
(This notice only appears in development) @ https://healthy-snipe-46.clerk.accounts.dev/npm/@clerk/clerk-js@5.127.1/dist/ui-common_clerk.browser_9854dd_5.127.1.js:4
[   11161ms] [INFO] 🔒 Clerk:
The <SignIn/> component cannot render when a user is already signed in, unless the application allows multiple sessions. Since a user is signed in and this application only allows a single session, Clerk is redirecting to the `afterSignIn` URL instead.
(This notice only appears in development) @ https://healthy-snipe-46.clerk.accounts.dev/npm/@clerk/clerk-js@5.127.1/dist/ui-common_clerk.browser_9854dd_5.127.1.js:4
[   11175ms] [INFO] 🔒 Clerk:
The <SignIn/> component cannot render when a user is already signed in, unless the application allows multiple sessions. Since a user is signed in and this application only allows a single session, Clerk is redirecting to the `afterSignIn` URL instead.
(This notice only appears in development) @ https://healthy-snipe-46.clerk.accounts.dev/npm/@clerk/clerk-js@5.127.1/dist/ui-common_clerk.browser_9854dd_5.127.1.js:4
[   11191ms] [INFO] 🔒 Clerk:
The <SignIn/> component cannot render when a user is already signed in, unless the application allows multiple sessions. Since a user is signed in and this application only allows a single session, Clerk is redirecting to the `afterSignIn` URL instead.
(This notice only appears in development) @ https://healthy-snipe-46.clerk.accounts.dev/npm/@clerk/clerk-js@5.127.1/dist/ui-common_clerk.browser_9854dd_5.127.1.js:4
[   11208ms] [INFO] 🔒 Clerk:
The <SignIn/> component cannot render when a user is already signed in, unless the application allows multiple sessions. Since a user is signed in and this application only allows a single session, Clerk is redirecting to the `afterSignIn` URL instead.
(This notice only appears in development) @ https://healthy-snipe-46.clerk.accounts.dev/npm/@clerk/clerk-js@5.127.1/dist/ui-common_clerk.browser_9854dd_5.127.1.js:4
[   11220ms] [INFO] 🔒 Clerk:
The <SignIn/> component cannot render when a user is already signed in, unless the application allows multiple sessions. Since a user is signed in and this application only allows a single session, Clerk is redirecting to the `afterSignIn` URL instead.
(This notice only appears in development) @ https://healthy-snipe-46.clerk.accounts.dev/npm/@clerk/clerk-js@5.127.1/dist/ui-common_clerk.browser_9854dd_5.127.1.js:4
[   11232ms] [INFO] 🔒 Clerk:
The <SignIn/> component cannot render when a user is already signed in, unless the application allows multiple sessions. Since a user is signed in and this application only allows a single session, Clerk is redirecting to the `afterSignIn` URL instead.
(This notice only appears in development) @ https://healthy-snipe-46.clerk.accounts.dev/npm/@clerk/clerk-js@5.127.1/dist/ui-common_clerk.browser_9854dd_5.127.1.js:4
[   11243ms] [INFO] 🔒 Clerk:
The <SignIn/> component cannot render when a user is already signed in, unless the application allows multiple sessions. Since a user is signed in and this application only allows a single session, Clerk is redirecting to the `afterSignIn` URL instead.
(This notice only appears in development) @ https://healthy-snipe-46.clerk.accounts.dev/npm/@clerk/clerk-js@5.127.1/dist/ui-common_clerk.browser_9854dd_5.127.1.js:4
[   11259ms] [INFO] 🔒 Clerk:
The <SignIn/> component cannot render when a user is already signed in, unless the application allows multiple sessions. Since a user is signed in and this application only allows a single session, Clerk is redirecting to the `afterSignIn` URL instead.
(This notice only appears in development) @ https://healthy-snipe-46.clerk.accounts.dev/npm/@clerk/clerk-js@5.127.1/dist/ui-common_clerk.browser_9854dd_5.127.1.js:4
[   11270ms] [INFO] 🔒 Clerk:
The <SignIn/> component cannot render when a user is already signed in, unless the application allows multiple sessions. Since a user is signed in and this application only allows a single session, Clerk is redirecting to the `afterSignIn` URL instead.
(This notice only appears in development) @ https://healthy-snipe-46.clerk.accounts.dev/npm/@clerk/clerk-js@5.127.1/dist/ui-common_clerk.browser_9854dd_5.127.1.js:4
[   11282ms] [INFO] 🔒 Clerk:
The <SignIn/> component cannot render when a user is already signed in, unless the application allows multiple sessions. Since a user is signed in and this application only allows a single session, Clerk is redirecting to the `afterSignIn` URL instead.
(This notice only appears in development) @ https://healthy-snipe-46.clerk.accounts.dev/npm/@clerk/clerk-js@5.127.1/dist/ui-common_clerk.browser_9854dd_5.127.1.js:4
[   11295ms] [INFO] 🔒 Clerk:
The <SignIn/> component cannot render when a user is already signed in, unless the application allows multiple sessions. Since a user is signed in and this application only allows a single session, Clerk is redirecting to the `afterSignIn` URL instead.
(This notice only appears in development) @ https://healthy-snipe-46.clerk.accounts.dev/npm/@clerk/clerk-js@5.127.1/dist/ui-common_clerk.browser_9854dd_5.127.1.js:4
[   11306ms] [INFO] 🔒 Clerk:
The <SignIn/> component cannot render when a user is already signed in, unless the application allows multiple sessions. Since a user is signed in and this application only allows a single session, Clerk is redirecting to the `afterSignIn` URL instead.
(This notice only appears in development) @ https://healthy-snipe-46.clerk.accounts.dev/npm/@clerk/clerk-js@5.127.1/dist/ui-common_clerk.browser_9854dd_5.127.1.js:4
[   11319ms] [INFO] 🔒 Clerk:
The <SignIn/> component cannot render when a user is already signed in, unless the application allows multiple sessions. Since a user is signed in and this application only allows a single session, Clerk is redirecting to the `afterSignIn` URL instead.
(This notice only appears in development) @ https://healthy-snipe-46.clerk.accounts.dev/npm/@clerk/clerk-js@5.127.1/dist/ui-common_clerk.browser_9854dd_5.127.1.js:4
[   11333ms] [INFO] 🔒 Clerk:
The <SignIn/> component cannot render when a user is already signed in, unless the application allows multiple sessions. Since a user is signed in and this application only allows a single session, Clerk is redirecting to the `afterSignIn` URL instead.
(This notice only appears in development) @ https://healthy-snipe-46.clerk.accounts.dev/npm/@clerk/clerk-js@5.127.1/dist/ui-common_clerk.browser_9854dd_5.127.1.js:4
[   11346ms] [INFO] 🔒 Clerk:
The <SignIn/> component cannot render when a user is already signed in, unless the application allows multiple sessions. Since a user is signed in and this application only allows a single session, Clerk is redirecting to the `afterSignIn` URL instead.
(This notice only appears in development) @ https://healthy-snipe-46.clerk.accounts.dev/npm/@clerk/clerk-js@5.127.1/dist/ui-common_clerk.browser_9854dd_5.127.1.js:4
[   11358ms] [INFO] 🔒 Clerk:
The <SignIn/> component cannot render when a user is already signed in, unless the application allows multiple sessions. Since a user is signed in and this application only allows a single session, Clerk is redirecting to the `afterSignIn` URL instead.
(This notice only appears in development) @ https://healthy-snipe-46.clerk.accounts.dev/npm/@clerk/clerk-js@5.127.1/dist/ui-common_clerk.browser_9854dd_5.127.1.js:4
[   11373ms] [INFO] 🔒 Clerk:
The <SignIn/> component cannot render when a user is already signed in, unless the application allows multiple sessions. Since a user is signed in and this application only allows a single session, Clerk is redirecting to the `afterSignIn` URL instead.
(This notice only appears in development) @ https://healthy-snipe-46.clerk.accounts.dev/npm/@clerk/clerk-js@5.127.1/dist/ui-common_clerk.browser_9854dd_5.127.1.js:4
[   11386ms] [INFO] 🔒 Clerk:
The <SignIn/> component cannot render when a user is already signed in, unless the application allows multiple sessions. Since a user is signed in and this application only allows a single session, Clerk is redirecting to the `afterSignIn` URL instead.
(This notice only appears in development) @ https://healthy-snipe-46.clerk.accounts.dev/npm/@clerk/clerk-js@5.127.1/dist/ui-common_clerk.browser_9854dd_5.127.1.js:4
[   11396ms] [INFO] 🔒 Clerk:
The <SignIn/> component cannot render when a user is already signed in, unless the application allows multiple sessions. Since a user is signed in and this application only allows a single session, Clerk is redirecting to the `afterSignIn` URL instead.
(This notice only appears in development) @ https://healthy-snipe-46.clerk.accounts.dev/npm/@clerk/clerk-js@5.127.1/dist/ui-common_clerk.browser_9854dd_5.127.1.js:4
[   11408ms] [INFO] 🔒 Clerk:
The <SignIn/> component cannot render when a user is already signed in, unless the application allows multiple sessions. Since a user is signed in and this application only allows a single session, Clerk is redirecting to the `afterSignIn` URL instead.
(This notice only appears in development) @ https://healthy-snipe-46.clerk.accounts.dev/npm/@clerk/clerk-js@5.127.1/dist/ui-common_clerk.browser_9854dd_5.127.1.js:4
[   11422ms] [INFO] 🔒 Clerk:
The <SignIn/> component cannot render when a user is already signed in, unless the application allows multiple sessions. Since a user is signed in and this application only allows a single session, Clerk is redirecting to the `afterSignIn` URL instead.
(This notice only appears in development) @ https://healthy-snipe-46.clerk.accounts.dev/npm/@clerk/clerk-js@5.127.1/dist/ui-common_clerk.browser_9854dd_5.127.1.js:4
[   11435ms] [INFO] 🔒 Clerk:
The <SignIn/> component cannot render when a user is already signed in, unless the application allows multiple sessions. Since a user is signed in and this application only allows a single session, Clerk is redirecting to the `afterSignIn` URL instead.
(This notice only appears in development) @ https://healthy-snipe-46.clerk.accounts.dev/npm/@clerk/clerk-js@5.127.1/dist/ui-common_clerk.browser_9854dd_5.127.1.js:4
[   11447ms] [INFO] 🔒 Clerk:
The <SignIn/> component cannot render when a user is already signed in, unless the application allows multiple sessions. Since a user is signed in and this application only allows a single session, Clerk is redirecting to the `afterSignIn` URL instead.
(This notice only appears in development) @ https://healthy-snipe-46.clerk.accounts.dev/npm/@clerk/clerk-js@5.127.1/dist/ui-common_clerk.browser_9854dd_5.127.1.js:4
[   11457ms] [INFO] 🔒 Clerk:
The <SignIn/> component cannot render when a user is already signed in, unless the application allows multiple sessions. Since a user is signed in and this application only allows a single session, Clerk is redirecting to the `afterSignIn` URL instead.
(This notice only appears in development) @ https://healthy-snipe-46.clerk.accounts.dev/npm/@clerk/clerk-js@5.127.1/dist/ui-common_clerk.browser_9854dd_5.127.1.js:4
[   11473ms] [INFO] 🔒 Clerk:
The <SignIn/> component cannot render when a user is already signed in, unless the application allows multiple sessions. Since a user is signed in and this application only allows a single session, Clerk is redirecting to the `afterSignIn` URL instead.
(This notice only appears in development) @ https://healthy-snipe-46.clerk.accounts.dev/npm/@clerk/clerk-js@5.127.1/dist/ui-common_clerk.browser_9854dd_5.127.1.js:4
[   11487ms] [INFO] 🔒 Clerk:
The <SignIn/> component cannot render when a user is already signed in, unless the application allows multiple sessions. Since a user is signed in and this application only allows a single session, Clerk is redirecting to the `afterSignIn` URL instead.
(This notice only appears in development) @ https://healthy-snipe-46.clerk.accounts.dev/npm/@clerk/clerk-js@5.127.1/dist/ui-common_clerk.browser_9854dd_5.127.1.js:4
[   11498ms] [INFO] 🔒 Clerk:
The <SignIn/> component cannot render when a user is already signed in, unless the application allows multiple sessions. Since a user is signed in and this application only allows a single session, Clerk is redirecting to the `afterSignIn` URL instead.
(This notice only appears in development) @ https://healthy-snipe-46.clerk.accounts.dev/npm/@clerk/clerk-js@5.127.1/dist/ui-common_clerk.browser_9854dd_5.127.1.js:4
[   11509ms] [INFO] 🔒 Clerk:
The <SignIn/> component cannot render when a user is already signed in, unless the application allows multiple sessions. Since a user is signed in and this application only allows a single session, Clerk is redirecting to the `afterSignIn` URL instead.
(This notice only appears in development) @ https://healthy-snipe-46.clerk.accounts.dev/npm/@clerk/clerk-js@5.127.1/dist/ui-common_clerk.browser_9854dd_5.127.1.js:4
[   11523ms] [INFO] 🔒 Clerk:
The <SignIn/> component cannot render when a user is already signed in, unless the application allows multiple sessions. Since a user is signed in and this application only allows a single session, Clerk is redirecting to the `afterSignIn` URL instead.
(This notice only appears in development) @ https://healthy-snipe-46.clerk.accounts.dev/npm/@clerk/clerk-js@5.127.1/dist/ui-common_clerk.browser_9854dd_5.127.1.js:4
[   11539ms] [INFO] 🔒 Clerk:
The <SignIn/> component cannot render when a user is already signed in, unless the application allows multiple sessions. Since a user is signed in and this application only allows a single session, Clerk is redirecting to the `afterSignIn` URL instead.
(This notice only appears in development) @ https://healthy-snipe-46.clerk.accounts.dev/npm/@clerk/clerk-js@5.127.1/dist/ui-common_clerk.browser_9854dd_5.127.1.js:4
[   11554ms] [INFO] 🔒 Clerk:
The <SignIn/> component cannot render when a user is already signed in, unless the application allows multiple sessions. Since a user is signed in and this application only allows a single session, Clerk is redirecting to the `afterSignIn` URL instead.
(This notice only appears in development) @ https://healthy-snipe-46.clerk.accounts.dev/npm/@clerk/clerk-js@5.127.1/dist/ui-common_clerk.browser_9854dd_5.127.1.js:4
[   11563ms] [INFO] 🔒 Clerk:
The <SignIn/> component cannot render when a user is already signed in, unless the application allows multiple sessions. Since a user is signed in and this application only allows a single session, Clerk is redirecting to the `afterSignIn` URL instead.
(This notice only appears in development) @ https://healthy-snipe-46.clerk.accounts.dev/npm/@clerk/clerk-js@5.127.1/dist/ui-common_clerk.browser_9854dd_5.127.1.js:4
[   11576ms] [INFO] 🔒 Clerk:
The <SignIn/> component cannot render when a user is already signed in, unless the application allows multiple sessions. Since a user is signed in and this application only allows a single session, Clerk is redirecting to the `afterSignIn` URL instead.
(This notice only appears in development) @ https://healthy-snipe-46.clerk.accounts.dev/npm/@clerk/clerk-js@5.127.1/dist/ui-common_clerk.browser_9854dd_5.127.1.js:4
[   11589ms] [INFO] 🔒 Clerk:
The <SignIn/> component cannot render when a user is already signed in, unless the application allows multiple sessions. Since a user is signed in and this application only allows a single session, Clerk is redirecting to the `afterSignIn` URL instead.
(This notice only appears in development) @ https://healthy-snipe-46.clerk.accounts.dev/npm/@clerk/clerk-js@5.127.1/dist/ui-common_clerk.browser_9854dd_5.127.1.js:4
[   11600ms] [INFO] 🔒 Clerk:
The <SignIn/> component cannot render when a user is already signed in, unless the application allows multiple sessions. Since a user is signed in and this application only allows a single session, Clerk is redirecting to the `afterSignIn` URL instead.
(This notice only appears in development) @ https://healthy-snipe-46.clerk.accounts.dev/npm/@clerk/clerk-js@5.127.1/dist/ui-common_clerk.browser_9854dd_5.127.1.js:4
[   11613ms] [INFO] 🔒 Clerk:
The <SignIn/> component cannot render when a user is already signed in, unless the application allows multiple sessions. Since a user is signed in and this application only allows a single session, Clerk is redirecting to the `afterSignIn` URL instead.
(This notice only appears in development) @ https://healthy-snipe-46.clerk.accounts.dev/npm/@clerk/clerk-js@5.127.1/dist/ui-common_clerk.browser_9854dd_5.127.1.js:4
[   11627ms] [INFO] 🔒 Clerk:
The <SignIn/> component cannot render when a user is already signed in, unless the application allows multiple sessions. Since a user is signed in and this application only allows a single session, Clerk is redirecting to the `afterSignIn` URL instead.
(This notice only appears in development) @ https://healthy-snipe-46.clerk.accounts.dev/npm/@clerk/clerk-js@5.127.1/dist/ui-common_clerk.browser_9854dd_5.127.1.js:4
[   11641ms] [INFO] 🔒 Clerk:
The <SignIn/> component cannot render when a user is already signed in, unless the application allows multiple sessions. Since a user is signed in and this application only allows a single session, Clerk is redirecting to the `afterSignIn` URL instead.
(This notice only appears in development) @ https://healthy-snipe-46.clerk.accounts.dev/npm/@clerk/clerk-js@5.127.1/dist/ui-common_clerk.browser_9854dd_5.127.1.js:4
[   11656ms] [INFO] 🔒 Clerk:
The <SignIn/> component cannot render when a user is already signed in, unless the application allows multiple sessions. Since a user is signed in and this application only allows a single session, Clerk is redirecting to the `afterSignIn` URL instead.
(This notice only appears in development) @ https://healthy-snipe-46.clerk.accounts.dev/npm/@clerk/clerk-js@5.127.1/dist/ui-common_clerk.browser_9854dd_5.127.1.js:4
[   11670ms] [INFO] 🔒 Clerk:
The <SignIn/> component cannot render when a user is already signed in, unless the application allows multiple sessions. Since a user is signed in and this application only allows a single session, Clerk is redirecting to the `afterSignIn` URL instead.
(This notice only appears in development) @ https://healthy-snipe-46.clerk.accounts.dev/npm/@clerk/clerk-js@5.127.1/dist/ui-common_clerk.browser_9854dd_5.127.1.js:4
[   11682ms] [INFO] 🔒 Clerk:
The <SignIn/> component cannot render when a user is already signed in, unless the application allows multiple sessions. Since a user is signed in and this application only allows a single session, Clerk is redirecting to the `afterSignIn` URL instead.
(This notice only appears in development) @ https://healthy-snipe-46.clerk.accounts.dev/npm/@clerk/clerk-js@5.127.1/dist/ui-common_clerk.browser_9854dd_5.127.1.js:4
[   11693ms] [INFO] 🔒 Clerk:
The <SignIn/> component cannot render when a user is already signed in, unless the application allows multiple sessions. Since a user is signed in and this application only allows a single session, Clerk is redirecting to the `afterSignIn` URL instead.
(This notice only appears in development) @ https://healthy-snipe-46.clerk.accounts.dev/npm/@clerk/clerk-js@5.127.1/dist/ui-common_clerk.browser_9854dd_5.127.1.js:4
[   11707ms] [INFO] 🔒 Clerk:
The <SignIn/> component cannot render when a user is already signed in, unless the application allows multiple sessions. Since a user is signed in and this application only allows a single session, Clerk is redirecting to the `afterSignIn` URL instead.
(This notice only appears in development) @ https://healthy-snipe-46.clerk.accounts.dev/npm/@clerk/clerk-js@5.127.1/dist/ui-common_clerk.browser_9854dd_5.127.1.js:4
[   11719ms] [INFO] 🔒 Clerk:
The <SignIn/> component cannot render when a user is already signed in, unless the application allows multiple sessions. Since a user is signed in and this application only allows a single session, Clerk is redirecting to the `afterSignIn` URL instead.
(This notice only appears in development) @ https://healthy-snipe-46.clerk.accounts.dev/npm/@clerk/clerk-js@5.127.1/dist/ui-common_clerk.browser_9854dd_5.127.1.js:4
[   11737ms] [INFO] 🔒 Clerk:
The <SignIn/> component cannot render when a user is already signed in, unless the application allows multiple sessions. Since a user is signed in and this application only allows a single session, Clerk is redirecting to the `afterSignIn` URL instead.
(This notice only appears in development) @ https://healthy-snipe-46.clerk.accounts.dev/npm/@clerk/clerk-js@5.127.1/dist/ui-common_clerk.browser_9854dd_5.127.1.js:4
[   11750ms] [INFO] 🔒 Clerk:
The <SignIn/> component cannot render when a user is already signed in, unless the application allows multiple sessions. Since a user is signed in and this application only allows a single session, Clerk is redirecting to the `afterSignIn` URL instead.
(This notice only appears in development) @ https://healthy-snipe-46.clerk.accounts.dev/npm/@clerk/clerk-js@5.127.1/dist/ui-common_clerk.browser_9854dd_5.127.1.js:4
[   11772ms] [INFO] 🔒 Clerk:
The <SignIn/> component cannot render when a user is already signed in, unless the application allows multiple sessions. Since a user is signed in and this application only allows a single session, Clerk is redirecting to the `afterSignIn` URL instead.
(This notice only appears in development) @ https://healthy-snipe-46.clerk.accounts.dev/npm/@clerk/clerk-js@5.127.1/dist/ui-common_clerk.browser_9854dd_5.127.1.js:4
[   11792ms] [INFO] 🔒 Clerk:
The <SignIn/> component cannot render when a user is already signed in, unless the application allows multiple sessions. Since a user is signed in and this application only allows a single session, Clerk is redirecting to the `afterSignIn` URL instead.
(This notice only appears in development) @ https://healthy-snipe-46.clerk.accounts.dev/npm/@clerk/clerk-js@5.127.1/dist/ui-common_clerk.browser_9854dd_5.127.1.js:4
[   11814ms] [INFO] 🔒 Clerk:
The <SignIn/> component cannot render when a user is already signed in, unless the application allows multiple sessions. Since a user is signed in and this application only allows a single session, Clerk is redirecting to the `afterSignIn` URL instead.
(This notice only appears in development) @ https://healthy-snipe-46.clerk.accounts.dev/npm/@clerk/clerk-js@5.127.1/dist/ui-common_clerk.browser_9854dd_5.127.1.js:4
[   11826ms] [INFO] 🔒 Clerk:
The <SignIn/> component cannot render when a user is already signed in, unless the application allows multiple sessions. Since a user is signed in and this application only allows a single session, Clerk is redirecting to the `afterSignIn` URL instead.
(This notice only appears in development) @ https://healthy-snipe-46.clerk.accounts.dev/npm/@clerk/clerk-js@5.127.1/dist/ui-common_clerk.browser_9854dd_5.127.1.js:4
[   11840ms] [INFO] 🔒 Clerk:
The <SignIn/> component cannot render when a user is already signed in, unless the application allows multiple sessions. Since a user is signed in and this application only allows a single session, Clerk is redirecting to the `afterSignIn` URL instead.
(This notice only appears in development) @ https://healthy-snipe-46.clerk.accounts.dev/npm/@clerk/clerk-js@5.127.1/dist/ui-common_clerk.browser_9854dd_5.127.1.js:4
[   11856ms] [INFO] 🔒 Clerk:
The <SignIn/> component cannot render when a user is already signed in, unless the application allows multiple sessions. Since a user is signed in and this application only allows a single session, Clerk is redirecting to the `afterSignIn` URL instead.
(This notice only appears in development) @ https://healthy-snipe-46.clerk.accounts.dev/npm/@clerk/clerk-js@5.127.1/dist/ui-common_clerk.browser_9854dd_5.127.1.js:4
[   11869ms] [INFO] 🔒 Clerk:
The <SignIn/> component cannot render when a user is already signed in, unless the application allows multiple sessions. Since a user is signed in and this application only allows a single session, Clerk is redirecting to the `afterSignIn` URL instead.
(This notice only appears in development) @ https://healthy-snipe-46.clerk.accounts.dev/npm/@clerk/clerk-js@5.127.1/dist/ui-common_clerk.browser_9854dd_5.127.1.js:4
[   11884ms] [INFO] 🔒 Clerk:
The <SignIn/> component cannot render when a user is already signed in, unless the application allows multiple sessions. Since a user is signed in and this application only allows a single session, Clerk is redirecting to the `afterSignIn` URL instead.
(This notice only appears in development) @ https://healthy-snipe-46.clerk.accounts.dev/npm/@clerk/clerk-js@5.127.1/dist/ui-common_clerk.browser_9854dd_5.127.1.js:4
[   11895ms] [INFO] 🔒 Clerk:
The <SignIn/> component cannot render when a user is already signed in, unless the application allows multiple sessions. Since a user is signed in and this application only allows a single session, Clerk is redirecting to the `afterSignIn` URL instead.
(This notice only appears in development) @ https://healthy-snipe-46.clerk.accounts.dev/npm/@clerk/clerk-js@5.127.1/dist/ui-common_clerk.browser_9854dd_5.127.1.js:4
[   11908ms] [INFO] 🔒 Clerk:
The <SignIn/> component cannot render when a user is already signed in, unless the application allows multiple sessions. Since a user is signed in and this application only allows a single session, Clerk is redirecting to the `afterSignIn` URL instead.
(This notice only appears in development) @ https://healthy-snipe-46.clerk.accounts.dev/npm/@clerk/clerk-js@5.127.1/dist/ui-common_clerk.browser_9854dd_5.127.1.js:4
[   11925ms] [INFO] 🔒 Clerk:
The <SignIn/> component cannot render when a user is already signed in, unless the application allows multiple sessions. Since a user is signed in and this application only allows a single session, Clerk is redirecting to the `afterSignIn` URL instead.
(This notice only appears in development) @ https://healthy-snipe-46.clerk.accounts.dev/npm/@clerk/clerk-js@5.127.1/dist/ui-common_clerk.browser_9854dd_5.127.1.js:4
[   11940ms] [INFO] 🔒 Clerk:
The <SignIn/> component cannot render when a user is already signed in, unless the application allows multiple sessions. Since a user is signed in and this application only allows a single session, Clerk is redirecting to the `afterSignIn` URL instead.
(This notice only appears in development) @ https://healthy-snipe-46.clerk.accounts.dev/npm/@clerk/clerk-js@5.127.1/dist/ui-common_clerk.browser_9854dd_5.127.1.js:4
[   11956ms] [INFO] 🔒 Clerk:
The <SignIn/> component cannot render when a user is already signed in, unless the application allows multiple sessions. Since a user is signed in and this application only allows a single session, Clerk is redirecting to the `afterSignIn` URL instead.
(This notice only appears in development) @ https://healthy-snipe-46.clerk.accounts.dev/npm/@clerk/clerk-js@5.127.1/dist/ui-common_clerk.browser_9854dd_5.127.1.js:4
[   11970ms] [INFO] 🔒 Clerk:
The <SignIn/> component cannot render when a user is already signed in, unless the application allows multiple sessions. Since a user is signed in and this application only allows a single session, Clerk is redirecting to the `afterSignIn` URL instead.
(This notice only appears in development) @ https://healthy-snipe-46.clerk.accounts.dev/npm/@clerk/clerk-js@5.127.1/dist/ui-common_clerk.browser_9854dd_5.127.1.js:4
[   11981ms] [INFO] 🔒 Clerk:
The <SignIn/> component cannot render when a user is already signed in, unless the application allows multiple sessions. Since a user is signed in and this application only allows a single session, Clerk is redirecting to the `afterSignIn` URL instead.
(This notice only appears in development) @ https://healthy-snipe-46.clerk.accounts.dev/npm/@clerk/clerk-js@5.127.1/dist/ui-common_clerk.browser_9854dd_5.127.1.js:4
[   11994ms] [INFO] 🔒 Clerk:
The <SignIn/> component cannot render when a user is already signed in, unless the application allows multiple sessions. Since a user is signed in and this application only allows a single session, Clerk is redirecting to the `afterSignIn` URL instead.
(This notice only appears in development) @ https://healthy-snipe-46.clerk.accounts.dev/npm/@clerk/clerk-js@5.127.1/dist/ui-common_clerk.browser_9854dd_5.127.1.js:4
[   12008ms] [INFO] 🔒 Clerk:
The <SignIn/> component cannot render when a user is already signed in, unless the application allows multiple sessions. Since a user is signed in and this application only allows a single session, Clerk is redirecting to the `afterSignIn` URL instead.
(This notice only appears in development) @ https://healthy-snipe-46.clerk.accounts.dev/npm/@clerk/clerk-js@5.127.1/dist/ui-common_clerk.browser_9854dd_5.127.1.js:4
[   12025ms] [INFO] 🔒 Clerk:
The <SignIn/> component cannot render when a user is already signed in, unless the application allows multiple sessions. Since a user is signed in and this application only allows a single session, Clerk is redirecting to the `afterSignIn` URL instead.
(This notice only appears in development) @ https://healthy-snipe-46.clerk.accounts.dev/npm/@clerk/clerk-js@5.127.1/dist/ui-common_clerk.browser_9854dd_5.127.1.js:4
[   12040ms] [INFO] 🔒 Clerk:
The <SignIn/> component cannot render when a user is already signed in, unless the application allows multiple sessions. Since a user is signed in and this application only allows a single session, Clerk is redirecting to the `afterSignIn` URL instead.
(This notice only appears in development) @ https://healthy-snipe-46.clerk.accounts.dev/npm/@clerk/clerk-js@5.127.1/dist/ui-common_clerk.browser_9854dd_5.127.1.js:4
[   12056ms] [INFO] 🔒 Clerk:
The <SignIn/> component cannot render when a user is already signed in, unless the application allows multiple sessions. Since a user is signed in and this application only allows a single session, Clerk is redirecting to the `afterSignIn` URL instead.
(This notice only appears in development) @ https://healthy-snipe-46.clerk.accounts.dev/npm/@clerk/clerk-js@5.127.1/dist/ui-common_clerk.browser_9854dd_5.127.1.js:4
[   12070ms] [INFO] 🔒 Clerk:
The <SignIn/> component cannot render when a user is already signed in, unless the application allows multiple sessions. Since a user is signed in and this application only allows a single session, Clerk is redirecting to the `afterSignIn` URL instead.
(This notice only appears in development) @ https://healthy-snipe-46.clerk.accounts.dev/npm/@clerk/clerk-js@5.127.1/dist/ui-common_clerk.browser_9854dd_5.127.1.js:4
[   12086ms] [INFO] 🔒 Clerk:
The <SignIn/> component cannot render when a user is already signed in, unless the application allows multiple sessions. Since a user is signed in and this application only allows a single session, Clerk is redirecting to the `afterSignIn` URL instead.
(This notice only appears in development) @ https://healthy-snipe-46.clerk.accounts.dev/npm/@clerk/clerk-js@5.127.1/dist/ui-common_clerk.browser_9854dd_5.127.1.js:4
[   12100ms] [INFO] 🔒 Clerk:
The <SignIn/> component cannot render when a user is already signed in, unless the application allows multiple sessions. Since a user is signed in and this application only allows a single session, Clerk is redirecting to the `afterSignIn` URL instead.
(This notice only appears in development) @ https://healthy-snipe-46.clerk.accounts.dev/npm/@clerk/clerk-js@5.127.1/dist/ui-common_clerk.browser_9854dd_5.127.1.js:4
[   12113ms] [INFO] 🔒 Clerk:
The <SignIn/> component cannot render when a user is already signed in, unless the application allows multiple sessions. Since a user is signed in and this application only allows a single session, Clerk is redirecting to the `afterSignIn` URL instead.
(This notice only appears in development) @ https://healthy-snipe-46.clerk.accounts.dev/npm/@clerk/clerk-js@5.127.1/dist/ui-common_clerk.browser_9854dd_5.127.1.js:4
[   12128ms] [INFO] 🔒 Clerk:
The <SignIn/> component cannot render when a user is already signed in, unless the application allows multiple sessions. Since a user is signed in and this application only allows a single session, Clerk is redirecting to the `afterSignIn` URL instead.
(This notice only appears in development) @ https://healthy-snipe-46.clerk.accounts.dev/npm/@clerk/clerk-js@5.127.1/dist/ui-common_clerk.browser_9854dd_5.127.1.js:4
[   12142ms] [INFO] 🔒 Clerk:
The <SignIn/> component cannot render when a user is already signed in, unless the application allows multiple sessions. Since a user is signed in and this application only allows a single session, Clerk is redirecting to the `afterSignIn` URL instead.
(This notice only appears in development) @ https://healthy-snipe-46.clerk.accounts.dev/npm/@clerk/clerk-js@5.127.1/dist/ui-common_clerk.browser_9854dd_5.127.1.js:4
[   12157ms] [INFO] 🔒 Clerk:
The <SignIn/> component cannot render when a user is already signed in, unless the application allows multiple sessions. Since a user is signed in and this application only allows a single session, Clerk is redirecting to the `afterSignIn` URL instead.
(This notice only appears in development) @ https://healthy-snipe-46.clerk.accounts.dev/npm/@clerk/clerk-js@5.127.1/dist/ui-common_clerk.browser_9854dd_5.127.1.js:4
[   12172ms] [INFO] 🔒 Clerk:
The <SignIn/> component cannot render when a user is already signed in, unless the application allows multiple sessions. Since a user is signed in and this application only allows a single session, Clerk is redirecting to the `afterSignIn` URL instead.
(This notice only appears in development) @ https://healthy-snipe-46.clerk.accounts.dev/npm/@clerk/clerk-js@5.127.1/dist/ui-common_clerk.browser_9854dd_5.127.1.js:4
[   12186ms] [INFO] 🔒 Clerk:
The <SignIn/> component cannot render when a user is already signed in, unless the application allows multiple sessions. Since a user is signed in and this application only allows a single session, Clerk is redirecting to the `afterSignIn` URL instead.
(This notice only appears in development) @ https://healthy-snipe-46.clerk.accounts.dev/npm/@clerk/clerk-js@5.127.1/dist/ui-common_clerk.browser_9854dd_5.127.1.js:4
[   12200ms] [INFO] 🔒 Clerk:
The <SignIn/> component cannot render when a user is already signed in, unless the application allows multiple sessions. Since a user is signed in and this application only allows a single session, Clerk is redirecting to the `afterSignIn` URL instead.
(This notice only appears in development) @ https://healthy-snipe-46.clerk.accounts.dev/npm/@clerk/clerk-js@5.127.1/dist/ui-common_clerk.browser_9854dd_5.127.1.js:4
[   12214ms] [INFO] 🔒 Clerk:
The <SignIn/> component cannot render when a user is already signed in, unless the application allows multiple sessions. Since a user is signed in and this application only allows a single session, Clerk is redirecting to the `afterSignIn` URL instead.
(This notice only appears in development) @ https://healthy-snipe-46.clerk.accounts.dev/npm/@clerk/clerk-js@5.127.1/dist/ui-common_clerk.browser_9854dd_5.127.1.js:4
[   12228ms] [INFO] 🔒 Clerk:
The <SignIn/> component cannot render when a user is already signed in, unless the application allows multiple sessions. Since a user is signed in and this application only allows a single session, Clerk is redirecting to the `afterSignIn` URL instead.
(This notice only appears in development) @ https://healthy-snipe-46.clerk.accounts.dev/npm/@clerk/clerk-js@5.127.1/dist/ui-common_clerk.browser_9854dd_5.127.1.js:4
[   12241ms] [INFO] 🔒 Clerk:
The <SignIn/> component cannot render when a user is already signed in, unless the application allows multiple sessions. Since a user is signed in and this application only allows a single session, Clerk is redirecting to the `afterSignIn` URL instead.
(This notice only appears in development) @ https://healthy-snipe-46.clerk.accounts.dev/npm/@clerk/clerk-js@5.127.1/dist/ui-common_clerk.browser_9854dd_5.127.1.js:4
[   12254ms] [INFO] 🔒 Clerk:
The <SignIn/> component cannot render when a user is already signed in, unless the application allows multiple sessions. Since a user is signed in and this application only allows a single session, Clerk is redirecting to the `afterSignIn` URL instead.
(This notice only appears in development) @ https://healthy-snipe-46.clerk.accounts.dev/npm/@clerk/clerk-js@5.127.1/dist/ui-common_clerk.browser_9854dd_5.127.1.js:4
[   12269ms] [INFO] 🔒 Clerk:
The <SignIn/> component cannot render when a user is already signed in, unless the application allows multiple sessions. Since a user is signed in and this application only allows a single session, Clerk is redirecting to the `afterSignIn` URL instead.
(This notice only appears in development) @ https://healthy-snipe-46.clerk.accounts.dev/npm/@clerk/clerk-js@5.127.1/dist/ui-common_clerk.browser_9854dd_5.127.1.js:4
[   12285ms] [INFO] 🔒 Clerk:
The <SignIn/> component cannot render when a user is already signed in, unless the application allows multiple sessions. Since a user is signed in and this application only allows a single session, Clerk is redirecting to the `afterSignIn` URL instead.
(This notice only appears in development) @ https://healthy-snipe-46.clerk.accounts.dev/npm/@clerk/clerk-js@5.127.1/dist/ui-common_clerk.browser_9854dd_5.127.1.js:4
[   12299ms] [INFO] 🔒 Clerk:
The <SignIn/> component cannot render when a user is already signed in, unless the application allows multiple sessions. Since a user is signed in and this application only allows a single session, Clerk is redirecting to the `afterSignIn` URL instead.
(This notice only appears in development) @ https://healthy-snipe-46.clerk.accounts.dev/npm/@clerk/clerk-js@5.127.1/dist/ui-common_clerk.browser_9854dd_5.127.1.js:4
[   12310ms] [INFO] 🔒 Clerk:
The <SignIn/> component cannot render when a user is already signed in, unless the application allows multiple sessions. Since a user is signed in and this application only allows a single session, Clerk is redirecting to the `afterSignIn` URL instead.
(This notice only appears in development) @ https://healthy-snipe-46.clerk.accounts.dev/npm/@clerk/clerk-js@5.127.1/dist/ui-common_clerk.browser_9854dd_5.127.1.js:4
[   12324ms] [INFO] 🔒 Clerk:
The <SignIn/> component cannot render when a user is already signed in, unless the application allows multiple sessions. Since a user is signed in and this application only allows a single session, Clerk is redirecting to the `afterSignIn` URL instead.
(This notice only appears in development) @ https://healthy-snipe-46.clerk.accounts.dev/npm/@clerk/clerk-js@5.127.1/dist/ui-common_clerk.browser_9854dd_5.127.1.js:4
[   12338ms] [INFO] 🔒 Clerk:
The <SignIn/> component cannot render when a user is already signed in, unless the application allows multiple sessions. Since a user is signed in and this application only allows a single session, Clerk is redirecting to the `afterSignIn` URL instead.
(This notice only appears in development) @ https://healthy-snipe-46.clerk.accounts.dev/npm/@clerk/clerk-js@5.127.1/dist/ui-common_clerk.browser_9854dd_5.127.1.js:4
[   12351ms] [INFO] 🔒 Clerk:
The <SignIn/> component cannot render when a user is already signed in, unless the application allows multiple sessions. Since a user is signed in and this application only allows a single session, Clerk is redirecting to the `afterSignIn` URL instead.
(This notice only appears in development) @ https://healthy-snipe-46.clerk.accounts.dev/npm/@clerk/clerk-js@5.127.1/dist/ui-common_clerk.browser_9854dd_5.127.1.js:4
[   12361ms] [INFO] 🔒 Clerk:
The <SignIn/> component cannot render when a user is already signed in, unless the application allows multiple sessions. Since a user is signed in and this application only allows a single session, Clerk is redirecting to the `afterSignIn` URL instead.
(This notice only appears in development) @ https://healthy-snipe-46.clerk.accounts.dev/npm/@clerk/clerk-js@5.127.1/dist/ui-common_clerk.browser_9854dd_5.127.1.js:4
[   12375ms] [INFO] 🔒 Clerk:
The <SignIn/> component cannot render when a user is already signed in, unless the application allows multiple sessions. Since a user is signed in and this application only allows a single session, Clerk is redirecting to the `afterSignIn` URL instead.
(This notice only appears in development) @ https://healthy-snipe-46.clerk.accounts.dev/npm/@clerk/clerk-js@5.127.1/dist/ui-common_clerk.browser_9854dd_5.127.1.js:4
[   12389ms] [INFO] 🔒 Clerk:
The <SignIn/> component cannot render when a user is already signed in, unless the application allows multiple sessions. Since a user is signed in and this application only allows a single session, Clerk is redirecting to the `afterSignIn` URL instead.
(This notice only appears in development) @ https://healthy-snipe-46.clerk.accounts.dev/npm/@clerk/clerk-js@5.127.1/dist/ui-common_clerk.browser_9854dd_5.127.1.js:4
[   12404ms] [INFO] 🔒 Clerk:
The <SignIn/> component cannot render when a user is already signed in, unless the application allows multiple sessions. Since a user is signed in and this application only allows a single session, Clerk is redirecting to the `afterSignIn` URL instead.
(This notice only appears in development) @ https://healthy-snipe-46.clerk.accounts.dev/npm/@clerk/clerk-js@5.127.1/dist/ui-common_clerk.browser_9854dd_5.127.1.js:4
[   12418ms] [INFO] 🔒 Clerk:
The <SignIn/> component cannot render when a user is already signed in, unless the application allows multiple sessions. Since a user is signed in and this application only allows a single session, Clerk is redirecting to the `afterSignIn` URL instead.
(This notice only appears in development) @ https://healthy-snipe-46.clerk.accounts.dev/npm/@clerk/clerk-js@5.127.1/dist/ui-common_clerk.browser_9854dd_5.127.1.js:4
[   12431ms] [INFO] 🔒 Clerk:
The <SignIn/> component cannot render when a user is already signed in, unless the application allows multiple sessions. Since a user is signed in and this application only allows a single session, Clerk is redirecting to the `afterSignIn` URL instead.
(This notice only appears in development) @ https://healthy-snipe-46.clerk.accounts.dev/npm/@clerk/clerk-js@5.127.1/dist/ui-common_clerk.browser_9854dd_5.127.1.js:4
[   12442ms] [INFO] 🔒 Clerk:
The <SignIn/> component cannot render when a user is already signed in, unless the application allows multiple sessions. Since a user is signed in and this application only allows a single session, Clerk is redirecting to the `afterSignIn` URL instead.
(This notice only appears in development) @ https://healthy-snipe-46.clerk.accounts.dev/npm/@clerk/clerk-js@5.127.1/dist/ui-common_clerk.browser_9854dd_5.127.1.js:4
[   12457ms] [INFO] 🔒 Clerk:
The <SignIn/> component cannot render when a user is already signed in, unless the application allows multiple sessions. Since a user is signed in and this application only allows a single session, Clerk is redirecting to the `afterSignIn` URL instead.
(This notice only appears in development) @ https://healthy-snipe-46.clerk.accounts.dev/npm/@clerk/clerk-js@5.127.1/dist/ui-common_clerk.browser_9854dd_5.127.1.js:4
[   12472ms] [INFO] 🔒 Clerk:
The <SignIn/> component cannot render when a user is already signed in, unless the application allows multiple sessions. Since a user is signed in and this application only allows a single session, Clerk is redirecting to the `afterSignIn` URL instead.
(This notice only appears in development) @ https://healthy-snipe-46.clerk.accounts.dev/npm/@clerk/clerk-js@5.127.1/dist/ui-common_clerk.browser_9854dd_5.127.1.js:4
[   12487ms] [INFO] 🔒 Clerk:
The <SignIn/> component cannot render when a user is already signed in, unless the application allows multiple sessions. Since a user is signed in and this application only allows a single session, Clerk is redirecting to the `afterSignIn` URL instead.
(This notice only appears in development) @ https://healthy-snipe-46.clerk.accounts.dev/npm/@clerk/clerk-js@5.127.1/dist/ui-common_clerk.browser_9854dd_5.127.1.js:4
[   12497ms] [INFO] 🔒 Clerk:
The <SignIn/> component cannot render when a user is already signed in, unless the application allows multiple sessions. Since a user is signed in and this application only allows a single session, Clerk is redirecting to the `afterSignIn` URL instead.
(This notice only appears in development) @ https://healthy-snipe-46.clerk.accounts.dev/npm/@clerk/clerk-js@5.127.1/dist/ui-common_clerk.browser_9854dd_5.127.1.js:4
[   12509ms] [INFO] 🔒 Clerk:
The <SignIn/> component cannot render when a user is already signed in, unless the application allows multiple sessions. Since a user is signed in and this application only allows a single session, Clerk is redirecting to the `afterSignIn` URL instead.
(This notice only appears in development) @ https://healthy-snipe-46.clerk.accounts.dev/npm/@clerk/clerk-js@5.127.1/dist/ui-common_clerk.browser_9854dd_5.127.1.js:4
[   12525ms] [INFO] 🔒 Clerk:
The <SignIn/> component cannot render when a user is already signed in, unless the application allows multiple sessions. Since a user is signed in and this application only allows a single session, Clerk is redirecting to the `afterSignIn` URL instead.
(This notice only appears in development) @ https://healthy-snipe-46.clerk.accounts.dev/npm/@clerk/clerk-js@5.127.1/dist/ui-common_clerk.browser_9854dd_5.127.1.js:4
[   12540ms] [INFO] 🔒 Clerk:
The <SignIn/> component cannot render when a user is already signed in, unless the application allows multiple sessions. Since a user is signed in and this application only allows a single session, Clerk is redirecting to the `afterSignIn` URL instead.
(This notice only appears in development) @ https://healthy-snipe-46.clerk.accounts.dev/npm/@clerk/clerk-js@5.127.1/dist/ui-common_clerk.browser_9854dd_5.127.1.js:4
[   12557ms] [INFO] 🔒 Clerk:
The <SignIn/> component cannot render when a user is already signed in, unless the application allows multiple sessions. Since a user is signed in and this application only allows a single session, Clerk is redirecting to the `afterSignIn` URL instead.
(This notice only appears in development) @ https://healthy-snipe-46.clerk.accounts.dev/npm/@clerk/clerk-js@5.127.1/dist/ui-common_clerk.browser_9854dd_5.127.1.js:4
[   12571ms] [INFO] 🔒 Clerk:
The <SignIn/> component cannot render when a user is already signed in, unless the application allows multiple sessions. Since a user is signed in and this application only allows a single session, Clerk is redirecting to the `afterSignIn` URL instead.
(This notice only appears in development) @ https://healthy-snipe-46.clerk.accounts.dev/npm/@clerk/clerk-js@5.127.1/dist/ui-common_clerk.browser_9854dd_5.127.1.js:4
[   12583ms] [INFO] 🔒 Clerk:
The <SignIn/> component cannot render when a user is already signed in, unless the application allows multiple sessions. Since a user is signed in and this application only allows a single session, Clerk is redirecting to the `afterSignIn` URL instead.
(This notice only appears in development) @ https://healthy-snipe-46.clerk.accounts.dev/npm/@clerk/clerk-js@5.127.1/dist/ui-common_clerk.browser_9854dd_5.127.1.js:4
[   12596ms] [INFO] 🔒 Clerk:
The <SignIn/> component cannot render when a user is already signed in, unless the application allows multiple sessions. Since a user is signed in and this application only allows a single session, Clerk is redirecting to the `afterSignIn` URL instead.
(This notice only appears in development) @ https://healthy-snipe-46.clerk.accounts.dev/npm/@clerk/clerk-js@5.127.1/dist/ui-common_clerk.browser_9854dd_5.127.1.js:4
[   12609ms] [INFO] 🔒 Clerk:
The <SignIn/> component cannot render when a user is already signed in, unless the application allows multiple sessions. Since a user is signed in and this application only allows a single session, Clerk is redirecting to the `afterSignIn` URL instead.
(This notice only appears in development) @ https://healthy-snipe-46.clerk.accounts.dev/npm/@clerk/clerk-js@5.127.1/dist/ui-common_clerk.browser_9854dd_5.127.1.js:4
[   12625ms] [INFO] 🔒 Clerk:
The <SignIn/> component cannot render when a user is already signed in, unless the application allows multiple sessions. Since a user is signed in and this application only allows a single session, Clerk is redirecting to the `afterSignIn` URL instead.
(This notice only appears in development) @ https://healthy-snipe-46.clerk.accounts.dev/npm/@clerk/clerk-js@5.127.1/dist/ui-common_clerk.browser_9854dd_5.127.1.js:4
[   12641ms] [INFO] 🔒 Clerk:
The <SignIn/> component cannot render when a user is already signed in, unless the application allows multiple sessions. Since a user is signed in and this application only allows a single session, Clerk is redirecting to the `afterSignIn` URL instead.
(This notice only appears in development) @ https://healthy-snipe-46.clerk.accounts.dev/npm/@clerk/clerk-js@5.127.1/dist/ui-common_clerk.browser_9854dd_5.127.1.js:4
[   12658ms] [INFO] 🔒 Clerk:
The <SignIn/> component cannot render when a user is already signed in, unless the application allows multiple sessions. Since a user is signed in and this application only allows a single session, Clerk is redirecting to the `afterSignIn` URL instead.
(This notice only appears in development) @ https://healthy-snipe-46.clerk.accounts.dev/npm/@clerk/clerk-js@5.127.1/dist/ui-common_clerk.browser_9854dd_5.127.1.js:4
[   12671ms] [INFO] 🔒 Clerk:
The <SignIn/> component cannot render when a user is already signed in, unless the application allows multiple sessions. Since a user is signed in and this application only allows a single session, Clerk is redirecting to the `afterSignIn` URL instead.
(This notice only appears in development) @ https://healthy-snipe-46.clerk.accounts.dev/npm/@clerk/clerk-js@5.127.1/dist/ui-common_clerk.browser_9854dd_5.127.1.js:4
[   12686ms] [INFO] 🔒 Clerk:
The <SignIn/> component cannot render when a user is already signed in, unless the application allows multiple sessions. Since a user is signed in and this application only allows a single session, Clerk is redirecting to the `afterSignIn` URL instead.
(This notice only appears in development) @ https://healthy-snipe-46.clerk.accounts.dev/npm/@clerk/clerk-js@5.127.1/dist/ui-common_clerk.browser_9854dd_5.127.1.js:4
[   12699ms] [INFO] 🔒 Clerk:
The <SignIn/> component cannot render when a user is already signed in, unless the application allows multiple sessions. Since a user is signed in and this application only allows a single session, Clerk is redirecting to the `afterSignIn` URL instead.
(This notice only appears in development) @ https://healthy-snipe-46.clerk.accounts.dev/npm/@clerk/clerk-js@5.127.1/dist/ui-common_clerk.browser_9854dd_5.127.1.js:4
[   12714ms] [INFO] 🔒 Clerk:
The <SignIn/> component cannot render when a user is already signed in, unless the application allows multiple sessions. Since a user is signed in and this application only allows a single session, Clerk is redirecting to the `afterSignIn` URL instead.
(This notice only appears in development) @ https://healthy-snipe-46.clerk.accounts.dev/npm/@clerk/clerk-js@5.127.1/dist/ui-common_clerk.browser_9854dd_5.127.1.js:4
[   12730ms] [INFO] 🔒 Clerk:
The <SignIn/> component cannot render when a user is already signed in, unless the application allows multiple sessions. Since a user is signed in and this application only allows a single session, Clerk is redirecting to the `afterSignIn` URL instead.
(This notice only appears in development) @ https://healthy-snipe-46.clerk.accounts.dev/npm/@clerk/clerk-js@5.127.1/dist/ui-common_clerk.browser_9854dd_5.127.1.js:4
[   12741ms] [INFO] 🔒 Clerk:
The <SignIn/> component cannot render when a user is already signed in, unless the application allows multiple sessions. Since a user is signed in and this application only allows a single session, Clerk is redirecting to the `afterSignIn` URL instead.
(This notice only appears in development) @ https://healthy-snipe-46.clerk.accounts.dev/npm/@clerk/clerk-js@5.127.1/dist/ui-common_clerk.browser_9854dd_5.127.1.js:4
[   12756ms] [INFO] 🔒 Clerk:
The <SignIn/> component cannot render when a user is already signed in, unless the application allows multiple sessions. Since a user is signed in and this application only allows a single session, Clerk is redirecting to the `afterSignIn` URL instead.
(This notice only appears in development) @ https://healthy-snipe-46.clerk.accounts.dev/npm/@clerk/clerk-js@5.127.1/dist/ui-common_clerk.browser_9854dd_5.127.1.js:4
[   12770ms] [INFO] 🔒 Clerk:
The <SignIn/> component cannot render when a user is already signed in, unless the application allows multiple sessions. Since a user is signed in and this application only allows a single session, Clerk is redirecting to the `afterSignIn` URL instead.
(This notice only appears in development) @ https://healthy-snipe-46.clerk.accounts.dev/npm/@clerk/clerk-js@5.127.1/dist/ui-common_clerk.browser_9854dd_5.127.1.js:4
[   12784ms] [INFO] 🔒 Clerk:
The <SignIn/> component cannot render when a user is already signed in, unless the application allows multiple sessions. Since a user is signed in and this application only allows a single session, Clerk is redirecting to the `afterSignIn` URL instead.
(This notice only appears in development) @ https://healthy-snipe-46.clerk.accounts.dev/npm/@clerk/clerk-js@5.127.1/dist/ui-common_clerk.browser_9854dd_5.127.1.js:4
[   12795ms] [INFO] 🔒 Clerk:
The <SignIn/> component cannot render when a user is already signed in, unless the application allows multiple sessions. Since a user is signed in and this application only allows a single session, Clerk is redirecting to the `afterSignIn` URL instead.
(This notice only appears in development) @ https://healthy-snipe-46.clerk.accounts.dev/npm/@clerk/clerk-js@5.127.1/dist/ui-common_clerk.browser_9854dd_5.127.1.js:4
[   12813ms] [INFO] 🔒 Clerk:
The <SignIn/> component cannot render when a user is already signed in, unless the application allows multiple sessions. Since a user is signed in and this application only allows a single session, Clerk is redirecting to the `afterSignIn` URL instead.
(This notice only appears in development) @ https://healthy-snipe-46.clerk.accounts.dev/npm/@clerk/clerk-js@5.127.1/dist/ui-common_clerk.browser_9854dd_5.127.1.js:4
[   12827ms] [INFO] 🔒 Clerk:
The <SignIn/> component cannot render when a user is already signed in, unless the application allows multiple sessions. Since a user is signed in and this application only allows a single session, Clerk is redirecting to the `afterSignIn` URL instead.
(This notice only appears in development) @ https://healthy-snipe-46.clerk.accounts.dev/npm/@clerk/clerk-js@5.127.1/dist/ui-common_clerk.browser_9854dd_5.127.1.js:4
[   12841ms] [INFO] 🔒 Clerk:
The <SignIn/> component cannot render when a user is already signed in, unless the application allows multiple sessions. Since a user is signed in and this application only allows a single session, Clerk is redirecting to the `afterSignIn` URL instead.
(This notice only appears in development) @ https://healthy-snipe-46.clerk.accounts.dev/npm/@clerk/clerk-js@5.127.1/dist/ui-common_clerk.browser_9854dd_5.127.1.js:4
[   12856ms] [INFO] 🔒 Clerk:
The <SignIn/> component cannot render when a user is already signed in, unless the application allows multiple sessions. Since a user is signed in and this application only allows a single session, Clerk is redirecting to the `afterSignIn` URL instead.
(This notice only appears in development) @ https://healthy-snipe-46.clerk.accounts.dev/npm/@clerk/clerk-js@5.127.1/dist/ui-common_clerk.browser_9854dd_5.127.1.js:4
[   12870ms] [INFO] 🔒 Clerk:
The <SignIn/> component cannot render when a user is already signed in, unless the application allows multiple sessions. Since a user is signed in and this application only allows a single session, Clerk is redirecting to the `afterSignIn` URL instead.
(This notice only appears in development) @ https://healthy-snipe-46.clerk.accounts.dev/npm/@clerk/clerk-js@5.127.1/dist/ui-common_clerk.browser_9854dd_5.127.1.js:4
[   12882ms] [INFO] 🔒 Clerk:
The <SignIn/> component cannot render when a user is already signed in, unless the application allows multiple sessions. Since a user is signed in and this application only allows a single session, Clerk is redirecting to the `afterSignIn` URL instead.
(This notice only appears in development) @ https://healthy-snipe-46.clerk.accounts.dev/npm/@clerk/clerk-js@5.127.1/dist/ui-common_clerk.browser_9854dd_5.127.1.js:4
[   12897ms] [INFO] 🔒 Clerk:
The <SignIn/> component cannot render when a user is already signed in, unless the application allows multiple sessions. Since a user is signed in and this application only allows a single session, Clerk is redirecting to the `afterSignIn` URL instead.
(This notice only appears in development) @ https://healthy-snipe-46.clerk.accounts.dev/npm/@clerk/clerk-js@5.127.1/dist/ui-common_clerk.browser_9854dd_5.127.1.js:4
[   12918ms] [INFO] 🔒 Clerk:
The <SignIn/> component cannot render when a user is already signed in, unless the application allows multiple sessions. Since a user is signed in and this application only allows a single session, Clerk is redirecting to the `afterSignIn` URL instead.
(This notice only appears in development) @ https://healthy-snipe-46.clerk.accounts.dev/npm/@clerk/clerk-js@5.127.1/dist/ui-common_clerk.browser_9854dd_5.127.1.js:4
[   12929ms] [INFO] 🔒 Clerk:
The <SignIn/> component cannot render when a user is already signed in, unless the application allows multiple sessions. Since a user is signed in and this application only allows a single session, Clerk is redirecting to the `afterSignIn` URL instead.
(This notice only appears in development) @ https://healthy-snipe-46.clerk.accounts.dev/npm/@clerk/clerk-js@5.127.1/dist/ui-common_clerk.browser_9854dd_5.127.1.js:4
[   12943ms] [INFO] 🔒 Clerk:
The <SignIn/> component cannot render when a user is already signed in, unless the application allows multiple sessions. Since a user is signed in and this application only allows a single session, Clerk is redirecting to the `afterSignIn` URL instead.
(This notice only appears in development) @ https://healthy-snipe-46.clerk.accounts.dev/npm/@clerk/clerk-js@5.127.1/dist/ui-common_clerk.browser_9854dd_5.127.1.js:4
[   12958ms] [INFO] 🔒 Clerk:
The <SignIn/> component cannot render when a user is already signed in, unless the application allows multiple sessions. Since a user is signed in and this application only allows a single session, Clerk is redirecting to the `afterSignIn` URL instead.
(This notice only appears in development) @ https://healthy-snipe-46.clerk.accounts.dev/npm/@clerk/clerk-js@5.127.1/dist/ui-common_clerk.browser_9854dd_5.127.1.js:4
[   12976ms] [INFO] 🔒 Clerk:
The <SignIn/> component cannot render when a user is already signed in, unless the application allows multiple sessions. Since a user is signed in and this application only allows a single session, Clerk is redirecting to the `afterSignIn` URL instead.
(This notice only appears in development) @ https://healthy-snipe-46.clerk.accounts.dev/npm/@clerk/clerk-js@5.127.1/dist/ui-common_clerk.browser_9854dd_5.127.1.js:4
